latitude,longitude,bright_ti4,scan,track,acq_date,acq_time,satellite,instrument,confidence,version,bright_ti5,frp,daynight,waktu_tarik_wib,kategori_tingkat
-8.90801,140.9422,319,0.44,0.63,2026-10-03,1526,N,VIIRS,n,2.0NRT,289.31,1.55,N,2026-10-04 05:57:05,Sedang
-8.90143,140.93922,302,0.44,0.63,2026-10-03,1526,N,VIIRS,n,2.0NRT,288.83,0.76,N,2026-10-04 05:57:05,Sedang
-8.89437,140.90213,299.73,0.45,0.63,2026-10-03,1526,N,VIIRS,n,2.0NRT,288.8,0.32,N,2026-10-04 05:57:05,Sedang
-8.87794,140.78415,315.78,0.46,0.63,2026-10-03,1526,N,VIIRS,n,2.0NRT,288.87,1.81,N,2026-10-04 05:57:05,Sedang
-8.86912,140.82245,320.26,0.45,0.63,2026-10-03,1526,N,VIIRS,n,2.0NRT,288.31,1.74,N,2026-10-04 05:57:05,Sedang
-8.86762,140.82539,305.64,0.45,0.63,2026-10-03,1526,N,VIIRS,n,2.0NRT,288,2.22,N,2026-10-04 05:57:05,Sedang
-8.86251,140.8194,316.93,0.45,0.63,2026-10-03,1526,N,VIIRS,n,2.0NRT,288.6,1.74,N,2026-10-04 05:57:05,Sedang
-8.73087,140.7868,302.03,0.46,0.63,2026-10-03,1526,N,VIIRS,n,2.0NRT,289.1,0.51,N,2026-10-04 05:57:05,Sedang
-8.55092,140.88329,303.51,0.45,0.63,2026-10-03,1526,N,VIIRS,n,2.0NRT,289.29,0.72,N,2026-10-04 05:57:05,Sedang
-8.55069,140.87283,315.09,0.46,0.63,2026-10-03,1526,N,VIIRS,n,2.0NRT,289.82,1.38,N,2026-10-04 05:57:05,Sedang
-8.54731,140.47427,317.09,0.48,0.65,2026-10-03,1526,N,VIIRS,n,2.0NRT,289.29,1.99,N,2026-10-04 05:57:05,Sedang
-8.45079,140.97676,301.56,0.45,0.63,2026-10-03,1526,N,VIIRS,n,2.0NRT,289.8,0.85,N,2026-10-04 05:57:05,Sedang
-8.44696,140.99712,312.94,0.45,0.63,2026-10-03,1526,N,VIIRS,n,2.0NRT,289.22,1.28,N,2026-10-04 05:57:05,Sedang
-8.44618,140.99301,306.84,0.45,0.63,2026-10-03,1526,N,VIIRS,n,2.0NRT,289.42,1.28,N,2026-10-04 05:57:05,Sedang
-8.44296,140.99974,310.66,0.45,0.63,2026-10-03,1526,N,VIIRS,n,2.0NRT,289.31,1.55,N,2026-10-04 05:57:05,Sedang
-8.41093,140.41925,309.06,0.49,0.65,2026-10-03,1526,N,VIIRS,n,2.0NRT,288.93,1.2,N,2026-10-04 05:57:05,Sedang
-8.39625,140.34137,309.82,0.5,0.66,2026-10-03,1526,N,VIIRS,n,2.0NRT,288.91,1.28,N,2026-10-04 05:57:05,Sedang
-8.32749,140.5768,308.81,0.48,0.65,2026-10-03,1526,N,VIIRS,n,2.0NRT,289.4,1.17,N,2026-10-04 05:57:05,Sedang
-8.32475,140.32791,301.15,0.5,0.66,2026-10-03,1526,N,VIIRS,n,2.0NRT,289.16,0.9,N,2026-10-04 05:57:05,Sedang
-8.32389,140.32327,304.47,0.5,0.66,2026-10-03,1526,N,VIIRS,n,2.0NRT,289.23,0.9,N,2026-10-04 05:57:05,Sedang
-8.31225,140.52885,303.4,0.48,0.65,2026-10-03,1526,N,VIIRS,n,2.0NRT,289.03,1.07,N,2026-10-04 05:57:05,Sedang
-8.30642,140.4315,319.24,0.49,0.65,2026-10-03,1526,N,VIIRS,n,2.0NRT,289.26,1.96,N,2026-10-04 05:57:05,Sedang
-8.30128,140.40417,303.42,0.49,0.65,2026-10-03,1526,N,VIIRS,n,2.0NRT,289.2,0.82,N,2026-10-04 05:57:05,Sedang
-8.30038,140.43272,301.64,0.49,0.65,2026-10-03,1526,N,VIIRS,n,2.0NRT,288.67,1.96,N,2026-10-04 05:57:05,Sedang
-8.29072,140.88895,319.94,0.46,0.63,2026-10-03,1526,N,VIIRS,n,2.0NRT,289.96,2.64,N,2026-10-04 05:57:05,Sedang
-8.28992,140.88469,310.01,0.46,0.63,2026-10-03,1526,N,VIIRS,n,2.0NRT,289.57,2.61,N,2026-10-04 05:57:05,Sedang
-8.28917,140.43968,347.66,0.49,0.65,2026-10-03,1526,N,VIIRS,n,2.0NRT,290.22,7.82,N,2026-10-04 05:57:05,Sedang
-8.28485,140.89011,314.77,0.46,0.63,2026-10-03,1526,N,VIIRS,n,2.0NRT,289.99,1.65,N,2026-10-04 05:57:05,Sedang
-8.2676,140.45802,304.73,0.49,0.65,2026-10-03,1526,N,VIIRS,n,2.0NRT,288.84,0.7,N,2026-10-04 05:57:05,Sedang
-8.25913,140.18039,300.91,0.51,0.66,2026-10-03,1526,N,VIIRS,n,2.0NRT,288.95,0.36,N,2026-10-04 05:57:05,Sedang
-8.23909,140.44005,302.22,0.49,0.65,2026-10-03,1526,N,VIIRS,n,2.0NRT,289.61,0.78,N,2026-10-04 05:57:05,Sedang
-8.2332,140.71252,310.57,0.47,0.64,2026-10-03,1526,N,VIIRS,n,2.0NRT,289.69,3.03,N,2026-10-04 05:57:05,Sedang
-8.23156,140.70384,367,0.47,0.64,2026-10-03,1526,N,VIIRS,h,2.0NRT,290.35,8.28,N,2026-10-04 05:57:05,Tinggi
-8.22807,140.71799,351.14,0.47,0.64,2026-10-03,1526,N,VIIRS,n,2.0NRT,290.49,24.21,N,2026-10-04 05:57:05,Sedang
-8.20943,140.71721,305.22,0.47,0.64,2026-10-03,1526,N,VIIRS,n,2.0NRT,289.85,1.6,N,2026-10-04 05:57:05,Sedang
-8.20568,140.33215,317.11,0.5,0.66,2026-10-03,1526,N,VIIRS,n,2.0NRT,289.35,3.36,N,2026-10-04 05:57:05,Sedang
-8.20479,140.32753,331.54,0.5,0.66,2026-10-03,1526,N,VIIRS,n,2.0NRT,289.85,3.36,N,2026-10-04 05:57:05,Sedang
-8.19901,140.73848,301.9,0.47,0.64,2026-10-03,1526,N,VIIRS,n,2.0NRT,289.32,0.59,N,2026-10-04 05:57:05,Sedang
-8.17861,140.99086,310.25,0.45,0.63,2026-10-03,1526,N,VIIRS,n,2.0NRT,289.43,1.15,N,2026-10-04 05:57:05,Sedang
-8.12798,140.38847,303.33,0.5,0.66,2026-10-03,1526,N,VIIRS,n,2.0NRT,289.32,0.81,N,2026-10-04 05:57:05,Sedang
-8.12768,140.3846,303.94,0.5,0.66,2026-10-03,1526,N,VIIRS,n,2.0NRT,289.51,0.8,N,2026-10-04 05:57:05,Sedang
-8.10134,140.77548,306.61,0.47,0.64,2026-10-03,1526,N,VIIRS,n,2.0NRT,289.6,1.08,N,2026-10-04 05:57:05,Sedang
-8.0823,139.53169,301.51,0.57,0.69,2026-10-03,1526,N,VIIRS,n,2.0NRT,288.43,0.69,N,2026-10-04 05:57:05,Sedang
-8.07177,140.74965,305.94,0.47,0.64,2026-10-03,1526,N,VIIRS,n,2.0NRT,289.91,1.05,N,2026-10-04 05:57:05,Sedang
-8.03587,140.80215,303.62,0.47,0.64,2026-10-03,1526,N,VIIRS,n,2.0NRT,289.76,1.44,N,2026-10-04 05:57:05,Sedang
-8.01285,139.44606,324.45,0.58,0.69,2026-10-03,1526,N,VIIRS,n,2.0NRT,289.13,5.43,N,2026-10-04 05:57:05,Sedang
-7.93863,140.75511,308.39,0.47,0.64,2026-10-03,1526,N,VIIRS,n,2.0NRT,289.85,1.05,N,2026-10-04 05:57:05,Sedang
-7.93803,140.7186,333.73,0.48,0.64,2026-10-03,1526,N,VIIRS,n,2.0NRT,291.55,5.34,N,2026-10-04 05:57:05,Sedang
-7.93782,140.75072,303.47,0.48,0.64,2026-10-03,1526,N,VIIRS,n,2.0NRT,289.75,1.11,N,2026-10-04 05:57:05,Sedang
-7.93721,140.71416,303.92,0.48,0.65,2026-10-03,1526,N,VIIRS,n,2.0NRT,289.76,3.84,N,2026-10-04 05:57:05,Sedang
-7.89956,140.7444,312.92,0.48,0.64,2026-10-03,1526,N,VIIRS,n,2.0NRT,289.47,12.26,N,2026-10-04 05:57:05,Sedang
-7.89359,140.7455,314.9,0.48,0.64,2026-10-03,1526,N,VIIRS,n,2.0NRT,289.54,12.26,N,2026-10-04 05:57:05,Sedang
-7.89276,140.74113,367,0.48,0.64,2026-10-03,1526,N,VIIRS,h,2.0NRT,293.92,36.06,N,2026-10-04 05:57:05,Tinggi
-7.8911,140.73233,326.64,0.48,0.64,2026-10-03,1526,N,VIIRS,n,2.0NRT,289.69,19.87,N,2026-10-04 05:57:05,Sedang
-7.87875,140.56784,367,0.49,0.65,2026-10-03,1526,N,VIIRS,h,2.0NRT,290.76,16.2,N,2026-10-04 05:57:05,Tinggi
-7.86171,140.58282,302.44,0.49,0.65,2026-10-03,1526,N,VIIRS,n,2.0NRT,289.04,0.74,N,2026-10-04 05:57:05,Sedang
-7.85977,140.56671,302.38,0.49,0.65,2026-10-03,1526,N,VIIRS,n,2.0NRT,289.65,0.28,N,2026-10-04 05:57:05,Sedang
-7.85837,140.56447,304.13,0.49,0.65,2026-10-03,1526,N,VIIRS,n,2.0NRT,289.43,0.82,N,2026-10-04 05:57:05,Sedang
-7.85719,140.58609,312.86,0.49,0.65,2026-10-03,1526,N,VIIRS,n,2.0NRT,289.78,2.5,N,2026-10-04 05:57:05,Sedang
-7.85373,140.56784,302.27,0.49,0.65,2026-10-03,1526,N,VIIRS,n,2.0NRT,289.14,1.03,N,2026-10-04 05:57:05,Sedang
-7.85286,140.56328,303.66,0.49,0.65,2026-10-03,1526,N,VIIRS,n,2.0NRT,289.41,1.67,N,2026-10-04 05:57:05,Sedang
-7.84613,139.44411,301.42,0.58,0.7,2026-10-03,1526,N,VIIRS,n,2.0NRT,287.5,1.57,N,2026-10-04 05:57:05,Sedang
-7.84605,139.44533,302.23,0.58,0.7,2026-10-03,1526,N,VIIRS,n,2.0NRT,288.09,1.43,N,2026-10-04 05:57:05,Sedang
-7.8417,140.60318,311.75,0.49,0.65,2026-10-03,1526,N,VIIRS,n,2.0NRT,289.72,2,N,2026-10-04 05:57:05,Sedang
-7.84093,140.60571,302.6,0.49,0.65,2026-10-03,1526,N,VIIRS,n,2.0NRT,289.4,2.19,N,2026-10-04 05:57:05,Sedang
-7.84078,140.56557,304.06,0.49,0.65,2026-10-03,1526,N,VIIRS,n,2.0NRT,289.58,0.47,N,2026-10-04 05:57:05,Sedang
-7.81932,140.62386,305.16,0.49,0.65,2026-10-03,1526,N,VIIRS,n,2.0NRT,288.68,3.16,N,2026-10-04 05:57:05,Sedang
-7.8173,140.68002,304.94,0.48,0.65,2026-10-03,1526,N,VIIRS,n,2.0NRT,288.69,0.93,N,2026-10-04 05:57:05,Sedang
-7.81246,140.6205,312.04,0.49,0.65,2026-10-03,1526,N,VIIRS,n,2.0NRT,289.4,3.16,N,2026-10-04 05:57:05,Sedang
-7.8113,140.6812,305.44,0.48,0.65,2026-10-03,1526,N,VIIRS,n,2.0NRT,288.77,0.93,N,2026-10-04 05:57:05,Sedang
-7.71523,138.91486,338.6,0.63,0.72,2026-10-03,1526,N,VIIRS,n,2.0NRT,286.3,7.53,N,2026-10-04 05:57:05,Sedang
-7.71329,138.9194,302.37,0.63,0.72,2026-10-03,1526,N,VIIRS,n,2.0NRT,286.14,2.93,N,2026-10-04 05:57:05,Sedang
-7.71216,138.91345,331.3,0.63,0.72,2026-10-03,1526,N,VIIRS,n,2.0NRT,286.11,5.89,N,2026-10-04 05:57:05,Sedang
-7.70997,140.74371,306.14,0.48,0.65,2026-10-03,1526,N,VIIRS,n,2.0NRT,288.55,1.44,N,2026-10-04 05:57:05,Sedang
-7.66359,140.66962,308.47,0.49,0.65,2026-10-03,1526,N,VIIRS,n,2.0NRT,288.77,2.41,N,2026-10-04 05:57:05,Sedang
-7.66231,140.65541,313.67,0.49,0.65,2026-10-03,1526,N,VIIRS,n,2.0NRT,289.2,3.07,N,2026-10-04 05:57:05,Sedang
-7.66146,140.65088,307.33,0.49,0.65,2026-10-03,1526,N,VIIRS,n,2.0NRT,288.71,2.89,N,2026-10-04 05:57:05,Sedang
-7.65112,140.66225,309.57,0.49,0.65,2026-10-03,1526,N,VIIRS,n,2.0NRT,288.83,1.78,N,2026-10-04 05:57:05,Sedang
-7.63737,140.65556,304.92,0.49,0.65,2026-10-03,1526,N,VIIRS,n,2.0NRT,288.7,1.73,N,2026-10-04 05:57:05,Sedang
-7.63539,140.6517,304.04,0.49,0.65,2026-10-03,1526,N,VIIRS,n,2.0NRT,288.72,1.3,N,2026-10-04 05:57:05,Sedang
-7.62613,140.59651,303.43,0.49,0.65,2026-10-03,1526,N,VIIRS,n,2.0NRT,288.34,0.69,N,2026-10-04 05:57:05,Sedang
-7.48072,140.45874,302.03,0.51,0.66,2026-10-03,1526,N,VIIRS,n,2.0NRT,287.54,0.5,N,2026-10-04 05:57:05,Sedang
-7.46864,140.21858,302.4,0.53,0.67,2026-10-03,1526,N,VIIRS,n,2.0NRT,287.82,1.56,N,2026-10-04 05:57:05,Sedang
-7.46776,140.21373,316.48,0.53,0.67,2026-10-03,1526,N,VIIRS,n,2.0NRT,288,1.56,N,2026-10-04 05:57:05,Sedang
-7.46498,140.21342,307.37,0.53,0.67,2026-10-03,1526,N,VIIRS,n,2.0NRT,287.88,2.44,N,2026-10-04 05:57:05,Sedang
-7.46058,140.48677,319.29,0.5,0.66,2026-10-03,1526,N,VIIRS,n,2.0NRT,288.79,1.91,N,2026-10-04 05:57:05,Sedang
-7.4597,140.48206,305.71,0.5,0.66,2026-10-03,1526,N,VIIRS,n,2.0NRT,288.07,1.91,N,2026-10-04 05:57:05,Sedang
-7.45224,140.07796,301.14,0.54,0.68,2026-10-03,1526,N,VIIRS,n,2.0NRT,287.69,1.23,N,2026-10-04 05:57:05,Sedang
-7.44549,140.70842,308.47,0.49,0.65,2026-10-03,1526,N,VIIRS,n,2.0NRT,287.75,1.4,N,2026-10-04 05:57:05,Sedang
-7.4447,140.71069,315.68,0.49,0.65,2026-10-03,1526,N,VIIRS,n,2.0NRT,287.98,2.75,N,2026-10-04 05:57:05,Sedang
-7.4309,140.66431,303.55,0.49,0.65,2026-10-03,1526,N,VIIRS,n,2.0NRT,287.17,1.59,N,2026-10-04 05:57:05,Sedang
-7.4283,140.65054,308.21,0.49,0.65,2026-10-03,1526,N,VIIRS,n,2.0NRT,287.83,1.75,N,2026-10-04 05:57:05,Sedang
-7.42486,140.66545,313.8,0.49,0.65,2026-10-03,1526,N,VIIRS,n,2.0NRT,287.59,1.59,N,2026-10-04 05:57:05,Sedang
-7.42399,140.66086,322.42,0.49,0.65,2026-10-03,1526,N,VIIRS,n,2.0NRT,288.47,1.59,N,2026-10-04 05:57:05,Sedang
-7.42226,140.65172,303.07,0.49,0.65,2026-10-03,1526,N,VIIRS,n,2.0NRT,288.01,1.75,N,2026-10-04 05:57:05,Sedang
-7.42023,140.64487,306.61,0.49,0.65,2026-10-03,1526,N,VIIRS,n,2.0NRT,287.68,1.24,N,2026-10-04 05:57:05,Sedang
-7.41377,140.71208,302.17,0.49,0.65,2026-10-03,1526,N,VIIRS,n,2.0NRT,288.08,0.97,N,2026-10-04 05:57:05,Sedang
-7.39528,140.78072,300.61,0.48,0.65,2026-10-03,1526,N,VIIRS,n,2.0NRT,286.96,1.23,N,2026-10-04 05:57:05,Sedang
-7.35307,140.45079,303.09,0.51,0.66,2026-10-03,1526,N,VIIRS,n,2.0NRT,288.38,0.69,N,2026-10-04 05:57:05,Sedang
-7.34608,139.41246,316.08,0.6,0.7,2026-10-03,1526,N,VIIRS,n,2.0NRT,285.11,1.8,N,2026-10-04 05:57:05,Sedang
-7.34304,140.76753,297.32,0.49,0.65,2026-10-03,1526,N,VIIRS,n,2.0NRT,286.38,0.6,N,2026-10-04 05:57:05,Sedang
-7.32598,140.50969,306.94,0.5,0.66,2026-10-03,1526,N,VIIRS,n,2.0NRT,288.35,1.15,N,2026-10-04 05:57:05,Sedang
-7.31303,140.67497,300.56,0.49,0.65,2026-10-03,1526,N,VIIRS,n,2.0NRT,287.08,2.69,N,2026-10-04 05:57:05,Sedang
-7.30598,140.70618,348.47,0.49,0.65,2026-10-03,1526,N,VIIRS,n,2.0NRT,288.08,9.05,N,2026-10-04 05:57:05,Sedang
-7.30515,140.70161,335.87,0.49,0.65,2026-10-03,1526,N,VIIRS,n,2.0NRT,286.98,6.67,N,2026-10-04 05:57:05,Sedang
-7.30431,140.69701,311.71,0.49,0.65,2026-10-03,1526,N,VIIRS,n,2.0NRT,287.03,6.67,N,2026-10-04 05:57:05,Sedang
-7.30033,140.64105,301.98,0.5,0.65,2026-10-03,1526,N,VIIRS,n,2.0NRT,287.51,1.09,N,2026-10-04 05:57:05,Sedang
-7.29993,140.70728,331.81,0.49,0.65,2026-10-03,1526,N,VIIRS,n,2.0NRT,287.35,6.2,N,2026-10-04 05:57:05,Sedang
-7.28115,140.67323,300.3,0.49,0.65,2026-10-03,1526,N,VIIRS,n,2.0NRT,286.88,1.75,N,2026-10-04 05:57:05,Sedang
-7.27962,140.63089,306.36,0.5,0.66,2026-10-03,1526,N,VIIRS,n,2.0NRT,287.97,1.2,N,2026-10-04 05:57:05,Sedang
-7.27425,140.66988,326.37,0.49,0.65,2026-10-03,1526,N,VIIRS,n,2.0NRT,286.94,2.21,N,2026-10-04 05:57:05,Sedang
-7.13201,140.99411,307.26,0.47,0.64,2026-10-03,1526,N,VIIRS,n,2.0NRT,288.28,1.59,N,2026-10-04 05:57:05,Sedang
-6.90745,140.93565,310.32,0.48,0.65,2026-10-03,1526,N,VIIRS,n,2.0NRT,287.72,1.22,N,2026-10-04 05:57:05,Sedang
-6.88005,140.7166,304.12,0.5,0.66,2026-10-03,1526,N,VIIRS,n,2.0NRT,287.47,1.04,N,2026-10-04 05:57:05,Sedang
-6.83739,140.9003,314.1,0.49,0.65,2026-10-03,1526,N,VIIRS,n,2.0NRT,287.4,1.97,N,2026-10-04 05:57:05,Sedang
-6.83233,140.89894,341.89,0.49,0.65,2026-10-03,1526,N,VIIRS,n,2.0NRT,288.03,6.03,N,2026-10-04 05:57:05,Sedang
-6.8242,140.93063,307.12,0.48,0.65,2026-10-03,1526,N,VIIRS,n,2.0NRT,287.23,0.92,N,2026-10-04 05:57:05,Sedang
-6.78666,140.82663,307.31,0.49,0.65,2026-10-03,1526,N,VIIRS,n,2.0NRT,287.17,1.02,N,2026-10-04 05:57:05,Sedang
-6.78571,140.924,303.51,0.48,0.65,2026-10-03,1526,N,VIIRS,n,2.0NRT,287.37,1.01,N,2026-10-04 05:57:05,Sedang
-6.78016,139.51807,301.65,0.6,0.71,2026-10-03,1526,N,VIIRS,n,2.0NRT,284.71,1.7,N,2026-10-04 05:57:05,Sedang
-6.77361,139.5193,301.73,0.6,0.71,2026-10-03,1526,N,VIIRS,n,2.0NRT,286.59,3.26,N,2026-10-04 05:57:05,Sedang
-6.70574,140.76024,309.03,0.5,0.66,2026-10-03,1526,N,VIIRS,n,2.0NRT,287.82,1.57,N,2026-10-04 05:57:05,Sedang
-6.68251,140.73607,303.16,0.5,0.66,2026-10-03,1526,N,VIIRS,n,2.0NRT,287.28,1.04,N,2026-10-04 05:57:05,Sedang
-6.6654,139.7625,301.08,0.58,0.7,2026-10-03,1526,N,VIIRS,n,2.0NRT,286.73,2.43,N,2026-10-04 05:57:05,Sedang
-6.53457,140.99828,312.6,0.48,0.65,2026-10-03,1526,N,VIIRS,n,2.0NRT,287.98,2.2,N,2026-10-04 05:57:05,Sedang
-6.39866,140.87238,302.58,0.5,0.65,2026-10-03,1526,N,VIIRS,n,2.0NRT,287.71,0.93,N,2026-10-04 05:57:05,Sedang
-7.49815,139.11014,301.45,0.63,0.72,2026-10-03,1705,N,VIIRS,n,2.0NRT,285.49,1.09,N,2026-10-04 05:57:05,Sedang
-7.4764,139.173,301.34,0.64,0.72,2026-10-03,1705,N,VIIRS,n,2.0NRT,285.21,1.2,N,2026-10-04 05:57:05,Sedang
-7.47219,139.17415,305.78,0.64,0.72,2026-10-03,1705,N,VIIRS,n,2.0NRT,285.39,1.37,N,2026-10-04 05:57:05,Sedang
-7.46239,139.12048,307.26,0.63,0.72,2026-10-03,1705,N,VIIRS,n,2.0NRT,285.43,3.24,N,2026-10-04 05:57:05,Sedang
-7.46158,139.11453,318.3,0.63,0.72,2026-10-03,1705,N,VIIRS,n,2.0NRT,285.5,4.87,N,2026-10-04 05:57:05,Sedang
-7.45485,139.11545,316.65,0.63,0.72,2026-10-03,1705,N,VIIRS,n,2.0NRT,285.48,3.69,N,2026-10-04 05:57:05,Sedang
-6.79371,140.19165,303.15,0.73,0.76,2026-10-03,1705,N,VIIRS,n,2.0NRT,285.19,1.41,N,2026-10-04 05:57:05,Sedang
-6.62137,140.69696,298.2,0.79,0.78,2026-10-03,1705,N,VIIRS,n,2.0NRT,280.38,1.52,N,2026-10-04 05:57:05,Sedang
-6.57159,134.10072,302.72,0.56,0.52,2026-10-03,1705,N,VIIRS,n,2.0NRT,290.31,1.21,N,2026-10-04 05:57:05,Sedang
-6.562,134.10211,304.89,0.56,0.52,2026-10-03,1705,N,VIIRS,n,2.0NRT,290.73,1.38,N,2026-10-04 05:57:05,Sedang
-4.8763,122.15509,305.63,0.57,0.43,2026-10-03,1705,N,VIIRS,n,2.0NRT,280.91,1.53,N,2026-10-04 05:57:05,Sedang
-4.57042,119.70029,307.26,0.56,0.51,2026-10-03,1705,N,VIIRS,n,2.0NRT,293.17,1.58,N,2026-10-04 05:57:05,Sedang
-4.50599,121.76585,300.32,0.41,0.45,2026-10-03,1705,N,VIIRS,n,2.0NRT,273.33,0.61,N,2026-10-04 05:57:05,Sedang
-4.48159,121.84944,302.49,0.4,0.44,2026-10-03,1705,N,VIIRS,n,2.0NRT,273.29,0.51,N,2026-10-04 05:57:05,Sedang
-4.37615,122.49873,306.74,0.55,0.43,2026-10-03,1705,N,VIIRS,n,2.0NRT,282.32,1.44,N,2026-10-04 05:57:05,Sedang
-3.90229,122.41789,303.2,0.57,0.43,2026-10-03,1705,N,VIIRS,n,2.0NRT,275.28,1.82,N,2026-10-04 05:57:05,Sedang
-3.87657,119.64773,299.85,0.57,0.52,2026-10-03,1705,N,VIIRS,n,2.0NRT,283.75,0.48,N,2026-10-04 05:57:05,Sedang
-3.87176,122.40704,296.63,0.57,0.43,2026-10-03,1705,N,VIIRS,n,2.0NRT,270.03,0.9,N,2026-10-04 05:57:05,Sedang
-3.8709,122.40189,305.1,0.57,0.43,2026-10-03,1705,N,VIIRS,n,2.0NRT,269.44,1.19,N,2026-10-04 05:57:05,Sedang
-3.8079,116.11217,301.83,0.5,0.66,2026-10-03,1705,N,VIIRS,n,2.0NRT,283.34,0.69,N,2026-10-04 05:57:05,Sedang
-3.76894,116.13939,302.99,0.5,0.66,2026-10-03,1705,N,VIIRS,n,2.0NRT,286.61,0.65,N,2026-10-04 05:57:05,Sedang
-3.76817,116.13481,300.8,0.5,0.66,2026-10-03,1705,N,VIIRS,n,2.0NRT,286.64,0.65,N,2026-10-04 05:57:05,Sedang
-3.7621,116.13597,324.55,0.5,0.66,2026-10-03,1705,N,VIIRS,n,2.0NRT,287.96,2.7,N,2026-10-04 05:57:05,Sedang
-3.76165,116.1347,320.65,0.5,0.66,2026-10-03,1705,N,VIIRS,n,2.0NRT,287.64,3.49,N,2026-10-04 05:57:05,Sedang
-3.70773,134.27058,303.91,0.53,0.5,2026-10-03,1705,N,VIIRS,n,2.0NRT,291.71,0.85,N,2026-10-04 05:57:05,Sedang
-3.69932,134.30971,302.38,0.53,0.5,2026-10-03,1705,N,VIIRS,n,2.0NRT,290.86,1.75,N,2026-10-04 05:57:05,Sedang
-3.69473,134.31088,310.58,0.53,0.5,2026-10-03,1705,N,VIIRS,n,2.0NRT,291.88,1.75,N,2026-10-04 05:57:05,Sedang
-3.69351,134.30264,308.89,0.53,0.5,2026-10-03,1705,N,VIIRS,n,2.0NRT,292.99,2.73,N,2026-10-04 05:57:05,Sedang
-3.6385,134.02594,302.38,0.51,0.49,2026-10-03,1705,N,VIIRS,n,2.0NRT,292.13,1.03,N,2026-10-04 05:57:05,Sedang
-3.63614,126.39947,305.66,0.39,0.36,2026-10-03,1705,N,VIIRS,n,2.0NRT,287.74,0.88,N,2026-10-04 05:57:05,Sedang
-3.6328,126.40004,306.22,0.39,0.36,2026-10-03,1705,N,VIIRS,n,2.0NRT,287.46,0.88,N,2026-10-04 05:57:05,Sedang
-3.62836,126.41542,308,0.39,0.36,2026-10-03,1705,N,VIIRS,n,2.0NRT,281.65,0.98,N,2026-10-04 05:57:05,Sedang
-3.62224,115.61816,326.77,0.54,0.68,2026-10-03,1705,N,VIIRS,n,2.0NRT,278,3.04,N,2026-10-04 05:57:05,Sedang
-3.61662,126.38462,312.81,0.39,0.36,2026-10-03,1705,N,VIIRS,n,2.0NRT,289.02,1.48,N,2026-10-04 05:57:05,Sedang
-3.61195,114.98808,310.1,0.6,0.7,2026-10-03,1705,N,VIIRS,n,2.0NRT,286.98,1.59,N,2026-10-04 05:57:05,Sedang
-3.60711,126.88292,333.75,0.39,0.36,2026-10-03,1705,N,VIIRS,n,2.0NRT,287.64,3.99,N,2026-10-04 05:57:05,Sedang
-3.60483,126.8831,333.68,0.39,0.36,2026-10-03,1705,N,VIIRS,n,2.0NRT,288.06,2.95,N,2026-10-04 05:57:05,Sedang
-3.60371,126.89752,316.91,0.39,0.36,2026-10-03,1705,N,VIIRS,n,2.0NRT,287.27,1.56,N,2026-10-04 05:57:05,Sedang
-3.60316,126.89406,308.34,0.39,0.36,2026-10-03,1705,N,VIIRS,n,2.0NRT,287.75,1.31,N,2026-10-04 05:57:05,Sedang
-3.59876,126.86635,308.47,0.39,0.36,2026-10-03,1705,N,VIIRS,n,2.0NRT,284.82,0.99,N,2026-10-04 05:57:05,Sedang
-3.5979,115.09205,306.85,0.59,0.7,2026-10-03,1705,N,VIIRS,n,2.0NRT,285.89,1.31,N,2026-10-04 05:57:05,Sedang
-3.59437,126.80313,321.98,0.39,0.36,2026-10-03,1705,N,VIIRS,n,2.0NRT,276.54,1.9,N,2026-10-04 05:57:05,Sedang
-3.59427,126.9025,315.71,0.39,0.36,2026-10-03,1705,N,VIIRS,n,2.0NRT,286.66,1,N,2026-10-04 05:57:05,Sedang
-3.59272,126.79275,301.7,0.39,0.36,2026-10-03,1705,N,VIIRS,n,2.0NRT,277.02,2.2,N,2026-10-04 05:57:05,Sedang
-3.59262,126.89211,305.89,0.39,0.36,2026-10-03,1705,N,VIIRS,n,2.0NRT,287.36,0.74,N,2026-10-04 05:57:05,Sedang
-3.58877,126.86788,303.74,0.39,0.36,2026-10-03,1705,N,VIIRS,n,2.0NRT,284.38,0.53,N,2026-10-04 05:57:05,Sedang
-3.58386,126.79395,298.73,0.39,0.36,2026-10-03,1705,N,VIIRS,n,2.0NRT,278.45,0.71,N,2026-10-04 05:57:05,Sedang
-3.56603,126.85359,297.16,0.39,0.36,2026-10-03,1705,N,VIIRS,n,2.0NRT,279.64,0.39,N,2026-10-04 05:57:05,Sedang
-3.54969,133.10281,314.05,0.44,0.46,2026-10-03,1705,N,VIIRS,n,2.0NRT,293.89,2.08,N,2026-10-04 05:57:05,Sedang
-3.54848,133.09488,314.48,0.44,0.46,2026-10-03,1705,N,VIIRS,n,2.0NRT,294,1.98,N,2026-10-04 05:57:05,Sedang
-3.54497,126.8285,315.66,0.39,0.36,2026-10-03,1705,N,VIIRS,n,2.0NRT,278.78,1.22,N,2026-10-04 05:57:05,Sedang
-3.54211,126.91772,310.7,0.39,0.36,2026-10-03,1705,N,VIIRS,n,2.0NRT,286.96,1.3,N,2026-10-04 05:57:05,Sedang
-3.53842,126.30375,295.4,0.39,0.36,2026-10-03,1705,N,VIIRS,n,2.0NRT,282.89,0.5,N,2026-10-04 05:57:05,Sedang
-3.53464,126.36585,314.86,0.39,0.36,2026-10-03,1705,N,VIIRS,n,2.0NRT,289.03,0.83,N,2026-10-04 05:57:05,Sedang
-3.53451,126.30078,303.18,0.39,0.36,2026-10-03,1705,N,VIIRS,n,2.0NRT,284.99,0.5,N,2026-10-04 05:57:05,Sedang
-3.53268,126.92277,333.25,0.39,0.36,2026-10-03,1705,N,VIIRS,n,2.0NRT,290.02,3.77,N,2026-10-04 05:57:05,Sedang
-3.53263,126.24622,308.92,0.39,0.36,2026-10-03,1705,N,VIIRS,n,2.0NRT,289.91,0.81,N,2026-10-04 05:57:05,Sedang
-3.53206,126.24266,306.53,0.39,0.36,2026-10-03,1705,N,VIIRS,n,2.0NRT,290.08,0.81,N,2026-10-04 05:57:05,Sedang
-3.53128,130.80194,307.77,0.48,0.4,2026-10-03,1705,N,VIIRS,n,2.0NRT,293.79,2.53,N,2026-10-04 05:57:05,Sedang
-3.5299,126.92674,341.45,0.39,0.36,2026-10-03,1705,N,VIIRS,n,2.0NRT,288.95,14.69,N,2026-10-04 05:57:05,Sedang
-3.52875,126.26495,305.89,0.39,0.36,2026-10-03,1705,N,VIIRS,n,2.0NRT,289.33,1,N,2026-10-04 05:57:05,Sedang
-3.52466,126.36774,303.72,0.39,0.36,2026-10-03,1705,N,VIIRS,n,2.0NRT,286.63,0.69,N,2026-10-04 05:57:05,Sedang
-3.52324,126.9278,309.79,0.39,0.36,2026-10-03,1705,N,VIIRS,n,2.0NRT,286.66,6.85,N,2026-10-04 05:57:05,Sedang
-3.52269,126.92432,324.35,0.39,0.36,2026-10-03,1705,N,VIIRS,n,2.0NRT,291.28,6.85,N,2026-10-04 05:57:05,Sedang
-3.52225,126.31009,299.75,0.39,0.36,2026-10-03,1705,N,VIIRS,n,2.0NRT,282.4,0.63,N,2026-10-04 05:57:05,Sedang
-3.52204,126.26606,305.87,0.39,0.36,2026-10-03,1705,N,VIIRS,n,2.0NRT,289.43,1.2,N,2026-10-04 05:57:05,Sedang
-3.5204,133.11134,305.36,0.44,0.46,2026-10-03,1705,N,VIIRS,n,2.0NRT,293.49,1.47,N,2026-10-04 05:57:05,Sedang
-3.51669,126.31823,302.26,0.39,0.36,2026-10-03,1705,N,VIIRS,n,2.0NRT,284.01,0.4,N,2026-10-04 05:57:05,Sedang
-3.51493,126.91846,325.11,0.39,0.36,2026-10-03,1705,N,VIIRS,n,2.0NRT,286.95,8.12,N,2026-10-04 05:57:05,Sedang
-3.50958,126.34811,302.61,0.39,0.36,2026-10-03,1705,N,VIIRS,n,2.0NRT,287.76,1.5,N,2026-10-04 05:57:05,Sedang
-3.50182,126.91756,308.34,0.39,0.36,2026-10-03,1705,N,VIIRS,n,2.0NRT,285.96,2.56,N,2026-10-04 05:57:05,Sedang
-3.49896,126.34605,308.22,0.39,0.36,2026-10-03,1705,N,VIIRS,n,2.0NRT,288.11,0.87,N,2026-10-04 05:57:05,Sedang
-3.49839,126.34251,306.63,0.39,0.36,2026-10-03,1705,N,VIIRS,n,2.0NRT,288.94,0.87,N,2026-10-04 05:57:05,Sedang
-3.49616,115.61964,304.95,0.54,0.68,2026-10-03,1705,N,VIIRS,n,2.0NRT,286.17,1.69,N,2026-10-04 05:57:05,Sedang
-3.49555,126.30293,299.01,0.39,0.36,2026-10-03,1705,N,VIIRS,n,2.0NRT,285.8,0.58,N,2026-10-04 05:57:05,Sedang
-3.49448,126.3395,312.16,0.39,0.36,2026-10-03,1705,N,VIIRS,n,2.0NRT,289.56,2.45,N,2026-10-04 05:57:05,Sedang
-3.49226,126.34715,320.34,0.39,0.36,2026-10-03,1705,N,VIIRS,n,2.0NRT,290.21,1.62,N,2026-10-04 05:57:05,Sedang
-3.48983,115.62065,313.88,0.54,0.68,2026-10-03,1705,N,VIIRS,n,2.0NRT,285.62,1.85,N,2026-10-04 05:57:05,Sedang
-3.48939,130.75082,303.96,0.48,0.4,2026-10-03,1705,N,VIIRS,n,2.0NRT,292.18,1.17,N,2026-10-04 05:57:05,Sedang
-3.48753,133.71938,320.62,0.48,0.48,2026-10-03,1705,N,VIIRS,n,2.0NRT,293.55,3.16,N,2026-10-04 05:57:05,Sedang
-3.48249,133.71629,306.19,0.48,0.48,2026-10-03,1705,N,VIIRS,n,2.0NRT,293.13,2.24,N,2026-10-04 05:57:05,Sedang
-3.47803,133.42458,303.8,0.46,0.47,2026-10-03,1705,N,VIIRS,n,2.0NRT,293.24,1.19,N,2026-10-04 05:57:05,Sedang
-3.46692,126.25272,300.95,0.39,0.36,2026-10-03,1705,N,VIIRS,n,2.0NRT,287.31,0.28,N,2026-10-04 05:57:05,Sedang
-3.46583,126.22437,304.12,0.39,0.36,2026-10-03,1705,N,VIIRS,n,2.0NRT,287.29,0.76,N,2026-10-04 05:57:05,Sedang
-3.46248,126.22493,303.77,0.39,0.36,2026-10-03,1705,N,VIIRS,n,2.0NRT,287.47,0.76,N,2026-10-04 05:57:05,Sedang
-3.46078,126.23582,308.52,0.39,0.36,2026-10-03,1705,N,VIIRS,n,2.0NRT,286.76,2.21,N,2026-10-04 05:57:05,Sedang
-3.46022,126.23236,329.36,0.39,0.36,2026-10-03,1705,N,VIIRS,n,2.0NRT,288.51,2.21,N,2026-10-04 05:57:05,Sedang
-3.46003,115.06606,305.76,0.59,0.7,2026-10-03,1705,N,VIIRS,n,2.0NRT,284.29,0.86,N,2026-10-04 05:57:05,Sedang
-3.45756,133.73172,310.69,0.48,0.48,2026-10-03,1705,N,VIIRS,n,2.0NRT,293.29,1.82,N,2026-10-04 05:57:05,Sedang
-3.45574,133.01987,303.8,0.43,0.46,2026-10-03,1705,N,VIIRS,n,2.0NRT,293.57,2.49,N,2026-10-04 05:57:05,Sedang
-3.45404,126.23673,301.71,0.39,0.36,2026-10-03,1705,N,VIIRS,n,2.0NRT,285.73,0.88,N,2026-10-04 05:57:05,Sedang
-3.45348,126.23326,316.91,0.39,0.36,2026-10-03,1705,N,VIIRS,n,2.0NRT,287.12,0.88,N,2026-10-04 05:57:05,Sedang
-3.45299,133.73161,310.34,0.48,0.48,2026-10-03,1705,N,VIIRS,n,2.0NRT,293.1,1.63,N,2026-10-04 05:57:05,Sedang
-3.45293,132.86244,311.42,0.42,0.45,2026-10-03,1705,N,VIIRS,n,2.0NRT,293.72,1.96,N,2026-10-04 05:57:05,Sedang
-3.45257,115.90617,324.01,0.52,0.67,2026-10-03,1705,N,VIIRS,n,2.0NRT,283.38,2.88,N,2026-10-04 05:57:05,Sedang
-3.4515,133.02052,308.13,0.43,0.46,2026-10-03,1705,N,VIIRS,n,2.0NRT,293.67,1.36,N,2026-10-04 05:57:05,Sedang
-3.44786,133.02507,303.9,0.43,0.46,2026-10-03,1705,N,VIIRS,n,2.0NRT,293.72,1.36,N,2026-10-04 05:57:05,Sedang
-3.44422,133.02962,309.81,0.43,0.46,2026-10-03,1705,N,VIIRS,n,2.0NRT,293.61,1.23,N,2026-10-04 05:57:05,Sedang
-3.44302,133.0218,315.15,0.43,0.46,2026-10-03,1705,N,VIIRS,n,2.0NRT,293.99,2.18,N,2026-10-04 05:57:05,Sedang
-3.44118,133.03807,305.75,0.43,0.46,2026-10-03,1705,N,VIIRS,n,2.0NRT,293.75,1.59,N,2026-10-04 05:57:05,Sedang
-3.44017,115.90836,301.06,0.52,0.67,2026-10-03,1705,N,VIIRS,n,2.0NRT,284.81,2.67,N,2026-10-04 05:57:05,Sedang
-3.43836,133.72523,304.37,0.48,0.48,2026-10-03,1705,N,VIIRS,n,2.0NRT,293.44,1.93,N,2026-10-04 05:57:05,Sedang
-3.4379,133.7222,306.8,0.48,0.48,2026-10-03,1705,N,VIIRS,n,2.0NRT,293.96,1.84,N,2026-10-04 05:57:05,Sedang
-3.43455,133.02312,308.66,0.43,0.46,2026-10-03,1705,N,VIIRS,n,2.0NRT,293.92,1.62,N,2026-10-04 05:57:05,Sedang
-3.43383,133.72533,315.68,0.48,0.48,2026-10-03,1705,N,VIIRS,n,2.0NRT,293.87,2.21,N,2026-10-04 05:57:05,Sedang
-3.43334,133.72214,338.55,0.48,0.48,2026-10-03,1705,N,VIIRS,n,2.0NRT,295.44,6.85,N,2026-10-04 05:57:05,Sedang
-3.43284,127.12714,301.15,0.38,0.36,2026-10-03,1705,N,VIIRS,n,2.0NRT,286.32,0.55,N,2026-10-04 05:57:05,Sedang
-3.42318,133.7151,311.15,0.48,0.48,2026-10-03,1705,N,VIIRS,n,2.0NRT,293.04,2.24,N,2026-10-04 05:57:05,Sedang
-3.4091,133.71208,314.65,0.48,0.48,2026-10-03,1705,N,VIIRS,n,2.0NRT,293.61,2.61,N,2026-10-04 05:57:05,Sedang
-3.3953,126.91303,311.57,0.39,0.36,2026-10-03,1705,N,VIIRS,n,2.0NRT,286.6,1.07,N,2026-10-04 05:57:05,Sedang
-3.39305,126.91323,299.59,0.39,0.36,2026-10-03,1705,N,VIIRS,n,2.0NRT,286.22,0.22,N,2026-10-04 05:57:05,Sedang
-3.38876,134.84242,306.08,0.57,0.52,2026-10-03,1705,N,VIIRS,n,2.0NRT,292.48,0.75,N,2026-10-04 05:57:05,Sedang
-3.38787,133.02988,306.41,0.43,0.46,2026-10-03,1705,N,VIIRS,n,2.0NRT,293.57,1.24,N,2026-10-04 05:57:05,Sedang
-3.38364,133.03056,308.59,0.43,0.46,2026-10-03,1705,N,VIIRS,n,2.0NRT,293.9,1.31,N,2026-10-04 05:57:05,Sedang
-3.37889,113.90681,311.3,0.71,0.75,2026-10-03,1705,N,VIIRS,n,2.0NRT,288.24,1.64,N,2026-10-04 05:57:05,Sedang
-3.37427,113.90633,315.79,0.71,0.75,2026-10-03,1705,N,VIIRS,n,2.0NRT,287.52,2.9,N,2026-10-04 05:57:05,Sedang
-3.37224,134.86317,302.29,0.57,0.52,2026-10-03,1705,N,VIIRS,n,2.0NRT,291.77,1.21,N,2026-10-04 05:57:05,Sedang
-3.36756,133.90308,312.15,0.49,0.49,2026-10-03,1705,N,VIIRS,n,2.0NRT,291.11,2.64,N,2026-10-04 05:57:05,Sedang
-3.36665,134.04871,316.5,0.5,0.49,2026-10-03,1705,N,VIIRS,n,2.0NRT,290.96,2.32,N,2026-10-04 05:57:05,Sedang
-3.36301,133.90337,340.62,0.49,0.49,2026-10-03,1705,N,VIIRS,n,2.0NRT,293.8,4.29,N,2026-10-04 05:57:05,Sedang
-3.36212,134.04944,303.87,0.5,0.49,2026-10-03,1705,N,VIIRS,n,2.0NRT,290.8,2.32,N,2026-10-04 05:57:05,Sedang
-3.35705,133.89445,301.51,0.49,0.49,2026-10-03,1705,N,VIIRS,n,2.0NRT,290.56,4.84,N,2026-10-04 05:57:05,Sedang
-3.35613,126.70252,295.89,0.39,0.36,2026-10-03,1705,N,VIIRS,n,2.0NRT,270.06,0.77,N,2026-10-04 05:57:05,Sedang
-3.35329,133.89996,326.43,0.49,0.49,2026-10-03,1705,N,VIIRS,n,2.0NRT,293.98,2.11,N,2026-10-04 05:57:05,Sedang
-3.35279,126.70303,315.73,0.39,0.36,2026-10-03,1705,N,VIIRS,n,2.0NRT,270.45,1.92,N,2026-10-04 05:57:05,Sedang
-3.35167,133.88934,311.01,0.49,0.49,2026-10-03,1705,N,VIIRS,n,2.0NRT,291.7,3.21,N,2026-10-04 05:57:05,Sedang
-3.3478,126.69303,304.46,0.39,0.36,2026-10-03,1705,N,VIIRS,n,2.0NRT,267.59,1.01,N,2026-10-04 05:57:05,Sedang
-3.34446,126.69353,299.66,0.39,0.36,2026-10-03,1705,N,VIIRS,n,2.0NRT,266.73,0.63,N,2026-10-04 05:57:05,Sedang
-3.34279,126.68296,312.03,0.39,0.36,2026-10-03,1705,N,VIIRS,n,2.0NRT,265.84,1.1,N,2026-10-04 05:57:05,Sedang
-3.34167,126.69749,299.77,0.39,0.36,2026-10-03,1705,N,VIIRS,n,2.0NRT,267.63,0.64,N,2026-10-04 05:57:05,Sedang
-3.33527,133.9024,342.31,0.49,0.49,2026-10-03,1705,N,VIIRS,n,2.0NRT,292.15,20.34,N,2026-10-04 05:57:05,Sedang
-3.33465,133.8983,301.88,0.49,0.49,2026-10-03,1705,N,VIIRS,n,2.0NRT,291.85,20.34,N,2026-10-04 05:57:05,Sedang
-3.33388,126.69146,301.77,0.39,0.36,2026-10-03,1705,N,VIIRS,n,2.0NRT,265.55,0.66,N,2026-10-04 05:57:05,Sedang
-3.33333,126.70953,296.05,0.39,0.36,2026-10-03,1705,N,VIIRS,n,2.0NRT,272.06,0.6,N,2026-10-04 05:57:05,Sedang
-3.33166,126.699,298.62,0.39,0.36,2026-10-03,1705,N,VIIRS,n,2.0NRT,266.97,0.54,N,2026-10-04 05:57:05,Sedang
-3.33132,133.90663,356.21,0.49,0.49,2026-10-03,1705,N,VIIRS,n,2.0NRT,297.07,44.13,N,2026-10-04 05:57:05,Sedang
-3.33128,133.87589,351.41,0.49,0.49,2026-10-03,1705,N,VIIRS,n,2.0NRT,295.37,10.16,N,2026-10-04 05:57:05,Sedang
-3.33044,133.87035,305.56,0.49,0.49,2026-10-03,1705,N,VIIRS,n,2.0NRT,289.93,2.59,N,2026-10-04 05:57:05,Sedang
-3.32366,133.91689,322.41,0.49,0.49,2026-10-03,1705,N,VIIRS,n,2.0NRT,291.81,3.4,N,2026-10-04 05:57:05,Sedang
-3.32294,133.91208,318.23,0.49,0.49,2026-10-03,1705,N,VIIRS,n,2.0NRT,290.97,3.74,N,2026-10-04 05:57:05,Sedang
-3.32209,126.87493,316.22,0.39,0.36,2026-10-03,1705,N,VIIRS,n,2.0NRT,283.74,1.46,N,2026-10-04 05:57:05,Sedang
-3.32171,133.90385,303.44,0.49,0.49,2026-10-03,1705,N,VIIRS,n,2.0NRT,291.6,2.28,N,2026-10-04 05:57:05,Sedang
-3.31876,126.87547,312.78,0.39,0.36,2026-10-03,1705,N,VIIRS,n,2.0NRT,283.73,1.42,N,2026-10-04 05:57:05,Sedang
-3.31641,133.86847,302.29,0.49,0.49,2026-10-03,1705,N,VIIRS,n,2.0NRT,289.17,0.82,N,2026-10-04 05:57:05,Sedang
-3.31201,133.86969,303.66,0.49,0.49,2026-10-03,1705,N,VIIRS,n,2.0NRT,290.88,0.87,N,2026-10-04 05:57:05,Sedang
-3.3116,134.78474,303.74,0.56,0.52,2026-10-03,1705,N,VIIRS,n,2.0NRT,292.09,1.35,N,2026-10-04 05:57:05,Sedang
-3.31127,133.86473,299.9,0.49,0.49,2026-10-03,1705,N,VIIRS,n,2.0NRT,289.19,0.67,N,2026-10-04 05:57:05,Sedang
-3.30905,126.03001,303.61,0.4,0.37,2026-10-03,1705,N,VIIRS,n,2.0NRT,283.92,0.69,N,2026-10-04 05:57:05,Sedang
-3.30886,134.10173,308.4,0.51,0.49,2026-10-03,1705,N,VIIRS,n,2.0NRT,290.64,3.99,N,2026-10-04 05:57:05,Sedang
-3.30689,126.03822,305.58,0.4,0.37,2026-10-03,1705,N,VIIRS,n,2.0NRT,283.35,1,N,2026-10-04 05:57:05,Sedang
-3.30531,133.9301,321.73,0.49,0.49,2026-10-03,1705,N,VIIRS,n,2.0NRT,291.67,2.95,N,2026-10-04 05:57:05,Sedang
-3.30437,114.11739,348.07,0.69,0.74,2026-10-03,1705,N,VIIRS,n,2.0NRT,284.8,5.45,N,2026-10-04 05:57:05,Sedang
-3.30437,134.10281,306.54,0.51,0.49,2026-10-03,1705,N,VIIRS,n,2.0NRT,290.44,1.52,N,2026-10-04 05:57:05,Sedang
-3.30328,114.11099,299.54,0.69,0.74,2026-10-03,1705,N,VIIRS,n,2.0NRT,282.72,5.45,N,2026-10-04 05:57:05,Sedang
-3.30232,133.92792,318.93,0.49,0.49,2026-10-03,1705,N,VIIRS,n,2.0NRT,291.63,2.45,N,2026-10-04 05:57:05,Sedang
-3.30217,133.93947,301.58,0.49,0.49,2026-10-03,1705,N,VIIRS,n,2.0NRT,290.22,1.13,N,2026-10-04 05:57:05,Sedang
-3.30173,126.02758,303.96,0.4,0.37,2026-10-03,1705,N,VIIRS,n,2.0NRT,283.72,0.96,N,2026-10-04 05:57:05,Sedang
-3.30098,130.47237,310.49,0.46,0.39,2026-10-03,1705,N,VIIRS,n,2.0NRT,293.15,1.58,N,2026-10-04 05:57:05,Sedang
-3.30078,126.0433,298.28,0.4,0.37,2026-10-03,1705,N,VIIRS,n,2.0NRT,282.01,4.41,N,2026-10-04 05:57:05,Sedang
-3.2968,133.85988,307.3,0.49,0.48,2026-10-03,1705,N,VIIRS,n,2.0NRT,292.04,4.26,N,2026-10-04 05:57:05,Sedang
-3.29568,133.85245,321.2,0.49,0.48,2026-10-03,1705,N,VIIRS,n,2.0NRT,290.8,5.89,N,2026-10-04 05:57:05,Sedang
-3.29463,126.04812,315.61,0.4,0.37,2026-10-03,1705,N,VIIRS,n,2.0NRT,281.96,1.4,N,2026-10-04 05:57:05,Sedang
-3.2944,126.02509,317.52,0.4,0.37,2026-10-03,1705,N,VIIRS,n,2.0NRT,283.95,1.36,N,2026-10-04 05:57:05,Sedang
-3.29413,133.85864,336.47,0.49,0.48,2026-10-03,1705,N,VIIRS,n,2.0NRT,294.01,4.26,N,2026-10-04 05:57:05,Sedang
-3.2937,133.94424,305.25,0.49,0.49,2026-10-03,1705,N,VIIRS,n,2.0NRT,290.95,1.35,N,2026-10-04 05:57:05,Sedang
-3.29355,133.8549,342.9,0.49,0.48,2026-10-03,1705,N,VIIRS,n,2.0NRT,294.01,4.26,N,2026-10-04 05:57:05,Sedang
-3.29127,133.94653,316.49,0.5,0.49,2026-10-03,1705,N,VIIRS,n,2.0NRT,292.15,2.08,N,2026-10-04 05:57:05,Sedang
-3.29008,126.04131,298.73,0.4,0.37,2026-10-03,1705,N,VIIRS,n,2.0NRT,281.57,0.92,N,2026-10-04 05:57:05,Sedang
-3.28721,133.93213,301.43,0.49,0.49,2026-10-03,1705,N,VIIRS,n,2.0NRT,290.5,0.53,N,2026-10-04 05:57:05,Sedang
-3.2766,126.69682,303.74,0.39,0.36,2026-10-03,1705,N,VIIRS,n,2.0NRT,272.66,0.65,N,2026-10-04 05:57:05,Sedang
-3.27487,130.42424,336.27,0.46,0.39,2026-10-03,1705,N,VIIRS,n,2.0NRT,293.98,4.85,N,2026-10-04 05:57:05,Sedang
-3.27201,130.42952,314.96,0.46,0.39,2026-10-03,1705,N,VIIRS,n,2.0NRT,292.16,1.93,N,2026-10-04 05:57:05,Sedang
-3.2711,133.85779,318.84,0.49,0.48,2026-10-03,1705,N,VIIRS,n,2.0NRT,291.34,1.66,N,2026-10-04 05:57:05,Sedang
-3.26598,133.85432,327.3,0.49,0.48,2026-10-03,1705,N,VIIRS,n,2.0NRT,292.39,3.96,N,2026-10-04 05:57:05,Sedang
-3.26592,134.80197,306.85,0.56,0.52,2026-10-03,1705,N,VIIRS,n,2.0NRT,293.03,1.08,N,2026-10-04 05:57:05,Sedang
-3.26275,130.41768,310.93,0.46,0.39,2026-10-03,1705,N,VIIRS,n,2.0NRT,292.26,1.15,N,2026-10-04 05:57:05,Sedang
-3.26232,133.86021,306.84,0.49,0.48,2026-10-03,1705,N,VIIRS,n,2.0NRT,291.78,2.26,N,2026-10-04 05:57:05,Sedang
-3.26091,133.85107,311.67,0.49,0.48,2026-10-03,1705,N,VIIRS,n,2.0NRT,291.27,3.96,N,2026-10-04 05:57:05,Sedang
-3.2495,133.8662,304.85,0.49,0.48,2026-10-03,1705,N,VIIRS,n,2.0NRT,292.92,1.32,N,2026-10-04 05:57:05,Sedang
-3.24845,133.85933,303.14,0.49,0.48,2026-10-03,1705,N,VIIRS,n,2.0NRT,291.61,0.8,N,2026-10-04 05:57:05,Sedang
-3.2452,119.36536,304.47,0.62,0.54,2026-10-03,1705,N,VIIRS,n,2.0NRT,285.87,0.87,N,2026-10-04 05:57:05,Sedang
-3.245,119.36304,305.2,0.62,0.54,2026-10-03,1705,N,VIIRS,n,2.0NRT,285.4,1.05,N,2026-10-04 05:57:05,Sedang
-3.24282,130.40825,306.2,0.46,0.39,2026-10-03,1705,N,VIIRS,n,2.0NRT,291.7,1.6,N,2026-10-04 05:57:05,Sedang
-3.24027,115.33501,308.79,0.57,0.69,2026-10-03,1705,N,VIIRS,n,2.0NRT,288.8,2.1,N,2026-10-04 05:57:05,Sedang
-3.23801,130.40111,306.84,0.46,0.39,2026-10-03,1705,N,VIIRS,n,2.0NRT,292.76,1.1,N,2026-10-04 05:57:05,Sedang
-3.23443,130.40179,307.43,0.46,0.39,2026-10-03,1705,N,VIIRS,n,2.0NRT,293.04,1.1,N,2026-10-04 05:57:05,Sedang
-3.23351,130.231,308.91,0.45,0.39,2026-10-03,1705,N,VIIRS,n,2.0NRT,292.7,2.35,N,2026-10-04 05:57:05,Sedang
-3.22306,130.25783,308.29,0.45,0.39,2026-10-03,1705,N,VIIRS,n,2.0NRT,293.04,1.98,N,2026-10-04 05:57:05,Sedang
-3.22286,130.23311,304.27,0.45,0.39,2026-10-03,1705,N,VIIRS,n,2.0NRT,293.24,1.06,N,2026-10-04 05:57:05,Sedang
-3.2136,126.72464,305.38,0.39,0.36,2026-10-03,1705,N,VIIRS,n,2.0NRT,275.07,0.83,N,2026-10-04 05:57:05,Sedang
-3.21304,130.2641,322.95,0.45,0.39,2026-10-03,1705,N,VIIRS,n,2.0NRT,295.35,2.22,N,2026-10-04 05:57:05,Sedang
-3.21289,114.19925,322.94,0.68,0.74,2026-10-03,1705,N,VIIRS,n,2.0NRT,287.45,3.51,N,2026-10-04 05:57:05,Sedang
-3.21026,126.72514,298.81,0.39,0.36,2026-10-03,1705,N,VIIRS,n,2.0NRT,275.01,0.83,N,2026-10-04 05:57:05,Sedang
-3.20631,127.91379,302.87,0.39,0.36,2026-10-03,1705,N,VIIRS,n,2.0NRT,288.18,0.93,N,2026-10-04 05:57:05,Sedang
-3.20358,126.72613,305.61,0.39,0.36,2026-10-03,1705,N,VIIRS,n,2.0NRT,274.53,1.13,N,2026-10-04 05:57:05,Sedang
-3.20353,127.91778,303.13,0.39,0.36,2026-10-03,1705,N,VIIRS,n,2.0NRT,287.94,1.04,N,2026-10-04 05:57:05,Sedang
-3.20303,126.72264,321.85,0.39,0.36,2026-10-03,1705,N,VIIRS,n,2.0NRT,275.38,1.95,N,2026-10-04 05:57:05,Sedang
-3.19066,115.73626,301.24,0.54,0.68,2026-10-03,1705,N,VIIRS,n,2.0NRT,289.21,0.85,N,2026-10-04 05:57:05,Sedang
-3.19034,128.1806,304.38,0.39,0.36,2026-10-03,1705,N,VIIRS,n,2.0NRT,282.21,0.7,N,2026-10-04 05:57:05,Sedang
-3.17763,130.05986,304.55,0.44,0.38,2026-10-03,1705,N,VIIRS,n,2.0NRT,293.05,1.17,N,2026-10-04 05:57:05,Sedang
-3.17349,130.05655,312.69,0.44,0.38,2026-10-03,1705,N,VIIRS,n,2.0NRT,294.03,1.17,N,2026-10-04 05:57:05,Sedang
-3.17289,130.05272,307.26,0.44,0.38,2026-10-03,1705,N,VIIRS,n,2.0NRT,293.01,0.84,N,2026-10-04 05:57:05,Sedang
-3.17177,130.06885,310.67,0.44,0.38,2026-10-03,1705,N,VIIRS,n,2.0NRT,293.73,1.14,N,2026-10-04 05:57:05,Sedang
-3.16474,130.07037,307.67,0.44,0.38,2026-10-03,1705,N,VIIRS,n,2.0NRT,294.56,1.79,N,2026-10-04 05:57:05,Sedang
-3.1629,130.0585,307.89,0.44,0.38,2026-10-03,1705,N,VIIRS,n,2.0NRT,294.79,1.32,N,2026-10-04 05:57:05,Sedang
-3.16229,130.05458,313.35,0.44,0.38,2026-10-03,1705,N,VIIRS,n,2.0NRT,294.56,1.35,N,2026-10-04 05:57:05,Sedang
-3.16217,126.27193,303.45,0.39,0.36,2026-10-03,1705,N,VIIRS,n,2.0NRT,281.54,1.19,N,2026-10-04 05:57:05,Sedang
-3.16184,130.0751,317.53,0.44,0.38,2026-10-03,1705,N,VIIRS,n,2.0NRT,295.78,1.76,N,2026-10-04 05:57:05,Sedang
-3.13462,119.62448,302.2,0.59,0.53,2026-10-03,1705,N,VIIRS,n,2.0NRT,285.96,1.27,N,2026-10-04 05:57:05,Sedang
-3.13311,128.00401,301.79,0.39,0.36,2026-10-03,1705,N,VIIRS,n,2.0NRT,284.16,0.98,N,2026-10-04 05:57:05,Sedang
-3.13033,128.00804,316.15,0.39,0.36,2026-10-03,1705,N,VIIRS,n,2.0NRT,285.47,1.59,N,2026-10-04 05:57:05,Sedang
-3.12697,128.02998,305.81,0.39,0.36,2026-10-03,1705,N,VIIRS,n,2.0NRT,286.98,1.36,N,2026-10-04 05:57:05,Sedang
-3.12311,128.00562,301.18,0.39,0.36,2026-10-03,1705,N,VIIRS,n,2.0NRT,281.54,0.77,N,2026-10-04 05:57:05,Sedang
-3.12308,128.02704,306.76,0.39,0.36,2026-10-03,1705,N,VIIRS,n,2.0NRT,285.61,1,N,2026-10-04 05:57:05,Sedang
-3.12198,128.02007,305.14,0.39,0.36,2026-10-03,1705,N,VIIRS,n,2.0NRT,285.51,0.63,N,2026-10-04 05:57:05,Sedang
-3.11748,128.05638,310.43,0.39,0.36,2026-10-03,1705,N,VIIRS,n,2.0NRT,284.57,0.81,N,2026-10-04 05:57:05,Sedang
-3.11692,128.05287,301.11,0.39,0.36,2026-10-03,1705,N,VIIRS,n,2.0NRT,284.56,0.81,N,2026-10-04 05:57:05,Sedang
-3.10362,128.03365,302.5,0.39,0.36,2026-10-03,1705,N,VIIRS,n,2.0NRT,285.55,0.25,N,2026-10-04 05:57:05,Sedang
-3.10126,130.05553,317.59,0.44,0.38,2026-10-03,1705,N,VIIRS,n,2.0NRT,293.96,1.53,N,2026-10-04 05:57:05,Sedang
-3.10064,130.05157,307.18,0.44,0.38,2026-10-03,1705,N,VIIRS,n,2.0NRT,294.53,1.53,N,2026-10-04 05:57:05,Sedang
-3.10037,130.33064,307.85,0.45,0.39,2026-10-03,1705,N,VIIRS,n,2.0NRT,293.67,1.82,N,2026-10-04 05:57:05,Sedang
-3.09572,115.11275,302.86,0.6,0.7,2026-10-03,1705,N,VIIRS,n,2.0NRT,288.56,0.92,N,2026-10-04 05:57:05,Sedang
-3.09024,130.33649,304.33,0.45,0.39,2026-10-03,1705,N,VIIRS,n,2.0NRT,293.71,1.05,N,2026-10-04 05:57:05,Sedang
-3.09012,115.11934,302.22,0.6,0.7,2026-10-03,1705,N,VIIRS,n,2.0NRT,288.79,0.92,N,2026-10-04 05:57:05,Sedang
-3.08648,130.05382,305.06,0.44,0.38,2026-10-03,1705,N,VIIRS,n,2.0NRT,294.13,1.3,N,2026-10-04 05:57:05,Sedang
-3.08356,130.05835,304.17,0.44,0.38,2026-10-03,1705,N,VIIRS,n,2.0NRT,293.76,0.75,N,2026-10-04 05:57:05,Sedang
-3.08294,130.05437,304.54,0.44,0.38,2026-10-03,1705,N,VIIRS,n,2.0NRT,293.99,0.75,N,2026-10-04 05:57:05,Sedang
-3.07701,126.71744,302.44,0.39,0.36,2026-10-03,1705,N,VIIRS,n,2.0NRT,283.72,0.63,N,2026-10-04 05:57:05,Sedang
-3.07645,126.71394,302.97,0.39,0.36,2026-10-03,1705,N,VIIRS,n,2.0NRT,283.34,0.59,N,2026-10-04 05:57:05,Sedang
-3.07509,128.13452,306.7,0.39,0.36,2026-10-03,1705,N,VIIRS,n,2.0NRT,278.46,0.72,N,2026-10-04 05:57:05,Sedang
-3.04702,130.28029,317.83,0.45,0.39,2026-10-03,1705,N,VIIRS,n,2.0NRT,294.39,1.99,N,2026-10-04 05:57:05,Sedang
-3.03789,133.15945,304.03,0.43,0.46,2026-10-03,1705,N,VIIRS,n,2.0NRT,293.07,1.48,N,2026-10-04 05:57:05,Sedang
-3.03758,115.15849,310.55,0.59,0.7,2026-10-03,1705,N,VIIRS,n,2.0NRT,288.15,1.92,N,2026-10-04 05:57:05,Sedang
-3.03676,129.02426,303.5,0.4,0.37,2026-10-03,1705,N,VIIRS,n,2.0NRT,290.26,0.87,N,2026-10-04 05:57:05,Sedang
-3.03605,133.14758,310.86,0.43,0.46,2026-10-03,1705,N,VIIRS,n,2.0NRT,293.74,1.69,N,2026-10-04 05:57:05,Sedang
-3.03545,133.14366,315.85,0.43,0.46,2026-10-03,1705,N,VIIRS,n,2.0NRT,294.24,1.69,N,2026-10-04 05:57:05,Sedang
-3.03427,129.76625,310.32,0.43,0.38,2026-10-03,1705,N,VIIRS,n,2.0NRT,293.35,1.7,N,2026-10-04 05:57:05,Sedang
-3.03367,129.76242,303.25,0.43,0.38,2026-10-03,1705,N,VIIRS,n,2.0NRT,292.77,1.22,N,2026-10-04 05:57:05,Sedang
-3.03364,133.16014,327.88,0.43,0.46,2026-10-03,1705,N,VIIRS,n,2.0NRT,294.51,3.41,N,2026-10-04 05:57:05,Sedang
-3.0318,133.14824,305.01,0.43,0.46,2026-10-03,1705,N,VIIRS,n,2.0NRT,293.84,1.5,N,2026-10-04 05:57:05,Sedang
-3.0312,133.14429,311.97,0.43,0.46,2026-10-03,1705,N,VIIRS,n,2.0NRT,294.36,1.5,N,2026-10-04 05:57:05,Sedang
-3.03107,115.15975,303.47,0.59,0.7,2026-10-03,1705,N,VIIRS,n,2.0NRT,287.05,1.92,N,2026-10-04 05:57:05,Sedang
-3.02654,129.73967,310.15,0.43,0.38,2026-10-03,1705,N,VIIRS,n,2.0NRT,293.36,1.37,N,2026-10-04 05:57:05,Sedang
-3.02333,133.14967,306.73,0.43,0.46,2026-10-03,1705,N,VIIRS,n,2.0NRT,294,1.58,N,2026-10-04 05:57:05,Sedang
-3.02286,119.53673,311.2,0.6,0.53,2026-10-03,1705,N,VIIRS,n,2.0NRT,284.42,2.25,N,2026-10-04 05:57:05,Sedang
-3.02151,133.13786,319.03,0.43,0.46,2026-10-03,1705,N,VIIRS,n,2.0NRT,294.59,2.63,N,2026-10-04 05:57:05,Sedang
-3.02092,133.13397,316.51,0.43,0.46,2026-10-03,1705,N,VIIRS,n,2.0NRT,294.54,1.99,N,2026-10-04 05:57:05,Sedang
-3.01258,128.23009,332.06,0.39,0.36,2026-10-03,1705,N,VIIRS,n,2.0NRT,288.89,3.27,N,2026-10-04 05:57:05,Sedang
-3.01041,130.32741,312.01,0.45,0.39,2026-10-03,1705,N,VIIRS,n,2.0NRT,293.38,1.15,N,2026-10-04 05:57:05,Sedang
-3.00946,133.11584,316.22,0.43,0.46,2026-10-03,1705,N,VIIRS,n,2.0NRT,294.2,2.72,N,2026-10-04 05:57:05,Sedang
-3.00641,121.67593,296.39,0.43,0.46,2026-10-03,1705,N,VIIRS,n,2.0NRT,271.95,1.01,N,2026-10-04 05:57:05,Sedang
-3.00486,128.18123,302.57,0.39,0.36,2026-10-03,1705,N,VIIRS,n,2.0NRT,286.81,0.47,N,2026-10-04 05:57:05,Sedang
-3.00217,133.12495,304.55,0.43,0.46,2026-10-03,1705,N,VIIRS,n,2.0NRT,293.96,1.07,N,2026-10-04 05:57:05,Sedang
-3.00202,130.25014,317.66,0.45,0.39,2026-10-03,1705,N,VIIRS,n,2.0NRT,294.36,2.27,N,2026-10-04 05:57:05,Sedang
-2.99981,128.21426,307.11,0.39,0.36,2026-10-03,1705,N,VIIRS,n,2.0NRT,291.36,1.27,N,2026-10-04 05:57:05,Sedang
-2.99848,115.20479,300.06,0.59,0.7,2026-10-03,1705,N,VIIRS,n,2.0NRT,286.91,1.05,N,2026-10-04 05:57:05,Sedang
-2.99731,129.53023,309.11,0.42,0.38,2026-10-03,1705,N,VIIRS,n,2.0NRT,293.04,0.91,N,2026-10-04 05:57:05,Sedang
-2.99379,133.09842,304.51,0.43,0.46,2026-10-03,1705,N,VIIRS,n,2.0NRT,293.39,0.44,N,2026-10-04 05:57:05,Sedang
-2.99074,133.10684,306.98,0.43,0.46,2026-10-03,1705,N,VIIRS,n,2.0NRT,293.75,1.33,N,2026-10-04 05:57:05,Sedang
-2.98978,128.21588,303.37,0.39,0.36,2026-10-03,1705,N,VIIRS,n,2.0NRT,288.97,0.52,N,2026-10-04 05:57:05,Sedang
-2.98769,133.11525,308.34,0.43,0.46,2026-10-03,1705,N,VIIRS,n,2.0NRT,293.9,1.34,N,2026-10-04 05:57:05,Sedang
-2.98612,133.22017,303.22,0.44,0.46,2026-10-03,1705,N,VIIRS,n,2.0NRT,291.61,2.24,N,2026-10-04 05:57:05,Sedang
-2.98286,133.11201,305.46,0.43,0.46,2026-10-03,1705,N,VIIRS,n,2.0NRT,293.92,1.37,N,2026-10-04 05:57:05,Sedang
-2.9811,129.31473,312.95,0.41,0.37,2026-10-03,1705,N,VIIRS,n,2.0NRT,293.8,1.49,N,2026-10-04 05:57:05,Sedang
-2.98067,133.21292,304.64,0.44,0.46,2026-10-03,1705,N,VIIRS,n,2.0NRT,291.99,0.83,N,2026-10-04 05:57:05,Sedang
-2.97889,128.98859,307.26,0.4,0.37,2026-10-03,1705,N,VIIRS,n,2.0NRT,291.36,1.19,N,2026-10-04 05:57:05,Sedang
-2.97773,132.90878,308.61,0.42,0.45,2026-10-03,1705,N,VIIRS,n,2.0NRT,294.15,1.71,N,2026-10-04 05:57:05,Sedang
-2.97498,133.1172,304.81,0.43,0.46,2026-10-03,1705,N,VIIRS,n,2.0NRT,293.79,1.94,N,2026-10-04 05:57:05,Sedang
-2.97439,133.11333,318.83,0.43,0.46,2026-10-03,1705,N,VIIRS,n,2.0NRT,294.67,1.94,N,2026-10-04 05:57:05,Sedang
-2.96431,129.75726,304.35,0.43,0.38,2026-10-03,1705,N,VIIRS,n,2.0NRT,293.28,1.45,N,2026-10-04 05:57:05,Sedang
-2.9604,133.13564,307.06,0.43,0.46,2026-10-03,1705,N,VIIRS,n,2.0NRT,294.19,0.91,N,2026-10-04 05:57:05,Sedang
-2.95981,133.13168,306.17,0.43,0.46,2026-10-03,1705,N,VIIRS,n,2.0NRT,293.93,0.91,N,2026-10-04 05:57:05,Sedang
-2.95748,128.78496,315.29,0.4,0.37,2026-10-03,1705,N,VIIRS,n,2.0NRT,293.67,1.01,N,2026-10-04 05:57:05,Sedang
-2.95746,133.11597,307.61,0.43,0.46,2026-10-03,1705,N,VIIRS,n,2.0NRT,293.73,1.39,N,2026-10-04 05:57:05,Sedang
-2.95744,119.6571,302.1,0.59,0.53,2026-10-03,1705,N,VIIRS,n,2.0NRT,282.17,1.21,N,2026-10-04 05:57:05,Sedang
-2.95673,129.75453,306.47,0.43,0.38,2026-10-03,1705,N,VIIRS,n,2.0NRT,293.95,0.74,N,2026-10-04 05:57:05,Sedang
-2.95451,119.65392,298.02,0.6,0.53,2026-10-03,1705,N,VIIRS,n,2.0NRT,281.97,1.53,N,2026-10-04 05:57:05,Sedang
-2.94796,128.68016,311.14,0.4,0.37,2026-10-03,1705,N,VIIRS,n,2.0NRT,292.55,1.21,N,2026-10-04 05:57:05,Sedang
-2.92997,132.84711,309.72,0.41,0.45,2026-10-03,1705,N,VIIRS,n,2.0NRT,294.69,1.31,N,2026-10-04 05:57:05,Sedang
-2.92927,115.77248,302.02,0.54,0.68,2026-10-03,1705,N,VIIRS,n,2.0NRT,287.11,0.86,N,2026-10-04 05:57:05,Sedang
-2.92759,115.76258,300.82,0.54,0.68,2026-10-03,1705,N,VIIRS,n,2.0NRT,286.22,1.59,N,2026-10-04 05:57:05,Sedang
-2.92149,119.51359,309.03,0.61,0.53,2026-10-03,1705,N,VIIRS,n,2.0NRT,282.01,2.32,N,2026-10-04 05:57:05,Sedang
-2.91441,128.18428,309.48,0.39,0.36,2026-10-03,1705,N,VIIRS,n,2.0NRT,289.04,0.85,N,2026-10-04 05:57:05,Sedang
-2.91188,128.74455,304.06,0.4,0.37,2026-10-03,1705,N,VIIRS,n,2.0NRT,293.86,0.58,N,2026-10-04 05:57:05,Sedang
-2.91162,128.18826,303,0.39,0.36,2026-10-03,1705,N,VIIRS,n,2.0NRT,288.26,0.63,N,2026-10-04 05:57:05,Sedang
-2.91127,129.34088,304.59,0.41,0.37,2026-10-03,1705,N,VIIRS,n,2.0NRT,294.18,0.68,N,2026-10-04 05:57:05,Sedang
-2.90852,128.74518,305.49,0.4,0.37,2026-10-03,1705,N,VIIRS,n,2.0NRT,294.66,0.58,N,2026-10-04 05:57:05,Sedang
-2.90459,128.74222,304.99,0.4,0.37,2026-10-03,1705,N,VIIRS,n,2.0NRT,293.91,0.65,N,2026-10-04 05:57:05,Sedang
-2.90215,128.19331,305.09,0.39,0.36,2026-10-03,1705,N,VIIRS,n,2.0NRT,290.07,0.85,N,2026-10-04 05:57:05,Sedang
-2.90179,128.74637,309.13,0.4,0.37,2026-10-03,1705,N,VIIRS,n,2.0NRT,293.55,0.65,N,2026-10-04 05:57:05,Sedang
-2.89492,128.1909,306.15,0.39,0.36,2026-10-03,1705,N,VIIRS,n,2.0NRT,289.23,0.78,N,2026-10-04 05:57:05,Sedang
-2.88718,128.80733,304.01,0.4,0.37,2026-10-03,1705,N,VIIRS,n,2.0NRT,293.1,0.55,N,2026-10-04 05:57:05,Sedang
-2.88662,129.51257,311.41,0.42,0.37,2026-10-03,1705,N,VIIRS,n,2.0NRT,294.27,1.32,N,2026-10-04 05:57:05,Sedang
-2.81996,113.31384,303.1,0.79,0.78,2026-10-03,1705,N,VIIRS,n,2.0NRT,287.59,2.92,N,2026-10-04 05:57:05,Sedang
-2.81266,113.31506,319.34,0.79,0.78,2026-10-03,1705,N,VIIRS,n,2.0NRT,287.91,6.24,N,2026-10-04 05:57:05,Sedang
-2.74286,121.72103,295.68,0.44,0.46,2026-10-03,1705,N,VIIRS,n,2.0NRT,265.79,1.52,N,2026-10-04 05:57:05,Sedang
-2.73925,121.72575,300.75,0.44,0.46,2026-10-03,1705,N,VIIRS,n,2.0NRT,265.62,1.5,N,2026-10-04 05:57:05,Sedang
-2.68206,114.31616,297.43,0.68,0.74,2026-10-03,1705,N,VIIRS,n,2.0NRT,267.68,2.43,N,2026-10-04 05:57:05,Sedang
-2.65127,115.14522,300.23,0.6,0.71,2026-10-03,1705,N,VIIRS,n,2.0NRT,289.67,1.97,N,2026-10-04 05:57:05,Sedang
-2.65034,115.13961,318.11,0.6,0.71,2026-10-03,1705,N,VIIRS,n,2.0NRT,290.04,4.39,N,2026-10-04 05:57:05,Sedang
-2.63127,121.49754,321.64,0.45,0.47,2026-10-03,1705,N,VIIRS,n,2.0NRT,276.98,3.51,N,2026-10-04 05:57:05,Sedang
-2.6306,121.49355,325.97,0.45,0.47,2026-10-03,1705,N,VIIRS,n,2.0NRT,276.91,3.51,N,2026-10-04 05:57:05,Sedang
-2.61929,121.56995,298.49,0.45,0.47,2026-10-03,1705,N,VIIRS,n,2.0NRT,276.91,0.81,N,2026-10-04 05:57:05,Sedang
-2.61003,121.6219,306.15,0.44,0.46,2026-10-03,1705,N,VIIRS,n,2.0NRT,277.01,1.34,N,2026-10-04 05:57:05,Sedang
-2.60707,121.52154,302.82,0.45,0.47,2026-10-03,1705,N,VIIRS,n,2.0NRT,276.51,0.88,N,2026-10-04 05:57:05,Sedang
-2.58408,121.37897,299.93,0.46,0.47,2026-10-03,1705,N,VIIRS,n,2.0NRT,275.91,1.12,N,2026-10-04 05:57:05,Sedang
-2.58102,121.38775,297.9,0.46,0.47,2026-10-03,1705,N,VIIRS,n,2.0NRT,275.86,3.04,N,2026-10-04 05:57:05,Sedang
-2.57954,114.33358,296.74,0.68,0.74,2026-10-03,1705,N,VIIRS,n,2.0NRT,255.43,2.8,N,2026-10-04 05:57:05,Sedang
-2.57472,121.37655,329.05,0.46,0.47,2026-10-03,1705,N,VIIRS,n,2.0NRT,276.71,8.43,N,2026-10-04 05:57:05,Sedang
-2.57407,121.37251,297.14,0.46,0.47,2026-10-03,1705,N,VIIRS,n,2.0NRT,276.17,1.55,N,2026-10-04 05:57:05,Sedang
-2.54989,121.11025,302.6,0.48,0.48,2026-10-03,1705,N,VIIRS,n,2.0NRT,280.94,0.78,N,2026-10-04 05:57:05,Sedang
-2.53473,121.57556,299.17,0.45,0.47,2026-10-03,1705,N,VIIRS,n,2.0NRT,279.49,0.85,N,2026-10-04 05:57:05,Sedang
-2.53409,121.57153,297.63,0.45,0.47,2026-10-03,1705,N,VIIRS,n,2.0NRT,279.38,1.08,N,2026-10-04 05:57:05,Sedang
-2.52264,114.33067,315.2,0.69,0.74,2026-10-03,1705,N,VIIRS,n,2.0NRT,272.3,3.86,N,2026-10-04 05:57:05,Sedang
-2.5168,114.33831,299.52,0.69,0.74,2026-10-03,1705,N,VIIRS,n,2.0NRT,275.48,5.89,N,2026-10-04 05:57:05,Sedang
-2.51467,114.32555,306.8,0.69,0.74,2026-10-03,1705,N,VIIRS,n,2.0NRT,274.25,5.99,N,2026-10-04 05:57:05,Sedang
-2.50669,114.3204,297.84,0.69,0.74,2026-10-03,1705,N,VIIRS,n,2.0NRT,276.54,5.99,N,2026-10-04 05:57:05,Sedang
-2.50085,114.32803,311.5,0.69,0.74,2026-10-03,1705,N,VIIRS,n,2.0NRT,277.86,5.68,N,2026-10-04 05:57:05,Sedang
-2.49697,114.26229,301.54,0.69,0.75,2026-10-03,1705,N,VIIRS,n,2.0NRT,272.83,2.77,N,2026-10-04 05:57:05,Sedang
-2.49003,114.26354,303.69,0.69,0.75,2026-10-03,1705,N,VIIRS,n,2.0NRT,273.7,2.07,N,2026-10-04 05:57:05,Sedang
-2.482,114.2583,296.93,0.7,0.75,2026-10-03,1705,N,VIIRS,n,2.0NRT,272.65,2.07,N,2026-10-04 05:57:05,Sedang
-2.4639,116.01472,303.13,0.53,0.67,2026-10-03,1705,N,VIIRS,n,2.0NRT,289.47,1.19,N,2026-10-04 05:57:05,Sedang
-2.4497,115.06122,299.07,0.62,0.71,2026-10-03,1705,N,VIIRS,n,2.0NRT,286.07,1.21,N,2026-10-04 05:57:05,Sedang
-2.36603,113.39163,308.39,0.8,0.78,2026-10-03,1705,N,VIIRS,n,2.0NRT,291.06,3.12,N,2026-10-04 05:57:05,Sedang
-2.36,113.40053,308.57,0.79,0.78,2026-10-03,1705,N,VIIRS,n,2.0NRT,291.11,7.5,N,2026-10-04 05:57:05,Sedang
-2.35943,113.394,346.04,0.79,0.78,2026-10-03,1705,N,VIIRS,n,2.0NRT,292.01,8.22,N,2026-10-04 05:57:05,Sedang
-2.34209,114.19566,299.91,0.7,0.75,2026-10-03,1705,N,VIIRS,n,2.0NRT,277.74,3.14,N,2026-10-04 05:57:05,Sedang
-2.33683,114.56673,331.77,0.67,0.73,2026-10-03,1705,N,VIIRS,n,2.0NRT,265.09,8.04,N,2026-10-04 05:57:05,Sedang
-2.33667,114.19211,300.36,0.71,0.75,2026-10-03,1705,N,VIIRS,n,2.0NRT,276.9,5.02,N,2026-10-04 05:57:05,Sedang
-2.33576,114.56055,299.14,0.67,0.73,2026-10-03,1705,N,VIIRS,n,2.0NRT,267.4,7.11,N,2026-10-04 05:57:05,Sedang
-2.33193,114.20653,325.04,0.7,0.75,2026-10-03,1705,N,VIIRS,n,2.0NRT,274.87,2.95,N,2026-10-04 05:57:05,Sedang
-2.33081,114.19993,301.65,0.71,0.75,2026-10-03,1705,N,VIIRS,n,2.0NRT,274.79,2.95,N,2026-10-04 05:57:05,Sedang
-2.3297,114.19343,296.64,0.71,0.75,2026-10-03,1705,N,VIIRS,n,2.0NRT,272.99,2.13,N,2026-10-04 05:57:05,Sedang
-2.32497,114.20788,310.58,0.7,0.75,2026-10-03,1705,N,VIIRS,n,2.0NRT,273.86,2.95,N,2026-10-04 05:57:05,Sedang
-2.32385,114.20131,295.9,0.71,0.75,2026-10-03,1705,N,VIIRS,n,2.0NRT,274.53,2.95,N,2026-10-04 05:57:05,Sedang
-2.31845,115.88208,312.53,0.55,0.68,2026-10-03,1705,N,VIIRS,n,2.0NRT,287.65,2.82,N,2026-10-04 05:57:05,Sedang
-2.30936,115.95988,305.21,0.54,0.68,2026-10-03,1705,N,VIIRS,n,2.0NRT,288.82,1.34,N,2026-10-04 05:57:05,Sedang
-2.21032,116.23006,301.89,0.52,0.67,2026-10-03,1705,N,VIIRS,n,2.0NRT,290.17,0.94,N,2026-10-04 05:57:05,Sedang
-2.20633,113.83108,299.31,0.75,0.77,2026-10-03,1705,N,VIIRS,n,2.0NRT,278.4,3.17,N,2026-10-04 05:57:05,Sedang
-2.18648,113.82737,297.49,0.75,0.77,2026-10-03,1705,N,VIIRS,n,2.0NRT,277.78,1.82,N,2026-10-04 05:57:05,Sedang
-2.1835,116.07206,301.95,0.53,0.67,2026-10-03,1705,N,VIIRS,n,2.0NRT,284.94,1.2,N,2026-10-04 05:57:05,Sedang
-2.18064,116.07642,300.43,0.53,0.67,2026-10-03,1705,N,VIIRS,n,2.0NRT,284.96,0.86,N,2026-10-04 05:57:05,Sedang
-2.15055,114.25755,314.02,0.7,0.75,2026-10-03,1705,N,VIIRS,n,2.0NRT,285.7,5.56,N,2026-10-04 05:57:05,Sedang
-2.1436,114.2589,309.64,0.7,0.75,2026-10-03,1705,N,VIIRS,n,2.0NRT,285.67,4.79,N,2026-10-04 05:57:05,Sedang
-2.11317,113.71708,301.26,0.76,0.77,2026-10-03,1705,N,VIIRS,n,2.0NRT,272.32,3.28,N,2026-10-04 05:57:05,Sedang
-2.11124,113.71463,296.59,0.77,0.77,2026-10-03,1705,N,VIIRS,n,2.0NRT,274.94,1.83,N,2026-10-04 05:57:05,Sedang
-2.1072,113.72549,306.09,0.76,0.77,2026-10-03,1705,N,VIIRS,n,2.0NRT,265.23,4.8,N,2026-10-04 05:57:05,Sedang
-2.09342,115.90076,302.71,0.55,0.68,2026-10-03,1705,N,VIIRS,n,2.0NRT,288.64,1.38,N,2026-10-04 05:57:05,Sedang
-2.08938,114.19398,301.23,0.71,0.75,2026-10-03,1705,N,VIIRS,n,2.0NRT,282.49,2.05,N,2026-10-04 05:57:05,Sedang
-2.0726,113.78207,303.98,0.76,0.77,2026-10-03,1705,N,VIIRS,n,2.0NRT,284.18,2.15,N,2026-10-04 05:57:05,Sedang
-2.06806,113.72241,297.39,0.77,0.77,2026-10-03,1705,N,VIIRS,n,2.0NRT,276.93,1.21,N,2026-10-04 05:57:05,Sedang
-2.03046,119.56668,307.41,0.62,0.54,2026-10-03,1705,N,VIIRS,n,2.0NRT,285.34,2.17,N,2026-10-04 05:57:05,Sedang
-2.02956,119.56127,300.28,0.62,0.54,2026-10-03,1705,N,VIIRS,n,2.0NRT,284.96,1.64,N,2026-10-04 05:57:05,Sedang
-2.02832,113.70678,305.09,0.77,0.77,2026-10-03,1705,N,VIIRS,n,2.0NRT,283.91,5.21,N,2026-10-04 05:57:05,Sedang
-2.01274,113.70255,306.86,0.77,0.77,2026-10-03,1705,N,VIIRS,n,2.0NRT,268.38,3.83,N,2026-10-04 05:57:05,Sedang
-1.98815,113.69945,300.04,0.77,0.77,2026-10-03,1705,N,VIIRS,n,2.0NRT,271.36,2.82,N,2026-10-04 05:57:05,Sedang
-1.98263,113.70033,303.9,0.77,0.77,2026-10-03,1705,N,VIIRS,n,2.0NRT,271.57,3.93,N,2026-10-04 05:57:05,Sedang
-1.91743,115.84454,302.78,0.56,0.69,2026-10-03,1705,N,VIIRS,n,2.0NRT,288.21,1.7,N,2026-10-04 05:57:05,Sedang
-1.913,115.88559,303.03,0.55,0.68,2026-10-03,1705,N,VIIRS,n,2.0NRT,289.26,1.09,N,2026-10-04 05:57:05,Sedang
-1.90491,113.64716,306.57,0.78,0.78,2026-10-03,1705,N,VIIRS,n,2.0NRT,286.29,3.19,N,2026-10-04 05:57:05,Sedang
-1.89761,115.87219,304.23,0.56,0.68,2026-10-03,1705,N,VIIRS,n,2.0NRT,288.95,1.71,N,2026-10-04 05:57:05,Sedang
-1.89037,115.86816,307.31,0.56,0.68,2026-10-03,1705,N,VIIRS,n,2.0NRT,289.23,1.71,N,2026-10-04 05:57:05,Sedang
-1.88949,115.86307,304.49,0.56,0.69,2026-10-03,1705,N,VIIRS,n,2.0NRT,289.22,3.6,N,2026-10-04 05:57:05,Sedang
-1.88693,115.97655,304.76,0.55,0.68,2026-10-03,1705,N,VIIRS,n,2.0NRT,288.95,1.6,N,2026-10-04 05:57:05,Sedang
-1.86468,115.64312,301.88,0.58,0.69,2026-10-03,1705,N,VIIRS,n,2.0NRT,288.74,0.91,N,2026-10-04 05:57:05,Sedang
-1.79176,120.7334,308.1,0.52,0.5,2026-10-03,1705,N,VIIRS,n,2.0NRT,280.01,1.28,N,2026-10-04 05:57:05,Sedang
-1.70025,114.39223,295.83,0.7,0.75,2026-10-03,1705,N,VIIRS,n,2.0NRT,273.64,1.67,N,2026-10-04 05:57:05,Sedang
-1.61865,120.39047,295.83,0.56,0.51,2026-10-03,1705,N,VIIRS,n,2.0NRT,277.35,1.82,N,2026-10-04 05:57:05,Sedang
-1.54505,121.11461,307.04,0.5,0.49,2026-10-03,1705,N,VIIRS,n,2.0NRT,281.35,1.39,N,2026-10-04 05:57:05,Sedang
-1.52568,121.16633,298.89,0.5,0.49,2026-10-03,1705,N,VIIRS,n,2.0NRT,281.48,0.75,N,2026-10-04 05:57:05,Sedang
-1.52305,121.1785,299.58,0.49,0.49,2026-10-03,1705,N,VIIRS,n,2.0NRT,282.94,0.86,N,2026-10-04 05:57:05,Sedang
-1.47608,121.1838,300.71,0.49,0.49,2026-10-03,1705,N,VIIRS,n,2.0NRT,279.4,1.75,N,2026-10-04 05:57:05,Sedang
-1.4657,121.20545,299.43,0.49,0.49,2026-10-03,1705,N,VIIRS,n,2.0NRT,279.24,0.83,N,2026-10-04 05:57:05,Sedang
-1.46114,121.20575,306.6,0.49,0.49,2026-10-03,1705,N,VIIRS,n,2.0NRT,280.13,0.83,N,2026-10-04 05:57:05,Sedang
-1.45809,121.32938,297.04,0.48,0.48,2026-10-03,1705,N,VIIRS,n,2.0NRT,279.61,0.83,N,2026-10-04 05:57:05,Sedang
-1.45695,121.32234,313.39,0.49,0.48,2026-10-03,1705,N,VIIRS,n,2.0NRT,278.86,2.57,N,2026-10-04 05:57:05,Sedang
-1.45354,121.32948,301.26,0.48,0.48,2026-10-03,1705,N,VIIRS,n,2.0NRT,280.2,0.83,N,2026-10-04 05:57:05,Sedang
-1.38204,122.47945,303.2,0.41,0.45,2026-10-03,1705,N,VIIRS,n,2.0NRT,281.43,0.83,N,2026-10-04 05:57:05,Sedang
-1.3722,121.17618,325.16,0.5,0.49,2026-10-03,1705,N,VIIRS,n,2.0NRT,288.56,3.7,N,2026-10-04 05:57:05,Sedang
-1.37137,121.17089,326.91,0.5,0.49,2026-10-03,1705,N,VIIRS,n,2.0NRT,288.91,6.1,N,2026-10-04 05:57:05,Sedang
-1.36447,121.21487,304.5,0.49,0.49,2026-10-03,1705,N,VIIRS,n,2.0NRT,287.26,2.63,N,2026-10-04 05:57:05,Sedang
-1.36371,121.18097,305.24,0.5,0.49,2026-10-03,1705,N,VIIRS,n,2.0NRT,288.23,1.32,N,2026-10-04 05:57:05,Sedang
-1.26708,122.03661,302.16,0.44,0.46,2026-10-03,1705,N,VIIRS,n,2.0NRT,273.03,0.76,N,2026-10-04 05:57:05,Sedang
-1.26645,122.03269,298.93,0.44,0.46,2026-10-03,1705,N,VIIRS,n,2.0NRT,274.05,0.76,N,2026-10-04 05:57:05,Sedang
-1.24997,121.73468,303.14,0.46,0.47,2026-10-03,1705,N,VIIRS,n,2.0NRT,280.35,1.62,N,2026-10-04 05:57:05,Sedang
-1.2441,116.82001,303.06,0.49,0.65,2026-10-03,1705,N,VIIRS,n,2.0NRT,284.56,2.65,N,2026-10-04 05:57:05,Sedang
-1.18342,121.65462,299.12,0.47,0.47,2026-10-03,1705,N,VIIRS,n,2.0NRT,282.93,0.86,N,2026-10-04 05:57:05,Sedang
-0.69508,117.25703,310.34,0.47,0.64,2026-10-03,1705,N,VIIRS,n,2.0NRT,290.93,1.33,N,2026-10-04 05:57:05,Sedang
-0.53238,117.21536,306.1,0.47,0.64,2026-10-03,1705,N,VIIRS,n,2.0NRT,291.17,1.21,N,2026-10-04 05:57:05,Sedang
-0.51537,115.79013,302.93,0.59,0.7,2026-10-03,1705,N,VIIRS,n,2.0NRT,258.48,1.57,N,2026-10-04 05:57:05,Sedang
0.36773,127.79666,303.23,0.39,0.36,2026-10-03,1705,N,VIIRS,n,2.0NRT,289.74,1.08,N,2026-10-04 05:57:05,Sedang
0.37771,127.79821,302.69,0.39,0.36,2026-10-03,1705,N,VIIRS,n,2.0NRT,290,1.07,N,2026-10-04 05:57:05,Sedang
0.38714,127.80322,306,0.39,0.36,2026-10-03,1705,N,VIIRS,n,2.0NRT,290.51,1.05,N,2026-10-04 05:57:05,Sedang
0.45157,127.89118,301.86,0.38,0.36,2026-10-03,1705,N,VIIRS,n,2.0NRT,285.5,0.6,N,2026-10-04 05:57:05,Sedang
0.45544,127.88826,323.31,0.38,0.36,2026-10-03,1705,N,VIIRS,n,2.0NRT,286.78,1.27,N,2026-10-04 05:57:05,Sedang
0.45599,127.88481,304.03,0.38,0.36,2026-10-03,1705,N,VIIRS,n,2.0NRT,285.8,1.27,N,2026-10-04 05:57:05,Sedang
0.4698,127.87994,315.3,0.38,0.36,2026-10-03,1705,N,VIIRS,n,2.0NRT,285.54,1.09,N,2026-10-04 05:57:05,Sedang
0.48057,128.00539,307.36,0.38,0.36,2026-10-03,1705,N,VIIRS,n,2.0NRT,281.9,1.38,N,2026-10-04 05:57:05,Sedang
0.48112,128.00194,309.61,0.38,0.36,2026-10-03,1705,N,VIIRS,n,2.0NRT,282.89,1.38,N,2026-10-04 05:57:05,Sedang
0.48276,127.99158,314.38,0.38,0.36,2026-10-03,1705,N,VIIRS,n,2.0NRT,282.86,1.14,N,2026-10-04 05:57:05,Sedang
0.48427,128.1967,296.15,0.38,0.36,2026-10-03,1705,N,VIIRS,n,2.0NRT,276.49,0.58,N,2026-10-04 05:57:05,Sedang
0.48609,127.99212,312.64,0.38,0.36,2026-10-03,1705,N,VIIRS,n,2.0NRT,284.12,1.14,N,2026-10-04 05:57:05,Sedang
0.48642,127.88255,301.93,0.38,0.36,2026-10-03,1705,N,VIIRS,n,2.0NRT,285.87,1.2,N,2026-10-04 05:57:05,Sedang
0.48882,127.97489,314.35,0.38,0.36,2026-10-03,1705,N,VIIRS,n,2.0NRT,282.21,2.15,N,2026-10-04 05:57:05,Sedang
0.50977,127.92875,338.89,0.38,0.36,2026-10-03,1705,N,VIIRS,n,2.0NRT,287.05,4.32,N,2026-10-04 05:57:05,Sedang
0.51138,127.89707,310.63,0.38,0.36,2026-10-03,1705,N,VIIRS,n,2.0NRT,286.32,1.23,N,2026-10-04 05:57:05,Sedang
0.51193,127.89362,312.61,0.38,0.36,2026-10-03,1705,N,VIIRS,n,2.0NRT,286.38,1.23,N,2026-10-04 05:57:05,Sedang
0.51641,127.92981,303.47,0.38,0.36,2026-10-03,1705,N,VIIRS,n,2.0NRT,285.22,0.97,N,2026-10-04 05:57:05,Sedang
0.55771,127.98594,330.75,0.38,0.36,2026-10-03,1705,N,VIIRS,n,2.0NRT,281.07,5.63,N,2026-10-04 05:57:05,Sedang
0.55795,127.92563,306.92,0.38,0.36,2026-10-03,1705,N,VIIRS,n,2.0NRT,285.64,0.86,N,2026-10-04 05:57:05,Sedang
0.56088,127.92253,313.47,0.38,0.36,2026-10-03,1705,N,VIIRS,n,2.0NRT,285.8,1.27,N,2026-10-04 05:57:05,Sedang
0.56157,127.98296,356.32,0.38,0.36,2026-10-03,1705,N,VIIRS,n,2.0NRT,288.31,7.88,N,2026-10-04 05:57:05,Sedang
0.56321,127.97256,305.29,0.38,0.36,2026-10-03,1705,N,VIIRS,n,2.0NRT,282.06,1.33,N,2026-10-04 05:57:05,Sedang
0.56485,127.96216,323.51,0.38,0.36,2026-10-03,1705,N,VIIRS,n,2.0NRT,286.93,2.17,N,2026-10-04 05:57:05,Sedang
0.5653,127.91612,303.33,0.38,0.36,2026-10-03,1705,N,VIIRS,n,2.0NRT,285.03,0.74,N,2026-10-04 05:57:05,Sedang
0.56539,127.95869,315.86,0.38,0.36,2026-10-03,1705,N,VIIRS,n,2.0NRT,288.74,2.17,N,2026-10-04 05:57:05,Sedang
0.56544,127.98001,324.73,0.38,0.36,2026-10-03,1705,N,VIIRS,n,2.0NRT,281.74,3.34,N,2026-10-04 05:57:05,Sedang
0.56649,127.95177,304.47,0.38,0.36,2026-10-03,1705,N,VIIRS,n,2.0NRT,287,1.36,N,2026-10-04 05:57:05,Sedang
0.56653,127.97306,350.28,0.38,0.36,2026-10-03,1705,N,VIIRS,n,2.0NRT,289.89,4.58,N,2026-10-04 05:57:05,Sedang
0.56712,127.99094,301.42,0.38,0.36,2026-10-03,1705,N,VIIRS,n,2.0NRT,280.25,1.08,N,2026-10-04 05:57:05,Sedang
0.57267,127.99892,306.06,0.38,0.36,2026-10-03,1705,N,VIIRS,n,2.0NRT,274.82,0.96,N,2026-10-04 05:57:05,Sedang
0.5736,127.59097,306.69,0.39,0.36,2026-10-03,1705,N,VIIRS,n,2.0NRT,287.74,1.05,N,2026-10-04 05:57:05,Sedang
0.5754,127.98157,336.47,0.38,0.36,2026-10-03,1705,N,VIIRS,n,2.0NRT,288.61,1.92,N,2026-10-04 05:57:05,Sedang
0.5765,127.97465,317.07,0.38,0.36,2026-10-03,1705,N,VIIRS,n,2.0NRT,288.61,2.2,N,2026-10-04 05:57:05,Sedang
0.57693,127.59151,304.28,0.39,0.36,2026-10-03,1705,N,VIIRS,n,2.0NRT,287.83,1.05,N,2026-10-04 05:57:05,Sedang
0.57708,127.9925,308.75,0.38,0.36,2026-10-03,1705,N,VIIRS,n,2.0NRT,283.03,1.53,N,2026-10-04 05:57:05,Sedang
0.57814,127.96423,313.2,0.38,0.36,2026-10-03,1705,N,VIIRS,n,2.0NRT,287.59,2.65,N,2026-10-04 05:57:05,Sedang
0.5831,127.95436,302.53,0.38,0.36,2026-10-03,1705,N,VIIRS,n,2.0NRT,287.06,1.04,N,2026-10-04 05:57:05,Sedang
0.58533,127.96181,304.78,0.38,0.36,2026-10-03,1705,N,VIIRS,n,2.0NRT,285.93,0.91,N,2026-10-04 05:57:05,Sedang
0.58565,128.41037,301.6,0.38,0.36,2026-10-03,1705,N,VIIRS,n,2.0NRT,269.81,0.76,N,2026-10-04 05:57:05,Sedang
0.58617,127.82733,311.04,0.39,0.36,2026-10-03,1705,N,VIIRS,n,2.0NRT,290.75,1.14,N,2026-10-04 05:57:05,Sedang
0.58745,127.54679,311.93,0.39,0.36,2026-10-03,1705,N,VIIRS,n,2.0NRT,286.27,1.22,N,2026-10-04 05:57:05,Sedang
0.60318,128.32126,296.26,0.38,0.36,2026-10-03,1705,N,VIIRS,n,2.0NRT,274.89,0.37,N,2026-10-04 05:57:05,Sedang
0.60418,127.97179,304.68,0.38,0.36,2026-10-03,1705,N,VIIRS,n,2.0NRT,287.91,1.07,N,2026-10-04 05:57:05,Sedang
0.6053,128.26511,306.65,0.38,0.36,2026-10-03,1705,N,VIIRS,n,2.0NRT,285.62,0.7,N,2026-10-04 05:57:05,Sedang
0.60657,128.31882,300.85,0.38,0.36,2026-10-03,1705,N,VIIRS,n,2.0NRT,277.42,0.52,N,2026-10-04 05:57:05,Sedang
0.6069,128.23358,310.9,0.38,0.36,2026-10-03,1705,N,VIIRS,n,2.0NRT,286.16,1.12,N,2026-10-04 05:57:05,Sedang
0.60967,128.23753,314.32,0.38,0.36,2026-10-03,1705,N,VIIRS,n,2.0NRT,286.7,1.12,N,2026-10-04 05:57:05,Sedang
0.61518,128.22427,305.96,0.38,0.36,2026-10-03,1705,N,VIIRS,n,2.0NRT,286.97,0.67,N,2026-10-04 05:57:05,Sedang
0.61686,128.23514,308.39,0.38,0.36,2026-10-03,1705,N,VIIRS,n,2.0NRT,286.53,0.63,N,2026-10-04 05:57:05,Sedang
0.61741,128.23169,303.45,0.38,0.36,2026-10-03,1705,N,VIIRS,n,2.0NRT,287.21,1.57,N,2026-10-04 05:57:05,Sedang
0.61767,128.33467,313.66,0.38,0.36,2026-10-03,1705,N,VIIRS,n,2.0NRT,282,0.98,N,2026-10-04 05:57:05,Sedang
0.61786,128.18587,304.53,0.38,0.36,2026-10-03,1705,N,VIIRS,n,2.0NRT,286.69,0.61,N,2026-10-04 05:57:05,Sedang
0.61818,128.31003,297.75,0.38,0.36,2026-10-03,1705,N,VIIRS,n,2.0NRT,279.59,0.28,N,2026-10-04 05:57:05,Sedang
0.62099,128.33519,308.6,0.38,0.36,2026-10-03,1705,N,VIIRS,n,2.0NRT,283.08,0.98,N,2026-10-04 05:57:05,Sedang
0.62536,128.30763,301.36,0.38,0.36,2026-10-03,1705,N,VIIRS,n,2.0NRT,282.87,0.71,N,2026-10-04 05:57:05,Sedang
0.62624,127.91857,354.82,0.38,0.36,2026-10-03,1705,N,VIIRS,n,2.0NRT,288.88,9.27,N,2026-10-04 05:57:05,Sedang
0.62914,128.26233,305.39,0.38,0.36,2026-10-03,1705,N,VIIRS,n,2.0NRT,283.18,0.7,N,2026-10-04 05:57:05,Sedang
0.63001,127.85191,307.29,0.39,0.36,2026-10-03,1705,N,VIIRS,n,2.0NRT,286.41,0.89,N,2026-10-04 05:57:05,Sedang
0.63075,128.2308,317.05,0.38,0.36,2026-10-03,1705,N,VIIRS,n,2.0NRT,286.99,1.44,N,2026-10-04 05:57:05,Sedang
0.63162,127.82026,304.61,0.39,0.36,2026-10-03,1705,N,VIIRS,n,2.0NRT,287.77,1.42,N,2026-10-04 05:57:05,Sedang
0.63278,127.85588,301.65,0.39,0.36,2026-10-03,1705,N,VIIRS,n,2.0NRT,286.13,0.93,N,2026-10-04 05:57:05,Sedang
0.63533,128.30919,312.64,0.38,0.36,2026-10-03,1705,N,VIIRS,n,2.0NRT,282.7,1.05,N,2026-10-04 05:57:05,Sedang
0.63571,128.22099,320.9,0.38,0.36,2026-10-03,1705,N,VIIRS,n,2.0NRT,288.66,2.58,N,2026-10-04 05:57:05,Sedang
0.63666,127.85294,301.89,0.39,0.36,2026-10-03,1705,N,VIIRS,n,2.0NRT,286.37,0.71,N,2026-10-04 05:57:05,Sedang
0.63746,128.27423,299.91,0.38,0.36,2026-10-03,1705,N,VIIRS,n,2.0NRT,282.8,0.51,N,2026-10-04 05:57:05,Sedang
0.64177,127.92809,312.62,0.38,0.36,2026-10-03,1705,N,VIIRS,n,2.0NRT,279.67,1.08,N,2026-10-04 05:57:05,Sedang
0.64232,127.92465,299.33,0.38,0.36,2026-10-03,1705,N,VIIRS,n,2.0NRT,280.52,0.21,N,2026-10-04 05:57:05,Sedang
0.64411,128.27527,299.24,0.38,0.36,2026-10-03,1705,N,VIIRS,n,2.0NRT,282.52,0.48,N,2026-10-04 05:57:05,Sedang
0.64564,127.92517,299.64,0.38,0.36,2026-10-03,1705,N,VIIRS,n,2.0NRT,280.36,0.21,N,2026-10-04 05:57:05,Sedang
0.64664,127.85452,305.58,0.39,0.36,2026-10-03,1705,N,VIIRS,n,2.0NRT,286.14,1.01,N,2026-10-04 05:57:05,Sedang
0.64683,127.98198,306.11,0.38,0.36,2026-10-03,1705,N,VIIRS,n,2.0NRT,288.44,0.77,N,2026-10-04 05:57:05,Sedang
0.64731,128.21222,302.15,0.38,0.36,2026-10-03,1705,N,VIIRS,n,2.0NRT,286.76,0.44,N,2026-10-04 05:57:05,Sedang
0.65227,128.20241,302.85,0.38,0.36,2026-10-03,1705,N,VIIRS,n,2.0NRT,286.37,1.66,N,2026-10-04 05:57:05,Sedang
0.65239,128.26598,302.28,0.38,0.36,2026-10-03,1705,N,VIIRS,n,2.0NRT,283.99,0.7,N,2026-10-04 05:57:05,Sedang
0.65505,128.20636,307.93,0.38,0.36,2026-10-03,1705,N,VIIRS,n,2.0NRT,287.42,1.24,N,2026-10-04 05:57:05,Sedang
0.65559,128.20293,316.89,0.38,0.36,2026-10-03,1705,N,VIIRS,n,2.0NRT,288.6,1.66,N,2026-10-04 05:57:05,Sedang
0.6556,127.92677,313.97,0.38,0.36,2026-10-03,1705,N,VIIRS,n,2.0NRT,284.78,1.52,N,2026-10-04 05:57:05,Sedang
0.66122,128.25323,304.14,0.38,0.36,2026-10-03,1705,N,VIIRS,n,2.0NRT,286.3,0.71,N,2026-10-04 05:57:05,Sedang
0.66548,127.88596,298.32,0.39,0.36,2026-10-03,1705,N,VIIRS,n,2.0NRT,278.52,0.17,N,2026-10-04 05:57:05,Sedang
0.66556,127.92838,313.81,0.38,0.36,2026-10-03,1705,N,VIIRS,n,2.0NRT,286.42,1.56,N,2026-10-04 05:57:05,Sedang
0.66556,128.20448,322.02,0.38,0.36,2026-10-03,1705,N,VIIRS,n,2.0NRT,288.92,1.55,N,2026-10-04 05:57:05,Sedang
0.66934,127.84036,303.11,0.39,0.36,2026-10-03,1705,N,VIIRS,n,2.0NRT,286.23,0.53,N,2026-10-04 05:57:05,Sedang
0.66941,127.92249,301.98,0.38,0.36,2026-10-03,1705,N,VIIRS,n,2.0NRT,284.07,0.89,N,2026-10-04 05:57:05,Sedang
0.67333,127.94071,323.17,0.38,0.36,2026-10-03,1705,N,VIIRS,n,2.0NRT,289.46,1.43,N,2026-10-04 05:57:05,Sedang
0.67438,127.91272,307.52,0.38,0.36,2026-10-03,1705,N,VIIRS,n,2.0NRT,282.78,1.38,N,2026-10-04 05:57:05,Sedang
0.67665,127.94125,312.55,0.38,0.36,2026-10-03,1705,N,VIIRS,n,2.0NRT,288.84,1.43,N,2026-10-04 05:57:05,Sedang
0.67775,127.93439,310.17,0.38,0.36,2026-10-03,1705,N,VIIRS,n,2.0NRT,288.39,1.09,N,2026-10-04 05:57:05,Sedang
0.69255,127.8623,301.62,0.39,0.36,2026-10-03,1705,N,VIIRS,n,2.0NRT,287.71,0.76,N,2026-10-04 05:57:05,Sedang
0.69777,128.25896,302.84,0.38,0.36,2026-10-03,1705,N,VIIRS,n,2.0NRT,286.04,0.75,N,2026-10-04 05:57:05,Sedang
0.71101,128.23984,302.68,0.38,0.36,2026-10-03,1705,N,VIIRS,n,2.0NRT,286.03,0.64,N,2026-10-04 05:57:05,Sedang
0.72483,128.23848,303.46,0.38,0.36,2026-10-03,1705,N,VIIRS,n,2.0NRT,284.83,0.64,N,2026-10-04 05:57:05,Sedang
0.72537,128.23505,317.39,0.38,0.36,2026-10-03,1705,N,VIIRS,n,2.0NRT,285.79,1.37,N,2026-10-04 05:57:05,Sedang
0.75135,127.89987,310.35,0.39,0.36,2026-10-03,1705,N,VIIRS,n,2.0NRT,288.98,1.38,N,2026-10-04 05:57:05,Sedang
0.75821,127.66312,304.83,0.39,0.36,2026-10-03,1705,N,VIIRS,n,2.0NRT,289.8,0.69,N,2026-10-04 05:57:05,Sedang
0.75854,127.89749,309.31,0.39,0.36,2026-10-03,1705,N,VIIRS,n,2.0NRT,289.07,1.37,N,2026-10-04 05:57:05,Sedang
0.76298,127.91241,304.41,0.39,0.36,2026-10-03,1705,N,VIIRS,n,2.0NRT,285.66,0.85,N,2026-10-04 05:57:05,Sedang
0.76328,127.73875,312.19,0.39,0.36,2026-10-03,1705,N,VIIRS,n,2.0NRT,284.18,1.25,N,2026-10-04 05:57:05,Sedang
0.77073,127.90651,314.97,0.39,0.36,2026-10-03,1705,N,VIIRS,n,2.0NRT,286.17,1.81,N,2026-10-04 05:57:05,Sedang
0.77129,127.90304,320.2,0.39,0.36,2026-10-03,1705,N,VIIRS,n,2.0NRT,287.3,1.81,N,2026-10-04 05:57:05,Sedang
0.78177,127.83717,301.82,0.39,0.36,2026-10-03,1705,N,VIIRS,n,2.0NRT,286.57,0.37,N,2026-10-04 05:57:05,Sedang
0.78204,127.9151,301.8,0.39,0.36,2026-10-03,1705,N,VIIRS,n,2.0NRT,282.71,0.96,N,2026-10-04 05:57:05,Sedang
0.78651,127.92995,314.64,0.39,0.36,2026-10-03,1705,N,VIIRS,n,2.0NRT,284.19,1.59,N,2026-10-04 05:57:05,Sedang
0.78715,127.73887,305.9,0.39,0.36,2026-10-03,1705,N,VIIRS,n,2.0NRT,286.43,1.11,N,2026-10-04 05:57:05,Sedang
0.79134,127.85619,303.97,0.39,0.36,2026-10-03,1705,N,VIIRS,n,2.0NRT,286.14,0.51,N,2026-10-04 05:57:05,Sedang
0.7922,127.75014,308.65,0.39,0.36,2026-10-03,1705,N,VIIRS,n,2.0NRT,286.57,0.94,N,2026-10-04 05:57:05,Sedang
0.79443,127.75755,310.6,0.39,0.36,2026-10-03,1705,N,VIIRS,n,2.0NRT,287.93,1.14,N,2026-10-04 05:57:05,Sedang
0.79553,127.75066,308.89,0.39,0.36,2026-10-03,1705,N,VIIRS,n,2.0NRT,288.15,0.94,N,2026-10-04 05:57:05,Sedang
0.80035,127.92854,301.18,0.39,0.36,2026-10-03,1705,N,VIIRS,n,2.0NRT,282.05,0.92,N,2026-10-04 05:57:05,Sedang
0.80145,127.92165,302.19,0.39,0.36,2026-10-03,1705,N,VIIRS,n,2.0NRT,277.48,0.84,N,2026-10-04 05:57:05,Sedang
0.8105,127.33307,299.97,0.39,0.36,2026-10-03,1705,N,VIIRS,n,2.0NRT,286.31,0.45,N,2026-10-04 05:57:05,Sedang
0.81581,127.8955,300.09,0.39,0.36,2026-10-03,1705,N,VIIRS,n,2.0NRT,281.96,0.76,N,2026-10-04 05:57:05,Sedang
0.82805,127.92577,299.64,0.39,0.36,2026-10-03,1705,N,VIIRS,n,2.0NRT,281.09,0.61,N,2026-10-04 05:57:05,Sedang
0.835,128.09663,297.67,0.38,0.36,2026-10-03,1705,N,VIIRS,n,2.0NRT,270.09,0.62,N,2026-10-04 05:57:05,Sedang
0.83832,128.09715,299.51,0.38,0.36,2026-10-03,1705,N,VIIRS,n,2.0NRT,270.5,0.75,N,2026-10-04 05:57:05,Sedang
0.83942,128.09024,295.74,0.38,0.36,2026-10-03,1705,N,VIIRS,n,2.0NRT,267.89,0.3,N,2026-10-04 05:57:05,Sedang
0.85263,127.32713,338.81,0.39,0.36,2026-10-03,1705,N,VIIRS,n,2.0NRT,295.16,2.71,N,2026-10-04 05:57:05,Sedang
0.85543,127.33118,314.71,0.39,0.36,2026-10-03,1705,N,VIIRS,n,2.0NRT,291.4,2.71,N,2026-10-04 05:57:05,Sedang
0.86307,128.23889,297.85,0.38,0.36,2026-10-03,1705,N,VIIRS,n,2.0NRT,279.14,0.23,N,2026-10-04 05:57:05,Sedang
0.86521,127.97066,301.02,0.38,0.36,2026-10-03,1705,N,VIIRS,n,2.0NRT,283.82,0.69,N,2026-10-04 05:57:05,Sedang
0.8664,128.23941,299.41,0.38,0.36,2026-10-03,1705,N,VIIRS,n,2.0NRT,280.67,0.23,N,2026-10-04 05:57:05,Sedang
0.86749,128.23253,317.84,0.38,0.36,2026-10-03,1705,N,VIIRS,n,2.0NRT,278.51,1.78,N,2026-10-04 05:57:05,Sedang
0.86808,128.25026,302.52,0.38,0.36,2026-10-03,1705,N,VIIRS,n,2.0NRT,277.06,0.63,N,2026-10-04 05:57:05,Sedang
0.87307,128.26163,315.14,0.38,0.36,2026-10-03,1705,N,VIIRS,n,2.0NRT,279.97,1.7,N,2026-10-04 05:57:05,Sedang
0.87694,128.25871,311.43,0.38,0.36,2026-10-03,1705,N,VIIRS,n,2.0NRT,279.7,1.14,N,2026-10-04 05:57:05,Sedang
0.93388,128.32385,296.95,0.38,0.36,2026-10-03,1705,N,VIIRS,n,2.0NRT,275.15,0.5,N,2026-10-04 05:57:05,Sedang
0.93585,127.54797,315.19,0.39,0.36,2026-10-03,1705,N,VIIRS,n,2.0NRT,290.38,2.12,N,2026-10-04 05:57:05,Sedang
0.94392,127.96526,303.51,0.38,0.36,2026-10-03,1705,N,VIIRS,n,2.0NRT,280.71,1.11,N,2026-10-04 05:57:05,Sedang
0.9461,128.35402,307.63,0.38,0.36,2026-10-03,1705,N,VIIRS,n,2.0NRT,276.15,1.59,N,2026-10-04 05:57:05,Sedang
0.94724,127.96578,303.85,0.38,0.36,2026-10-03,1705,N,VIIRS,n,2.0NRT,281.39,0.63,N,2026-10-04 05:57:05,Sedang
0.95274,128.35507,302.55,0.38,0.36,2026-10-03,1705,N,VIIRS,n,2.0NRT,276.74,0.65,N,2026-10-04 05:57:05,Sedang
0.96053,128.37041,308.04,0.38,0.36,2026-10-03,1705,N,VIIRS,n,2.0NRT,276.21,1.42,N,2026-10-04 05:57:05,Sedang
0.9634,124.3768,303.81,0.51,0.41,2026-10-03,1705,N,VIIRS,n,2.0NRT,291.22,0.5,N,2026-10-04 05:57:05,Sedang
0.96716,128.37144,308.29,0.38,0.36,2026-10-03,1705,N,VIIRS,n,2.0NRT,276.84,1.4,N,2026-10-04 05:57:05,Sedang
0.96729,128.435,295.35,0.38,0.36,2026-10-03,1705,N,VIIRS,n,2.0NRT,269.97,0.52,N,2026-10-04 05:57:05,Sedang
0.97107,127.96594,302.98,0.39,0.36,2026-10-03,1705,N,VIIRS,n,2.0NRT,283.83,0.8,N,2026-10-04 05:57:05,Sedang
0.9777,127.96703,301.12,0.39,0.36,2026-10-03,1705,N,VIIRS,n,2.0NRT,283.71,1.17,N,2026-10-04 05:57:05,Sedang
0.98066,124.36593,308.21,0.51,0.41,2026-10-03,1705,N,VIIRS,n,2.0NRT,292.21,0.69,N,2026-10-04 05:57:05,Sedang
0.98268,127.97851,299.91,0.38,0.36,2026-10-03,1705,N,VIIRS,n,2.0NRT,281.33,1.09,N,2026-10-04 05:57:05,Sedang
0.98518,127.97869,301.23,0.38,0.36,2026-10-03,1705,N,VIIRS,n,2.0NRT,281.08,0.6,N,2026-10-04 05:57:05,Sedang
0.99903,127.97724,301.98,0.39,0.36,2026-10-03,1705,N,VIIRS,n,2.0NRT,282.39,0.58,N,2026-10-04 05:57:05,Sedang
1.00221,127.61927,305.63,0.39,0.36,2026-10-03,1705,N,VIIRS,n,2.0NRT,292.5,0.55,N,2026-10-04 05:57:05,Sedang
1.01996,128.21028,308.4,0.38,0.36,2026-10-03,1705,N,VIIRS,n,2.0NRT,273.42,1,N,2026-10-04 05:57:05,Sedang
1.02105,128.20341,308.29,0.38,0.36,2026-10-03,1705,N,VIIRS,n,2.0NRT,273.54,1.25,N,2026-10-04 05:57:05,Sedang
1.0266,128.21135,305.13,0.38,0.36,2026-10-03,1705,N,VIIRS,n,2.0NRT,272.34,1.63,N,2026-10-04 05:57:05,Sedang
1.03619,127.64223,306.4,0.39,0.36,2026-10-03,1705,N,VIIRS,n,2.0NRT,293.73,1.88,N,2026-10-04 05:57:05,Sedang
1.03989,128.21339,304.78,0.38,0.36,2026-10-03,1705,N,VIIRS,n,2.0NRT,271.96,1.04,N,2026-10-04 05:57:05,Sedang
1.04059,128.29469,300.7,0.38,0.36,2026-10-03,1705,N,VIIRS,n,2.0NRT,278.92,0.78,N,2026-10-04 05:57:05,Sedang
1.04346,128.29576,299.57,0.38,0.36,2026-10-03,1705,N,VIIRS,n,2.0NRT,277.88,0.56,N,2026-10-04 05:57:05,Sedang
1.04771,128.24991,295.96,0.38,0.36,2026-10-03,1705,N,VIIRS,n,2.0NRT,270.13,0.54,N,2026-10-04 05:57:05,Sedang
1.04797,128.09813,304.92,0.38,0.36,2026-10-03,1705,N,VIIRS,n,2.0NRT,285.23,1.24,N,2026-10-04 05:57:05,Sedang
1.05335,127.99989,308.03,0.38,0.36,2026-10-03,1705,N,VIIRS,n,2.0NRT,279.01,0.72,N,2026-10-04 05:57:05,Sedang
1.05354,128.10599,303.74,0.38,0.36,2026-10-03,1705,N,VIIRS,n,2.0NRT,284.1,0.95,N,2026-10-04 05:57:05,Sedang
1.05668,128.0004,327.56,0.38,0.36,2026-10-03,1705,N,VIIRS,n,2.0NRT,280.7,2.39,N,2026-10-04 05:57:05,Sedang
1.05796,128.09961,310.83,0.38,0.36,2026-10-03,1705,N,VIIRS,n,2.0NRT,286.07,1.05,N,2026-10-04 05:57:05,Sedang
1.05828,128.2451,296.76,0.38,0.36,2026-10-03,1705,N,VIIRS,n,2.0NRT,273.4,0.6,N,2026-10-04 05:57:05,Sedang
1.05883,128.24168,307.06,0.38,0.36,2026-10-03,1705,N,VIIRS,n,2.0NRT,276.02,0.6,N,2026-10-04 05:57:05,Sedang
1.05905,128.09273,307.73,0.38,0.36,2026-10-03,1705,N,VIIRS,n,2.0NRT,287.01,1.23,N,2026-10-04 05:57:05,Sedang
1.06019,128.10703,302.83,0.38,0.36,2026-10-03,1705,N,VIIRS,n,2.0NRT,283.06,0.38,N,2026-10-04 05:57:05,Sedang
1.07997,128.02531,299.47,0.38,0.36,2026-10-03,1705,N,VIIRS,n,2.0NRT,279.93,0.59,N,2026-10-04 05:57:05,Sedang
1.08316,128.23842,302.63,0.38,0.36,2026-10-03,1705,N,VIIRS,n,2.0NRT,281.51,0.66,N,2026-10-04 05:57:05,Sedang
1.08325,128.28079,302.08,0.38,0.36,2026-10-03,1705,N,VIIRS,n,2.0NRT,272.5,0.62,N,2026-10-04 05:57:05,Sedang
1.08385,128.02234,303.1,0.38,0.36,2026-10-03,1705,N,VIIRS,n,2.0NRT,279.99,0.57,N,2026-10-04 05:57:05,Sedang
1.08602,128.28476,296.98,0.38,0.36,2026-10-03,1705,N,VIIRS,n,2.0NRT,270.37,0.35,N,2026-10-04 05:57:05,Sedang
1.08825,128.29216,297.78,0.38,0.36,2026-10-03,1705,N,VIIRS,n,2.0NRT,275.18,0.48,N,2026-10-04 05:57:05,Sedang
1.09102,128.29614,295.45,0.38,0.36,2026-10-03,1705,N,VIIRS,n,2.0NRT,275.9,0.49,N,2026-10-04 05:57:05,Sedang
1.09849,127.7585,308.6,0.39,0.36,2026-10-03,1705,N,VIIRS,n,2.0NRT,291.48,1,N,2026-10-04 05:57:05,Sedang
1.10292,127.75206,311.77,0.39,0.36,2026-10-03,1705,N,VIIRS,n,2.0NRT,291.7,2.22,N,2026-10-04 05:57:05,Sedang
1.10681,127.74911,325.63,0.39,0.36,2026-10-03,1705,N,VIIRS,n,2.0NRT,291.36,2.44,N,2026-10-04 05:57:05,Sedang
1.1236,128.26239,316.1,0.38,0.36,2026-10-03,1705,N,VIIRS,n,2.0NRT,285.22,1.89,N,2026-10-04 05:57:05,Sedang
1.13285,127.69273,327.15,0.39,0.36,2026-10-03,1705,N,VIIRS,n,2.0NRT,293.2,1.57,N,2026-10-04 05:57:05,Sedang
1.14294,128.24777,300.74,0.38,0.36,2026-10-03,1705,N,VIIRS,n,2.0NRT,282.52,0.96,N,2026-10-04 05:57:05,Sedang
1.14626,128.24829,309.04,0.38,0.36,2026-10-03,1705,N,VIIRS,n,2.0NRT,282.37,1.34,N,2026-10-04 05:57:05,Sedang
1.14681,128.24483,301.02,0.38,0.36,2026-10-03,1705,N,VIIRS,n,2.0NRT,282.03,0.48,N,2026-10-04 05:57:05,Sedang
1.1469,128.68976,297.31,0.38,0.36,2026-10-03,1705,N,VIIRS,n,2.0NRT,271.73,0.34,N,2026-10-04 05:57:05,Sedang
1.15125,128.25969,299.65,0.38,0.36,2026-10-03,1705,N,VIIRS,n,2.0NRT,279.85,0.64,N,2026-10-04 05:57:05,Sedang
1.15139,127.72119,304.54,0.39,0.36,2026-10-03,1705,N,VIIRS,n,2.0NRT,292.42,0.87,N,2026-10-04 05:57:05,Sedang
1.15806,127.72227,307.02,0.39,0.36,2026-10-03,1705,N,VIIRS,n,2.0NRT,292.34,0.92,N,2026-10-04 05:57:05,Sedang
1.16209,127.80471,306.35,0.39,0.36,2026-10-03,1705,N,VIIRS,n,2.0NRT,292.6,0.96,N,2026-10-04 05:57:05,Sedang
1.16384,127.53373,303.96,0.39,0.36,2026-10-03,1705,N,VIIRS,n,2.0NRT,292.43,1.25,N,2026-10-04 05:57:05,Sedang
1.17595,127.80341,308.25,0.39,0.36,2026-10-03,1705,N,VIIRS,n,2.0NRT,291.07,1.17,N,2026-10-04 05:57:05,Sedang
1.17842,128.66287,299.37,0.38,0.36,2026-10-03,1705,N,VIIRS,n,2.0NRT,276.59,0.53,N,2026-10-04 05:57:05,Sedang
1.18377,127.8187,307.22,0.39,0.36,2026-10-03,1705,N,VIIRS,n,2.0NRT,293.35,1.01,N,2026-10-04 05:57:05,Sedang
1.18764,127.81579,304.24,0.39,0.36,2026-10-03,1705,N,VIIRS,n,2.0NRT,292.19,0.78,N,2026-10-04 05:57:05,Sedang
1.21705,127.8026,303.87,0.39,0.36,2026-10-03,1705,N,VIIRS,n,2.0NRT,290.01,0.54,N,2026-10-04 05:57:05,Sedang
1.23867,127.76659,303.82,0.39,0.36,2026-10-03,1705,N,VIIRS,n,2.0NRT,289.61,0.41,N,2026-10-04 05:57:05,Sedang
1.24758,127.77507,342.18,0.39,0.36,2026-10-03,1705,N,VIIRS,n,2.0NRT,291.85,2.04,N,2026-10-04 05:57:05,Sedang
1.24813,127.77161,306.61,0.39,0.36,2026-10-03,1705,N,VIIRS,n,2.0NRT,290.52,1.74,N,2026-10-04 05:57:05,Sedang
1.25068,128.69893,300.35,0.38,0.36,2026-10-03,1705,N,VIIRS,n,2.0NRT,278.19,0.46,N,2026-10-04 05:57:05,Sedang
1.25534,127.7692,310.97,0.39,0.36,2026-10-03,1705,N,VIIRS,n,2.0NRT,290.15,1.86,N,2026-10-04 05:57:05,Sedang
1.25644,127.76224,301.16,0.39,0.36,2026-10-03,1705,N,VIIRS,n,2.0NRT,289.1,0.61,N,2026-10-04 05:57:05,Sedang
1.25748,127.73405,311.68,0.39,0.36,2026-10-03,1705,N,VIIRS,n,2.0NRT,291.33,1.68,N,2026-10-04 05:57:05,Sedang
1.26279,128.21684,302.81,0.38,0.36,2026-10-03,1705,N,VIIRS,n,2.0NRT,274.42,0.73,N,2026-10-04 05:57:05,Sedang
1.27281,128.68822,301,0.38,0.36,2026-10-03,1705,N,VIIRS,n,2.0NRT,280.62,0.52,N,2026-10-04 05:57:05,Sedang
1.27614,128.68874,301.59,0.38,0.36,2026-10-03,1705,N,VIIRS,n,2.0NRT,280.82,0.52,N,2026-10-04 05:57:05,Sedang
1.29207,127.47133,310.9,0.39,0.36,2026-10-03,1705,N,VIIRS,n,2.0NRT,292.77,0.96,N,2026-10-04 05:57:05,Sedang
1.29295,128.21805,318.41,0.38,0.36,2026-10-03,1705,N,VIIRS,n,2.0NRT,278.39,3.15,N,2026-10-04 05:57:05,Sedang
1.29605,127.87857,309.07,0.39,0.36,2026-10-03,1705,N,VIIRS,n,2.0NRT,291.07,1.05,N,2026-10-04 05:57:05,Sedang
1.30501,127.92962,307.41,0.39,0.36,2026-10-03,1705,N,VIIRS,n,2.0NRT,291,1.18,N,2026-10-04 05:57:05,Sedang
1.30564,127.5807,302.52,0.39,0.36,2026-10-03,1705,N,VIIRS,n,2.0NRT,292.36,0.42,N,2026-10-04 05:57:05,Sedang
1.31355,128.28134,299.5,0.38,0.36,2026-10-03,1705,N,VIIRS,n,2.0NRT,274.22,0.72,N,2026-10-04 05:57:05,Sedang
1.31687,128.28186,299.7,0.38,0.36,2026-10-03,1705,N,VIIRS,n,2.0NRT,274.69,1.16,N,2026-10-04 05:57:05,Sedang
1.31796,128.27496,300.89,0.38,0.36,2026-10-03,1705,N,VIIRS,n,2.0NRT,273.58,0.52,N,2026-10-04 05:57:05,Sedang
1.31879,127.88574,307.93,0.39,0.36,2026-10-03,1705,N,VIIRS,n,2.0NRT,290.74,0.87,N,2026-10-04 05:57:05,Sedang
1.31964,128.28583,325.55,0.38,0.36,2026-10-03,1705,N,VIIRS,n,2.0NRT,276.13,1.16,N,2026-10-04 05:57:05,Sedang
1.32043,127.8754,304.32,0.39,0.36,2026-10-03,1705,N,VIIRS,n,2.0NRT,290.45,0.68,N,2026-10-04 05:57:05,Sedang
1.32261,127.79737,304.74,0.39,0.36,2026-10-03,1705,N,VIIRS,n,2.0NRT,289.31,0.74,N,2026-10-04 05:57:05,Sedang
1.32398,128.23703,296.28,0.38,0.36,2026-10-03,1705,N,VIIRS,n,2.0NRT,271.76,1.01,N,2026-10-04 05:57:05,Sedang
1.32671,127.94014,307.74,0.39,0.36,2026-10-03,1705,N,VIIRS,n,2.0NRT,291.28,1.03,N,2026-10-04 05:57:05,Sedang
1.32675,128.241,297.43,0.38,0.36,2026-10-03,1705,N,VIIRS,n,2.0NRT,272.14,0.56,N,2026-10-04 05:57:05,Sedang
1.33113,127.93373,316.88,0.39,0.36,2026-10-03,1705,N,VIIRS,n,2.0NRT,291.42,1.09,N,2026-10-04 05:57:05,Sedang
1.34675,128.28654,300.63,0.38,0.36,2026-10-03,1705,N,VIIRS,n,2.0NRT,271.87,0.51,N,2026-10-04 05:57:05,Sedang
1.34709,127.87601,315.63,0.39,0.36,2026-10-03,1705,N,VIIRS,n,2.0NRT,289.65,1.84,N,2026-10-04 05:57:05,Sedang
1.3473,128.28308,302.04,0.38,0.36,2026-10-03,1705,N,VIIRS,n,2.0NRT,272.39,0.68,N,2026-10-04 05:57:05,Sedang
1.34823,127.89037,303.86,0.39,0.36,2026-10-03,1705,N,VIIRS,n,2.0NRT,289.97,0.46,N,2026-10-04 05:57:05,Sedang
1.35164,128.2343,301.02,0.38,0.36,2026-10-03,1705,N,VIIRS,n,2.0NRT,270,0.52,N,2026-10-04 05:57:05,Sedang
1.35443,127.93739,309.49,0.39,0.36,2026-10-03,1705,N,VIIRS,n,2.0NRT,291.39,1.25,N,2026-10-04 05:57:05,Sedang
1.35711,127.89889,316.86,0.39,0.36,2026-10-03,1705,N,VIIRS,n,2.0NRT,290.51,1.58,N,2026-10-04 05:57:05,Sedang
1.35775,127.93791,305.85,0.39,0.36,2026-10-03,1705,N,VIIRS,n,2.0NRT,292.21,1.36,N,2026-10-04 05:57:05,Sedang
1.36504,128.29999,297.31,0.38,0.36,2026-10-03,1705,N,VIIRS,n,2.0NRT,271.64,0.52,N,2026-10-04 05:57:05,Sedang
1.3661,127.94985,311.52,0.39,0.36,2026-10-03,1705,N,VIIRS,n,2.0NRT,292.68,1.27,N,2026-10-04 05:57:05,Sedang
1.36939,128.25121,312.62,0.38,0.36,2026-10-03,1705,N,VIIRS,n,2.0NRT,275.72,1.75,N,2026-10-04 05:57:05,Sedang
1.37166,127.9578,309.96,0.39,0.36,2026-10-03,1705,N,VIIRS,n,2.0NRT,292.05,1.3,N,2026-10-04 05:57:05,Sedang
1.37216,128.25516,307.8,0.38,0.36,2026-10-03,1705,N,VIIRS,n,2.0NRT,276.18,2.12,N,2026-10-04 05:57:05,Sedang
1.37376,127.9015,305.63,0.39,0.36,2026-10-03,1705,N,VIIRS,n,2.0NRT,288.91,0.93,N,2026-10-04 05:57:05,Sedang
1.3759,128.29086,298.93,0.38,0.36,2026-10-03,1705,N,VIIRS,n,2.0NRT,267.8,0.39,N,2026-10-04 05:57:05,Sedang
1.37677,127.52101,304.88,0.39,0.36,2026-10-03,1705,N,VIIRS,n,2.0NRT,292.21,0.79,N,2026-10-04 05:57:05,Sedang
1.37809,128.27705,306.93,0.38,0.36,2026-10-03,1705,N,VIIRS,n,2.0NRT,270.66,0.83,N,2026-10-04 05:57:05,Sedang
1.38204,127.87072,320.89,0.39,0.36,2026-10-03,1705,N,VIIRS,n,2.0NRT,287.97,1.98,N,2026-10-04 05:57:05,Sedang
1.38316,127.88522,313.82,0.39,0.36,2026-10-03,1705,N,VIIRS,n,2.0NRT,286.88,1.46,N,2026-10-04 05:57:05,Sedang
1.38582,127.52239,305.65,0.39,0.36,2026-10-03,1705,N,VIIRS,n,2.0NRT,292.23,1.11,N,2026-10-04 05:57:05,Sedang
1.38649,127.88574,306.82,0.39,0.36,2026-10-03,1705,N,VIIRS,n,2.0NRT,286.32,0.77,N,2026-10-04 05:57:05,Sedang
1.38805,128.27861,299.31,0.38,0.36,2026-10-03,1705,N,VIIRS,n,2.0NRT,266.98,0.4,N,2026-10-04 05:57:05,Sedang
1.38815,127.87525,306.99,0.39,0.36,2026-10-03,1705,N,VIIRS,n,2.0NRT,287.64,1.14,N,2026-10-04 05:57:05,Sedang
1.39052,127.96784,304.32,0.39,0.36,2026-10-03,1705,N,VIIRS,n,2.0NRT,291.42,1.29,N,2026-10-04 05:57:05,Sedang
1.39196,127.52689,320.14,0.39,0.36,2026-10-03,1705,N,VIIRS,n,2.0NRT,294,2.04,N,2026-10-04 05:57:05,Sedang
1.39491,127.94021,304.04,0.39,0.36,2026-10-03,1705,N,VIIRS,n,2.0NRT,291.26,1.03,N,2026-10-04 05:57:05,Sedang
1.39536,124.84769,304.61,0.49,0.4,2026-10-03,1705,N,VIIRS,n,2.0NRT,272.92,1.18,N,2026-10-04 05:57:05,Sedang
1.396,127.93331,310.87,0.39,0.36,2026-10-03,1705,N,VIIRS,n,2.0NRT,290.19,2.06,N,2026-10-04 05:57:05,Sedang
1.39706,127.90515,303.94,0.39,0.36,2026-10-03,1705,N,VIIRS,n,2.0NRT,289.2,1.09,N,2026-10-04 05:57:05,Sedang
1.39716,128.41423,312.18,0.38,0.36,2026-10-03,1705,N,VIIRS,n,2.0NRT,277.09,1.22,N,2026-10-04 05:57:05,Sedang
1.39864,128.31915,303.96,0.38,0.36,2026-10-03,1705,N,VIIRS,n,2.0NRT,273.82,0.6,N,2026-10-04 05:57:05,Sedang
1.39994,128.4182,304.51,0.38,0.36,2026-10-03,1705,N,VIIRS,n,2.0NRT,278.78,1.22,N,2026-10-04 05:57:05,Sedang
1.40036,127.88434,301.48,0.39,0.36,2026-10-03,1705,N,VIIRS,n,2.0NRT,287.21,0.46,N,2026-10-04 05:57:05,Sedang
1.40148,127.89877,317.5,0.39,0.36,2026-10-03,1705,N,VIIRS,n,2.0NRT,288.35,1.79,N,2026-10-04 05:57:05,Sedang
1.40709,128.39461,309.95,0.38,0.36,2026-10-03,1705,N,VIIRS,n,2.0NRT,277.45,1.02,N,2026-10-04 05:57:05,Sedang
1.40932,128.40201,310.27,0.38,0.36,2026-10-03,1705,N,VIIRS,n,2.0NRT,275.42,0.88,N,2026-10-04 05:57:05,Sedang
1.41146,128.36705,319.1,0.38,0.36,2026-10-03,1705,N,VIIRS,n,2.0NRT,276.71,1.86,N,2026-10-04 05:57:05,Sedang
1.41209,128.40599,299.87,0.38,0.36,2026-10-03,1705,N,VIIRS,n,2.0NRT,275.13,0.82,N,2026-10-04 05:57:05,Sedang
1.41295,127.74033,304.02,0.39,0.36,2026-10-03,1705,N,VIIRS,n,2.0NRT,288.9,0.66,N,2026-10-04 05:57:05,Sedang
1.41541,128.40651,311.84,0.38,0.36,2026-10-03,1705,N,VIIRS,n,2.0NRT,276.71,0.82,N,2026-10-04 05:57:05,Sedang
1.41596,128.40306,303.84,0.38,0.36,2026-10-03,1705,N,VIIRS,n,2.0NRT,277.93,0.82,N,2026-10-04 05:57:05,Sedang
1.42474,128.36913,304.01,0.38,0.36,2026-10-03,1705,N,VIIRS,n,2.0NRT,278.63,0.73,N,2026-10-04 05:57:05,Sedang
1.43021,128.33467,297.14,0.38,0.36,2026-10-03,1705,N,VIIRS,n,2.0NRT,271.13,0.28,N,2026-10-04 05:57:05,Sedang
1.43128,127.73256,304.8,0.39,0.36,2026-10-03,1705,N,VIIRS,n,2.0NRT,288.11,0.83,N,2026-10-04 05:57:05,Sedang
1.43487,127.89656,309.73,0.39,0.36,2026-10-03,1705,N,VIIRS,n,2.0NRT,290.59,1.06,N,2026-10-04 05:57:05,Sedang
1.43875,127.8936,304.36,0.39,0.36,2026-10-03,1705,N,VIIRS,n,2.0NRT,290.2,0.83,N,2026-10-04 05:57:05,Sedang
1.4479,127.71397,306.31,0.39,0.36,2026-10-03,1705,N,VIIRS,n,2.0NRT,287.32,0.43,N,2026-10-04 05:57:05,Sedang
1.44859,128.3905,301.21,0.38,0.36,2026-10-03,1705,N,VIIRS,n,2.0NRT,276.21,1,N,2026-10-04 05:57:05,Sedang
1.45709,127.90704,312.46,0.39,0.36,2026-10-03,1705,N,VIIRS,n,2.0NRT,291.12,2,N,2026-10-04 05:57:05,Sedang
1.45764,127.90359,325.97,0.39,0.36,2026-10-03,1705,N,VIIRS,n,2.0NRT,292.06,1.32,N,2026-10-04 05:57:05,Sedang
1.45928,127.89319,306.92,0.39,0.36,2026-10-03,1705,N,VIIRS,n,2.0NRT,291.65,0.87,N,2026-10-04 05:57:05,Sedang
1.4665,127.89075,306.19,0.39,0.36,2026-10-03,1705,N,VIIRS,n,2.0NRT,290.47,0.65,N,2026-10-04 05:57:05,Sedang
1.4748,127.88137,302.41,0.39,0.36,2026-10-03,1705,N,VIIRS,n,2.0NRT,289.66,0.34,N,2026-10-04 05:57:05,Sedang
1.47919,127.85367,303.09,0.39,0.36,2026-10-03,1705,N,VIIRS,n,2.0NRT,289.66,0.95,N,2026-10-04 05:57:05,Sedang
1.48862,127.8588,303.62,0.39,0.36,2026-10-03,1705,N,VIIRS,n,2.0NRT,291.13,1.41,N,2026-10-04 05:57:05,Sedang
1.48973,127.85182,302.87,0.39,0.36,2026-10-03,1705,N,VIIRS,n,2.0NRT,289.66,0.55,N,2026-10-04 05:57:05,Sedang
1.49371,127.63226,341.67,0.39,0.36,2026-10-03,1705,N,VIIRS,n,2.0NRT,296.65,4.63,N,2026-10-04 05:57:05,Sedang
1.49419,127.86675,308.21,0.39,0.36,2026-10-03,1705,N,VIIRS,n,2.0NRT,291.56,1.06,N,2026-10-04 05:57:05,Sedang
1.4965,127.63625,324.95,0.39,0.36,2026-10-03,1705,N,VIIRS,n,2.0NRT,296.4,2.14,N,2026-10-04 05:57:05,Sedang
1.49705,127.63274,321.96,0.39,0.36,2026-10-03,1705,N,VIIRS,n,2.0NRT,295.13,4.63,N,2026-10-04 05:57:05,Sedang
1.54029,127.87743,311.97,0.39,0.36,2026-10-03,1705,N,VIIRS,n,2.0NRT,291.32,0.69,N,2026-10-04 05:57:05,Sedang
1.54264,127.98794,302.06,0.39,0.36,2026-10-03,1705,N,VIIRS,n,2.0NRT,289.17,0.4,N,2026-10-04 05:57:05,Sedang
1.54529,127.92805,303.19,0.39,0.36,2026-10-03,1705,N,VIIRS,n,2.0NRT,291.19,0.66,N,2026-10-04 05:57:05,Sedang
1.61018,127.9277,306.02,0.39,0.36,2026-10-03,1705,N,VIIRS,n,2.0NRT,292.19,0.8,N,2026-10-04 05:57:05,Sedang
1.61241,127.93513,303.95,0.39,0.36,2026-10-03,1705,N,VIIRS,n,2.0NRT,290.44,1,N,2026-10-04 05:57:05,Sedang
1.62571,127.93727,312.32,0.39,0.36,2026-10-03,1705,N,VIIRS,n,2.0NRT,290.46,1.87,N,2026-10-04 05:57:05,Sedang
1.6268,127.9304,338.02,0.39,0.36,2026-10-03,1705,N,VIIRS,n,2.0NRT,290.73,7.16,N,2026-10-04 05:57:05,Sedang
1.62747,127.96928,305.84,0.39,0.36,2026-10-03,1705,N,VIIRS,n,2.0NRT,290.3,0.78,N,2026-10-04 05:57:05,Sedang
1.6357,127.93884,303.95,0.39,0.36,2026-10-03,1705,N,VIIRS,n,2.0NRT,288.15,0.52,N,2026-10-04 05:57:05,Sedang
1.6374,127.94965,305.27,0.39,0.36,2026-10-03,1705,N,VIIRS,n,2.0NRT,287.39,0.88,N,2026-10-04 05:57:05,Sedang
1.69878,127.87855,304.73,0.39,0.36,2026-10-03,1705,N,VIIRS,n,2.0NRT,289.4,1.23,N,2026-10-04 05:57:05,Sedang
1.70684,127.63255,305.49,0.39,0.36,2026-10-03,1705,N,VIIRS,n,2.0NRT,292.11,0.63,N,2026-10-04 05:57:05,Sedang
1.77527,127.84328,303.41,0.39,0.36,2026-10-03,1705,N,VIIRS,n,2.0NRT,287.44,0.66,N,2026-10-04 05:57:05,Sedang
1.79435,127.65699,304.49,0.39,0.36,2026-10-03,1705,N,VIIRS,n,2.0NRT,290.15,0.5,N,2026-10-04 05:57:05,Sedang
1.81082,127.83456,299.26,0.39,0.36,2026-10-03,1705,N,VIIRS,n,2.0NRT,281.26,0.51,N,2026-10-04 05:57:05,Sedang
1.81449,127.70312,305.26,0.39,0.36,2026-10-03,1705,N,VIIRS,n,2.0NRT,285.24,0.89,N,2026-10-04 05:57:05,Sedang
1.81783,127.70362,306.74,0.39,0.36,2026-10-03,1705,N,VIIRS,n,2.0NRT,286.02,0.89,N,2026-10-04 05:57:05,Sedang
1.83565,127.69918,303.85,0.39,0.36,2026-10-03,1705,N,VIIRS,n,2.0NRT,282.64,0.34,N,2026-10-04 05:57:05,Sedang
1.84461,127.75074,304.29,0.39,0.36,2026-10-03,1705,N,VIIRS,n,2.0NRT,284.57,0.87,N,2026-10-04 05:57:05,Sedang
1.8768,127.84114,300.08,0.39,0.36,2026-10-03,1705,N,VIIRS,n,2.0NRT,278.18,0.59,N,2026-10-04 05:57:05,Sedang
1.88611,127.78205,303.79,0.39,0.36,2026-10-03,1705,N,VIIRS,n,2.0NRT,280.91,0.93,N,2026-10-04 05:57:05,Sedang
1.89503,127.7906,330.87,0.39,0.36,2026-10-03,1705,N,VIIRS,n,2.0NRT,283.43,1.82,N,2026-10-04 05:57:05,Sedang
1.89946,127.78419,301.22,0.39,0.36,2026-10-03,1705,N,VIIRS,n,2.0NRT,281.24,1.64,N,2026-10-04 05:57:05,Sedang
1.90117,127.79507,323.85,0.39,0.36,2026-10-03,1705,N,VIIRS,n,2.0NRT,280.68,2.54,N,2026-10-04 05:57:05,Sedang
1.90887,127.76797,297.97,0.39,0.36,2026-10-03,1705,N,VIIRS,n,2.0NRT,279.35,0.31,N,2026-10-04 05:57:05,Sedang
1.90942,127.76453,300.19,0.39,0.36,2026-10-03,1705,N,VIIRS,n,2.0NRT,280.07,0.31,N,2026-10-04 05:57:05,Sedang
1.91889,127.76951,306.78,0.39,0.36,2026-10-03,1705,N,VIIRS,n,2.0NRT,281.23,0.77,N,2026-10-04 05:57:05,Sedang
1.91894,127.79085,303.38,0.39,0.36,2026-10-03,1705,N,VIIRS,n,2.0NRT,282.41,0.92,N,2026-10-04 05:57:05,Sedang
1.9206,127.78033,302.9,0.39,0.36,2026-10-03,1705,N,VIIRS,n,2.0NRT,283.43,1.01,N,2026-10-04 05:57:05,Sedang
1.92671,127.78497,303.78,0.39,0.36,2026-10-03,1705,N,VIIRS,n,2.0NRT,284.69,0.74,N,2026-10-04 05:57:05,Sedang
1.92887,127.72794,305.39,0.39,0.36,2026-10-03,1705,N,VIIRS,n,2.0NRT,288.01,0.96,N,2026-10-04 05:57:05,Sedang
1.93739,127.84715,312.08,0.39,0.36,2026-10-03,1705,N,VIIRS,n,2.0NRT,277.38,0.84,N,2026-10-04 05:57:05,Sedang
1.93793,127.84373,312.36,0.39,0.36,2026-10-03,1705,N,VIIRS,n,2.0NRT,278.1,1.56,N,2026-10-04 05:57:05,Sedang
1.93852,127.86156,299.85,0.39,0.36,2026-10-03,1705,N,VIIRS,n,2.0NRT,278.47,0.54,N,2026-10-04 05:57:05,Sedang
1.94011,127.82996,304.23,0.39,0.36,2026-10-03,1705,N,VIIRS,n,2.0NRT,282.22,1.18,N,2026-10-04 05:57:05,Sedang
1.94131,127.86555,303.31,0.39,0.36,2026-10-03,1705,N,VIIRS,n,2.0NRT,280.24,0.54,N,2026-10-04 05:57:05,Sedang
1.95126,127.84591,303,0.39,0.36,2026-10-03,1705,N,VIIRS,n,2.0NRT,280.64,1.09,N,2026-10-04 05:57:05,Sedang
1.95623,127.83609,311.29,0.39,0.36,2026-10-03,1705,N,VIIRS,n,2.0NRT,280.83,1.16,N,2026-10-04 05:57:05,Sedang
1.96405,127.85147,312.33,0.39,0.36,2026-10-03,1705,N,VIIRS,n,2.0NRT,279.05,0.68,N,2026-10-04 05:57:05,Sedang
1.96738,127.85201,318.8,0.39,0.36,2026-10-03,1705,N,VIIRS,n,2.0NRT,281.27,1.47,N,2026-10-04 05:57:05,Sedang
1.97736,127.85371,310.7,0.39,0.36,2026-10-03,1705,N,VIIRS,n,2.0NRT,278.14,2.05,N,2026-10-04 05:57:05,Sedang
2.01275,127.92664,301.87,0.39,0.36,2026-10-03,1705,N,VIIRS,n,2.0NRT,276.37,0.46,N,2026-10-04 05:57:05,Sedang
2.01663,127.92374,296.83,0.39,0.36,2026-10-03,1705,N,VIIRS,n,2.0NRT,275.79,0.67,N,2026-10-04 05:57:05,Sedang
2.13643,128.36154,297.42,0.38,0.36,2026-10-03,1705,N,VIIRS,n,2.0NRT,270.02,0.51,N,2026-10-04 05:57:05,Sedang
2.14198,128.36951,297.85,0.38,0.36,2026-10-03,1705,N,VIIRS,n,2.0NRT,266.9,0.29,N,2026-10-04 05:57:05,Sedang
2.15337,128.25447,304.21,0.38,0.36,2026-10-03,1705,N,VIIRS,n,2.0NRT,270.12,0.61,N,2026-10-04 05:57:05,Sedang
2.16182,128.33018,297.62,0.38,0.36,2026-10-03,1705,N,VIIRS,n,2.0NRT,271.28,0.44,N,2026-10-04 05:57:05,Sedang
2.16401,128.31638,303.53,0.38,0.36,2026-10-03,1705,N,VIIRS,n,2.0NRT,267.94,0.47,N,2026-10-04 05:57:05,Sedang
2.16456,128.31291,298.23,0.38,0.36,2026-10-03,1705,N,VIIRS,n,2.0NRT,268.77,0.58,N,2026-10-04 05:57:05,Sedang
2.16565,128.30602,295.51,0.38,0.36,2026-10-03,1705,N,VIIRS,n,2.0NRT,268.65,0.63,N,2026-10-04 05:57:05,Sedang
2.16733,128.31691,297.35,0.38,0.36,2026-10-03,1705,N,VIIRS,n,2.0NRT,269.24,0.47,N,2026-10-04 05:57:05,Sedang
2.17507,128.31108,300.98,0.38,0.36,2026-10-03,1705,N,VIIRS,n,2.0NRT,265.96,0.41,N,2026-10-04 05:57:05,Sedang
2.18339,128.32298,311.76,0.38,0.36,2026-10-03,1705,N,VIIRS,n,2.0NRT,271.42,1.07,N,2026-10-04 05:57:05,Sedang
2.18671,128.32353,303.7,0.38,0.36,2026-10-03,1705,N,VIIRS,n,2.0NRT,270.81,1.07,N,2026-10-04 05:57:05,Sedang
2.20439,128.29797,296.33,0.38,0.36,2026-10-03,1705,N,VIIRS,n,2.0NRT,267.63,0.7,N,2026-10-04 05:57:05,Sedang
2.24103,128.2966,301.15,0.38,0.36,2026-10-03,1705,N,VIIRS,n,2.0NRT,265.55,0.77,N,2026-10-04 05:57:05,Sedang
2.28637,128.26837,298.95,0.38,0.36,2026-10-03,1705,N,VIIRS,n,2.0NRT,270.85,0.85,N,2026-10-04 05:57:05,Sedang
2.78077,125.40368,331.26,0.47,0.4,2026-10-03,1705,N,VIIRS,n,2.0NRT,290.35,6,N,2026-10-04 05:57:05,Sedang
-10.15608,124.30156,312.01,0.4,0.37,2026-10-03,1707,N,VIIRS,n,2.0NRT,292.53,1.23,N,2026-10-04 05:57:05,Sedang
-10.13794,124.36097,332.97,0.4,0.37,2026-10-03,1707,N,VIIRS,n,2.0NRT,292.11,5.04,N,2026-10-04 05:57:05,Sedang
-10.13494,124.3427,302.05,0.4,0.37,2026-10-03,1707,N,VIIRS,n,2.0NRT,290.75,0.45,N,2026-10-04 05:57:05,Sedang
-10.13455,124.36153,320.26,0.4,0.37,2026-10-03,1707,N,VIIRS,n,2.0NRT,292.17,1.63,N,2026-10-04 05:57:05,Sedang
-9.97655,119.95432,304.18,0.44,0.46,2026-10-03,1707,N,VIIRS,n,2.0NRT,285.91,0.65,N,2026-10-04 05:57:05,Sedang
-9.89894,123.75365,302.79,0.42,0.38,2026-10-03,1707,N,VIIRS,n,2.0NRT,292.47,0.65,N,2026-10-04 05:57:05,Sedang
-9.82089,130.26811,334.12,0.53,0.42,2026-10-03,1707,N,VIIRS,n,2.0NRT,293.73,5.85,N,2026-10-04 05:57:05,Sedang
-9.55637,124.01141,299.92,0.41,0.37,2026-10-03,1707,N,VIIRS,n,2.0NRT,281.85,0.5,N,2026-10-04 05:57:05,Sedang
-9.49852,123.99731,301.89,0.41,0.37,2026-10-03,1707,N,VIIRS,n,2.0NRT,285.71,0.5,N,2026-10-04 05:57:05,Sedang
-9.49322,123.98654,303.93,0.41,0.37,2026-10-03,1707,N,VIIRS,n,2.0NRT,283.79,1.08,N,2026-10-04 05:57:05,Sedang
-9.49123,124.06068,307.23,0.41,0.37,2026-10-03,1707,N,VIIRS,n,2.0NRT,290.61,0.91,N,2026-10-04 05:57:05,Sedang
-8.90202,126.05432,303.03,0.38,0.36,2026-10-03,1707,N,VIIRS,n,2.0NRT,291.6,0.51,N,2026-10-04 05:57:05,Sedang
-8.83226,125.53173,309.4,0.39,0.36,2026-10-03,1707,N,VIIRS,n,2.0NRT,283.26,1.02,N,2026-10-04 05:57:05,Sedang
-8.77487,125.78455,307.49,0.38,0.36,2026-10-03,1707,N,VIIRS,n,2.0NRT,281.17,1.37,N,2026-10-04 05:57:05,Sedang
-8.76221,125.83334,302.16,0.38,0.36,2026-10-03,1707,N,VIIRS,n,2.0NRT,273.71,0.58,N,2026-10-04 05:57:05,Sedang
-8.75204,125.70574,296.24,0.39,0.36,2026-10-03,1707,N,VIIRS,n,2.0NRT,282.81,0.5,N,2026-10-04 05:57:05,Sedang
-8.72873,125.70944,300.45,0.39,0.36,2026-10-03,1707,N,VIIRS,n,2.0NRT,281.29,0.7,N,2026-10-04 05:57:05,Sedang
-8.68772,125.59753,299.11,0.39,0.36,2026-10-03,1707,N,VIIRS,n,2.0NRT,284.73,0.48,N,2026-10-04 05:57:05,Sedang
-8.68439,125.59807,306.83,0.39,0.36,2026-10-03,1707,N,VIIRS,n,2.0NRT,285.43,0.67,N,2026-10-04 05:57:05,Sedang
-8.68382,125.59454,302.97,0.39,0.36,2026-10-03,1707,N,VIIRS,n,2.0NRT,283.43,0.67,N,2026-10-04 05:57:05,Sedang
-8.67459,125.7719,300.34,0.39,0.36,2026-10-03,1707,N,VIIRS,n,2.0NRT,282.49,0.47,N,2026-10-04 05:57:05,Sedang
-8.65399,125.70706,306.57,0.39,0.36,2026-10-03,1707,N,VIIRS,n,2.0NRT,282.54,0.73,N,2026-10-04 05:57:05,Sedang
-8.61351,126.62298,300.17,0.39,0.36,2026-10-03,1707,N,VIIRS,n,2.0NRT,287.07,0.49,N,2026-10-04 05:57:05,Sedang
-8.58594,120.83243,313.54,0.4,0.45,2026-10-03,1707,N,VIIRS,n,2.0NRT,281.1,1.51,N,2026-10-04 05:57:05,Sedang
-8.44609,124.07594,300.62,0.42,0.38,2026-10-03,1707,N,VIIRS,n,2.0NRT,287.92,0.36,N,2026-10-04 05:57:05,Sedang
-8.4313,118.41377,301.85,0.59,0.52,2026-10-03,1707,N,VIIRS,n,2.0NRT,291.23,0.93,N,2026-10-04 05:57:05,Sedang
-8.40728,123.50731,304.95,0.44,0.38,2026-10-03,1707,N,VIIRS,n,2.0NRT,289.56,0.83,N,2026-10-04 05:57:05,Sedang
-8.38466,123.63196,304.29,0.44,0.38,2026-10-03,1707,N,VIIRS,n,2.0NRT,290.19,0.74,N,2026-10-04 05:57:05,Sedang
-8.38177,123.63647,311.5,0.44,0.38,2026-10-03,1707,N,VIIRS,n,2.0NRT,290.31,1.08,N,2026-10-04 05:57:05,Sedang
-8.29966,125.00212,307.22,0.4,0.37,2026-10-03,1707,N,VIIRS,n,2.0NRT,287.59,0.86,N,2026-10-04 05:57:05,Sedang
-8.27928,117.7661,307.52,0.32,0.55,2026-10-03,1707,N,VIIRS,n,2.0NRT,293.04,0.92,N,2026-10-04 05:57:05,Sedang
-8.27673,123.50636,314.19,0.44,0.38,2026-10-03,1707,N,VIIRS,n,2.0NRT,288.37,1.29,N,2026-10-04 05:57:05,Sedang
-8.27606,123.50237,301.24,0.44,0.38,2026-10-03,1707,N,VIIRS,n,2.0NRT,286.77,0.32,N,2026-10-04 05:57:05,Sedang
-8.27566,123.7152,302.3,0.43,0.38,2026-10-03,1707,N,VIIRS,n,2.0NRT,290.98,0.4,N,2026-10-04 05:57:05,Sedang
-8.27322,123.50721,337.68,0.44,0.38,2026-10-03,1707,N,VIIRS,n,2.0NRT,293.56,4.52,N,2026-10-04 05:57:05,Sedang
-8.27257,123.5033,311.32,0.44,0.38,2026-10-03,1707,N,VIIRS,n,2.0NRT,288.44,1.76,N,2026-10-04 05:57:05,Sedang
-8.11723,112.92978,325.41,0.69,0.74,2026-10-03,1707,N,VIIRS,n,2.0NRT,285.58,5.3,N,2026-10-04 05:57:05,Sedang
-8.11563,112.92164,310.5,0.69,0.74,2026-10-03,1707,N,VIIRS,n,2.0NRT,280.66,5.72,N,2026-10-04 05:57:05,Sedang
-8.11001,112.92451,327.78,0.69,0.74,2026-10-03,1707,N,VIIRS,n,2.0NRT,285.62,5.61,N,2026-10-04 05:57:05,Sedang
-8.10923,112.92546,308.1,0.69,0.74,2026-10-03,1707,N,VIIRS,n,2.0NRT,281.51,5.72,N,2026-10-04 05:57:05,Sedang
-8.10859,112.88549,302.7,0.69,0.74,2026-10-03,1707,N,VIIRS,n,2.0NRT,281.67,6.03,N,2026-10-04 05:57:05,Sedang
-8.10315,112.88779,318.51,0.69,0.74,2026-10-03,1707,N,VIIRS,n,2.0NRT,284.02,5.61,N,2026-10-04 05:57:05,Sedang
-8.02508,125.75061,304.96,0.39,0.36,2026-10-03,1707,N,VIIRS,n,2.0NRT,293.3,0.91,N,2026-10-04 05:57:05,Sedang
-8.02453,125.74713,314.61,0.39,0.36,2026-10-03,1707,N,VIIRS,n,2.0NRT,292.87,1.36,N,2026-10-04 05:57:05,Sedang
-8.02397,125.74364,315.66,0.39,0.36,2026-10-03,1707,N,VIIRS,n,2.0NRT,292.56,1.36,N,2026-10-04 05:57:05,Sedang
-8.01453,125.74883,315.74,0.39,0.36,2026-10-03,1707,N,VIIRS,n,2.0NRT,292.24,0.93,N,2026-10-04 05:57:05,Sedang
-8.0111,139.44485,295.78,0.68,0.74,2026-10-03,1707,N,VIIRS,n,2.0NRT,282.78,1.84,N,2026-10-04 05:57:05,Sedang
-7.98645,113.68922,297.73,0.61,0.71,2026-10-03,1707,N,VIIRS,n,2.0NRT,286.43,1.32,N,2026-10-04 05:57:05,Sedang
-7.98553,113.68437,301.48,0.62,0.71,2026-10-03,1707,N,VIIRS,n,2.0NRT,286.55,1.33,N,2026-10-04 05:57:05,Sedang
-7.73337,126.3381,310.57,0.38,0.36,2026-10-03,1707,N,VIIRS,n,2.0NRT,292.68,0.68,N,2026-10-04 05:57:05,Sedang
-7.73115,126.3456,327.26,0.38,0.36,2026-10-03,1707,N,VIIRS,n,2.0NRT,293.8,2.94,N,2026-10-04 05:57:05,Sedang
-7.72284,126.33622,320.03,0.38,0.36,2026-10-03,1707,N,VIIRS,n,2.0NRT,294.19,2,N,2026-10-04 05:57:05,Sedang
-7.69903,131.54837,309.98,0.4,0.44,2026-10-03,1707,N,VIIRS,n,2.0NRT,292.41,4.4,N,2026-10-04 05:57:05,Sedang
-7.69849,131.54465,357.01,0.4,0.44,2026-10-03,1707,N,VIIRS,n,2.0NRT,295.84,4.4,N,2026-10-04 05:57:05,Sedang
-7.68507,126.48495,302.77,0.38,0.36,2026-10-03,1707,N,VIIRS,n,2.0NRT,290.89,0.79,N,2026-10-04 05:57:05,Sedang
-7.68452,126.48147,329.08,0.38,0.36,2026-10-03,1707,N,VIIRS,n,2.0NRT,292.48,2.46,N,2026-10-04 05:57:05,Sedang
-7.67564,126.51136,349.78,0.38,0.36,2026-10-03,1707,N,VIIRS,n,2.0NRT,292.03,2.87,N,2026-10-04 05:57:05,Sedang
-7.67287,126.51537,305.43,0.38,0.36,2026-10-03,1707,N,VIIRS,n,2.0NRT,289.6,0.98,N,2026-10-04 05:57:05,Sedang
-7.67232,126.51189,324.64,0.38,0.36,2026-10-03,1707,N,VIIRS,n,2.0NRT,289.53,1.51,N,2026-10-04 05:57:05,Sedang
-7.64998,126.49401,306.75,0.38,0.36,2026-10-03,1707,N,VIIRS,n,2.0NRT,291.51,0.72,N,2026-10-04 05:57:05,Sedang
-7.61484,112.25954,300.52,0.77,0.77,2026-10-03,1707,N,VIIRS,n,2.0NRT,288.26,2.08,N,2026-10-04 05:57:05,Sedang
-7.56018,130.89442,303.84,0.54,0.42,2026-10-03,1707,N,VIIRS,n,2.0NRT,293.48,1.13,N,2026-10-04 05:57:05,Sedang
-7.37925,131.39795,303.15,0.39,0.44,2026-10-03,1707,N,VIIRS,n,2.0NRT,293.14,1.53,N,2026-10-04 05:57:05,Sedang
-7.35979,131.23819,304.71,0.57,0.43,2026-10-03,1707,N,VIIRS,n,2.0NRT,293.33,0.89,N,2026-10-04 05:57:05,Sedang
-7.35904,131.23312,307.08,0.57,0.43,2026-10-03,1707,N,VIIRS,n,2.0NRT,293.91,1.76,N,2026-10-04 05:57:05,Sedang
-7.24561,131.50043,304.91,0.39,0.44,2026-10-03,1707,N,VIIRS,n,2.0NRT,293.1,0.75,N,2026-10-04 05:57:05,Sedang
-7.14623,131.58772,307.38,0.39,0.44,2026-10-03,1707,N,VIIRS,n,2.0NRT,293.22,1.6,N,2026-10-04 05:57:05,Sedang
-3.00788,133.66385,305.27,0.47,0.48,2026-10-03,1707,N,VIIRS,n,2.0NRT,293.85,1.74,N,2026-10-04 05:57:05,Sedang
-2.96861,133.35243,312.09,0.45,0.47,2026-10-03,1707,N,VIIRS,n,2.0NRT,293.95,1.78,N,2026-10-04 05:57:05,Sedang
-2.9643,133.35309,305.5,0.45,0.47,2026-10-03,1707,N,VIIRS,n,2.0NRT,294.1,1.4,N,2026-10-04 05:57:05,Sedang
-2.96117,133.3329,305.8,0.44,0.46,2026-10-03,1707,N,VIIRS,n,2.0NRT,292.87,0.87,N,2026-10-04 05:57:05,Sedang
-2.95769,133.1147,306.8,0.43,0.46,2026-10-03,1707,N,VIIRS,n,2.0NRT,293.88,0.99,N,2026-10-04 05:57:05,Sedang
-2.95345,133.11534,305.28,0.43,0.46,2026-10-03,1707,N,VIIRS,n,2.0NRT,293.96,0.61,N,2026-10-04 05:57:05,Sedang
-2.9532,133.33827,315.47,0.45,0.47,2026-10-03,1707,N,VIIRS,n,2.0NRT,293.94,2.05,N,2026-10-04 05:57:05,Sedang
-2.95291,133.13957,306.37,0.43,0.46,2026-10-03,1707,N,VIIRS,n,2.0NRT,294.1,0.67,N,2026-10-04 05:57:05,Sedang
-2.94186,133.64363,298.63,0.47,0.47,2026-10-03,1707,N,VIIRS,n,2.0NRT,285.98,0.48,N,2026-10-04 05:57:05,Sedang
-2.93742,133.58415,306.03,0.46,0.47,2026-10-03,1707,N,VIIRS,n,2.0NRT,293.33,1.85,N,2026-10-04 05:57:05,Sedang
-2.93563,134.00984,304.78,0.49,0.49,2026-10-03,1707,N,VIIRS,n,2.0NRT,292.72,1.44,N,2026-10-04 05:57:05,Sedang
-2.93338,133.64317,305.46,0.47,0.47,2026-10-03,1707,N,VIIRS,n,2.0NRT,293.22,0.73,N,2026-10-04 05:57:05,Sedang
-2.9331,133.64505,306.61,0.47,0.47,2026-10-03,1707,N,VIIRS,n,2.0NRT,293.36,1.69,N,2026-10-04 05:57:05,Sedang
-2.92809,133.17555,303.94,0.43,0.46,2026-10-03,1707,N,VIIRS,n,2.0NRT,293.89,2.06,N,2026-10-04 05:57:05,Sedang
-2.92805,133.58133,311.42,0.46,0.47,2026-10-03,1707,N,VIIRS,n,2.0NRT,293.49,2.45,N,2026-10-04 05:57:05,Sedang
-2.92444,133.18008,338.93,0.43,0.46,2026-10-03,1707,N,VIIRS,n,2.0NRT,295.74,2.06,N,2026-10-04 05:57:05,Sedang
-2.92058,133.59113,303.4,0.46,0.47,2026-10-03,1707,N,VIIRS,n,2.0NRT,291.23,1.13,N,2026-10-04 05:57:05,Sedang
-2.9132,133.42302,305.17,0.45,0.47,2026-10-03,1707,N,VIIRS,n,2.0NRT,293.18,1,N,2026-10-04 05:57:05,Sedang
-2.91184,133.56244,310.88,0.46,0.47,2026-10-03,1707,N,VIIRS,n,2.0NRT,291.7,2.38,N,2026-10-04 05:57:05,Sedang
-2.90705,134.00348,304.19,0.49,0.49,2026-10-03,1707,N,VIIRS,n,2.0NRT,293.18,1.61,N,2026-10-04 05:57:05,Sedang
-2.90343,133.56625,301.68,0.46,0.47,2026-10-03,1707,N,VIIRS,n,2.0NRT,288.51,1.08,N,2026-10-04 05:57:05,Sedang
-2.90258,134.00433,305.75,0.49,0.49,2026-10-03,1707,N,VIIRS,n,2.0NRT,292.37,1.52,N,2026-10-04 05:57:05,Sedang
-2.89471,133.5676,299.06,0.46,0.47,2026-10-03,1707,N,VIIRS,n,2.0NRT,286.01,0.68,N,2026-10-04 05:57:05,Sedang
-2.89293,134.0013,321.2,0.49,0.49,2026-10-03,1707,N,VIIRS,n,2.0NRT,294.05,2.46,N,2026-10-04 05:57:05,Sedang
-2.89157,133.99226,326.58,0.49,0.49,2026-10-03,1707,N,VIIRS,n,2.0NRT,293.85,3.04,N,2026-10-04 05:57:05,Sedang
-2.89021,133.98315,317.03,0.49,0.49,2026-10-03,1707,N,VIIRS,n,2.0NRT,292.65,2.97,N,2026-10-04 05:57:05,Sedang
-2.87962,133.14258,304.23,0.43,0.46,2026-10-03,1707,N,VIIRS,n,2.0NRT,293.96,1.69,N,2026-10-04 05:57:05,Sedang
-2.87919,133.58282,303.78,0.46,0.47,2026-10-03,1707,N,VIIRS,n,2.0NRT,289.52,0.87,N,2026-10-04 05:57:05,Sedang
-2.87741,133.09946,318.53,0.43,0.46,2026-10-03,1707,N,VIIRS,n,2.0NRT,294.69,1.73,N,2026-10-04 05:57:05,Sedang
-2.87656,133.15102,305.18,0.43,0.46,2026-10-03,1707,N,VIIRS,n,2.0NRT,294.17,1.26,N,2026-10-04 05:57:05,Sedang
-2.87626,133.62196,309.11,0.46,0.47,2026-10-03,1707,N,VIIRS,n,2.0NRT,293.68,1.61,N,2026-10-04 05:57:05,Sedang
-2.87201,133.09238,312.34,0.43,0.46,2026-10-03,1707,N,VIIRS,n,2.0NRT,293.71,1.31,N,2026-10-04 05:57:05,Sedang
-2.86954,133.10463,308.61,0.43,0.46,2026-10-03,1707,N,VIIRS,n,2.0NRT,294.22,1.16,N,2026-10-04 05:57:05,Sedang
-2.86531,133.10526,322.51,0.43,0.46,2026-10-03,1707,N,VIIRS,n,2.0NRT,295.61,2.56,N,2026-10-04 05:57:05,Sedang
-2.86473,133.10138,306.95,0.43,0.46,2026-10-03,1707,N,VIIRS,n,2.0NRT,294.33,1.54,N,2026-10-04 05:57:05,Sedang
-2.85986,133.21341,305.3,0.44,0.46,2026-10-03,1707,N,VIIRS,n,2.0NRT,293.64,1.21,N,2026-10-04 05:57:05,Sedang
-2.85272,133.2133,312.9,0.44,0.46,2026-10-03,1707,N,VIIRS,n,2.0NRT,294.85,1.24,N,2026-10-04 05:57:05,Sedang
-2.85117,133.60422,305.88,0.46,0.47,2026-10-03,1707,N,VIIRS,n,2.0NRT,293.64,1.24,N,2026-10-04 05:57:05,Sedang
-2.85082,133.45609,306.54,0.45,0.47,2026-10-03,1707,N,VIIRS,n,2.0NRT,293.41,0.96,N,2026-10-04 05:57:05,Sedang
-2.84295,132.92888,306.8,0.42,0.45,2026-10-03,1707,N,VIIRS,n,2.0NRT,294.69,1.46,N,2026-10-04 05:57:05,Sedang
-2.84058,132.63701,307.77,0.4,0.44,2026-10-03,1707,N,VIIRS,n,2.0NRT,293.83,1.07,N,2026-10-04 05:57:05,Sedang
-2.84003,132.63344,305.78,0.4,0.44,2026-10-03,1707,N,VIIRS,n,2.0NRT,293.57,1.07,N,2026-10-04 05:57:05,Sedang
-2.83696,132.66791,307.84,0.4,0.44,2026-10-03,1707,N,VIIRS,n,2.0NRT,293.07,1.48,N,2026-10-04 05:57:05,Sedang
-2.83415,133.46297,304.86,0.45,0.47,2026-10-03,1707,N,VIIRS,n,2.0NRT,293.25,1.15,N,2026-10-04 05:57:05,Sedang
-2.83411,133.40475,304.57,0.45,0.47,2026-10-03,1707,N,VIIRS,n,2.0NRT,293.5,0.56,N,2026-10-04 05:57:05,Sedang
-2.83227,133.4216,308.15,0.45,0.47,2026-10-03,1707,N,VIIRS,n,2.0NRT,293.72,1.11,N,2026-10-04 05:57:05,Sedang
-2.83086,132.6012,308.67,0.4,0.44,2026-10-03,1707,N,VIIRS,n,2.0NRT,293.57,1.54,N,2026-10-04 05:57:05,Sedang
-2.83042,133.40947,305.42,0.45,0.47,2026-10-03,1707,N,VIIRS,n,2.0NRT,293.63,1.55,N,2026-10-04 05:57:05,Sedang
-2.82955,132.70172,309.3,0.4,0.45,2026-10-03,1707,N,VIIRS,n,2.0NRT,292.38,1.3,N,2026-10-04 05:57:05,Sedang
-2.8292,133.43039,307.89,0.45,0.47,2026-10-03,1707,N,VIIRS,n,2.0NRT,293.88,2.53,N,2026-10-04 05:57:05,Sedang
-2.82797,132.69144,309.89,0.4,0.44,2026-10-03,1707,N,VIIRS,n,2.0NRT,292.28,1.43,N,2026-10-04 05:57:05,Sedang
-2.8266,132.70998,312.11,0.4,0.45,2026-10-03,1707,N,VIIRS,n,2.0NRT,293.12,1.34,N,2026-10-04 05:57:05,Sedang
-2.82426,133.427,307.47,0.45,0.47,2026-10-03,1707,N,VIIRS,n,2.0NRT,293.88,1.09,N,2026-10-04 05:57:05,Sedang
-2.82254,132.71094,306.35,0.4,0.45,2026-10-03,1707,N,VIIRS,n,2.0NRT,293.62,1.29,N,2026-10-04 05:57:05,Sedang
-2.81562,133.45753,314.34,0.45,0.47,2026-10-03,1707,N,VIIRS,n,2.0NRT,294.02,1.8,N,2026-10-04 05:57:05,Sedang
-2.81501,133.45346,307.16,0.45,0.47,2026-10-03,1707,N,VIIRS,n,2.0NRT,293.76,1.8,N,2026-10-04 05:57:05,Sedang
-2.8113,133.45824,304.29,0.45,0.47,2026-10-03,1707,N,VIIRS,n,2.0NRT,293.7,1.89,N,2026-10-04 05:57:05,Sedang
-2.80059,133.18564,308.79,0.43,0.46,2026-10-03,1707,N,VIIRS,n,2.0NRT,293.76,1.84,N,2026-10-04 05:57:05,Sedang
-2.79999,133.18178,319.61,0.43,0.46,2026-10-03,1707,N,VIIRS,n,2.0NRT,294.74,3.08,N,2026-10-04 05:57:05,Sedang
-2.78743,133.35814,307.42,0.44,0.46,2026-10-03,1707,N,VIIRS,n,2.0NRT,293.73,1.02,N,2026-10-04 05:57:05,Sedang
-2.78731,132.95952,305.4,0.42,0.45,2026-10-03,1707,N,VIIRS,n,2.0NRT,294,0.75,N,2026-10-04 05:57:05,Sedang
-2.78727,133.18381,306.21,0.43,0.46,2026-10-03,1707,N,VIIRS,n,2.0NRT,294.32,1.93,N,2026-10-04 05:57:05,Sedang
-2.78682,133.3541,305.61,0.44,0.46,2026-10-03,1707,N,VIIRS,n,2.0NRT,293.68,1.34,N,2026-10-04 05:57:05,Sedang
-2.78487,133.35696,312.7,0.44,0.46,2026-10-03,1707,N,VIIRS,n,2.0NRT,294.08,1.65,N,2026-10-04 05:57:05,Sedang
-2.78424,133.35297,305.61,0.44,0.46,2026-10-03,1707,N,VIIRS,n,2.0NRT,293.68,1.44,N,2026-10-04 05:57:05,Sedang
-2.78404,133.2485,304.91,0.44,0.46,2026-10-03,1707,N,VIIRS,n,2.0NRT,293.5,1.12,N,2026-10-04 05:57:05,Sedang
-2.78363,133.18837,304.42,0.43,0.46,2026-10-03,1707,N,VIIRS,n,2.0NRT,294.31,1.43,N,2026-10-04 05:57:05,Sedang
-2.78185,133.36569,308.25,0.44,0.46,2026-10-03,1707,N,VIIRS,n,2.0NRT,293.86,1.27,N,2026-10-04 05:57:05,Sedang
-2.78097,133.25706,310.02,0.44,0.46,2026-10-03,1707,N,VIIRS,n,2.0NRT,294.2,1.39,N,2026-10-04 05:57:05,Sedang
-2.77455,133.18581,304.76,0.43,0.46,2026-10-03,1707,N,VIIRS,n,2.0NRT,294.38,0.97,N,2026-10-04 05:57:05,Sedang
-2.77362,133.59727,303.66,0.46,0.47,2026-10-03,1707,N,VIIRS,n,2.0NRT,290.57,1.54,N,2026-10-04 05:57:05,Sedang
-2.763,133.19563,306.74,0.43,0.46,2026-10-03,1707,N,VIIRS,n,2.0NRT,294.37,2.32,N,2026-10-04 05:57:05,Sedang
-2.75948,133.27913,311.13,0.44,0.46,2026-10-03,1707,N,VIIRS,n,2.0NRT,294.07,1.98,N,2026-10-04 05:57:05,Sedang
-2.75937,133.22293,312.05,0.43,0.46,2026-10-03,1707,N,VIIRS,n,2.0NRT,293.71,0.71,N,2026-10-04 05:57:05,Sedang
-2.7546,133.27585,351.27,0.44,0.46,2026-10-03,1707,N,VIIRS,n,2.0NRT,297.78,6.1,N,2026-10-04 05:57:05,Sedang
-2.75398,133.27194,316.77,0.44,0.46,2026-10-03,1707,N,VIIRS,n,2.0NRT,294.86,6.1,N,2026-10-04 05:57:05,Sedang
-2.7528,133.29233,325.87,0.44,0.46,2026-10-03,1707,N,VIIRS,n,2.0NRT,294.54,2.18,N,2026-10-04 05:57:05,Sedang
-2.74121,133.27405,308.09,0.44,0.46,2026-10-03,1707,N,VIIRS,n,2.0NRT,293.96,1.57,N,2026-10-04 05:57:05,Sedang
-2.73848,132.5641,309.4,0.39,0.44,2026-10-03,1707,N,VIIRS,n,2.0NRT,294.03,1.23,N,2026-10-04 05:57:05,Sedang
-2.73269,133.27545,311.15,0.44,0.46,2026-10-03,1707,N,VIIRS,n,2.0NRT,294.43,1.6,N,2026-10-04 05:57:05,Sedang
-2.72923,133.48174,306.57,0.45,0.47,2026-10-03,1707,N,VIIRS,n,2.0NRT,294.06,1.18,N,2026-10-04 05:57:05,Sedang
-2.72533,133.08904,322.28,0.43,0.46,2026-10-03,1707,N,VIIRS,n,2.0NRT,294.91,2.58,N,2026-10-04 05:57:05,Sedang
-2.7229,133.12875,305.42,0.43,0.46,2026-10-03,1707,N,VIIRS,n,2.0NRT,294.66,1.44,N,2026-10-04 05:57:05,Sedang
-2.72049,133.11331,305.16,0.43,0.46,2026-10-03,1707,N,VIIRS,n,2.0NRT,294.42,1.25,N,2026-10-04 05:57:05,Sedang
-2.63342,133.10573,305.27,0.43,0.46,2026-10-03,1707,N,VIIRS,n,2.0NRT,293.72,0.66,N,2026-10-04 05:57:05,Sedang
-2.56068,133.81664,303.84,0.47,0.48,2026-10-03,1707,N,VIIRS,n,2.0NRT,292.36,0.57,N,2026-10-04 05:57:05,Sedang
-2.44075,133.14336,306.48,0.43,0.46,2026-10-03,1707,N,VIIRS,n,2.0NRT,286.97,1.37,N,2026-10-04 05:57:05,Sedang
-2.18517,133.02452,304.99,0.41,0.45,2026-10-03,1707,N,VIIRS,n,2.0NRT,292.25,0.72,N,2026-10-04 05:57:05,Sedang
-2.17976,132.73361,306.15,0.4,0.44,2026-10-03,1707,N,VIIRS,n,2.0NRT,294.19,1.36,N,2026-10-04 05:57:05,Sedang
-2.1783,132.45763,302.45,0.57,0.43,2026-10-03,1707,N,VIIRS,n,2.0NRT,291.48,1.49,N,2026-10-04 05:57:05,Sedang
-2.16787,132.44339,306.42,0.57,0.43,2026-10-03,1707,N,VIIRS,n,2.0NRT,293.81,1.41,N,2026-10-04 05:57:05,Sedang
-2.16387,132.444,310.78,0.57,0.43,2026-10-03,1707,N,VIIRS,n,2.0NRT,293.44,1.41,N,2026-10-04 05:57:05,Sedang
-2.15186,132.44583,304.3,0.57,0.43,2026-10-03,1707,N,VIIRS,n,2.0NRT,293.36,1.97,N,2026-10-04 05:57:05,Sedang
-1.82984,130.08601,306.45,0.43,0.38,2026-10-03,1707,N,VIIRS,n,2.0NRT,292.22,1.11,N,2026-10-04 05:57:05,Sedang
-1.82922,130.08215,304.56,0.43,0.38,2026-10-03,1707,N,VIIRS,n,2.0NRT,291.86,0.56,N,2026-10-04 05:57:05,Sedang
-1.82698,129.65286,305.56,0.41,0.37,2026-10-03,1707,N,VIIRS,n,2.0NRT,294.57,1.92,N,2026-10-04 05:57:05,Sedang
-1.82222,130.08325,305.77,0.43,0.38,2026-10-03,1707,N,VIIRS,n,2.0NRT,291.75,0.8,N,2026-10-04 05:57:05,Sedang
-1.81701,136.75008,350.23,0.36,0.58,2026-10-03,1707,N,VIIRS,n,2.0NRT,289.05,5.35,N,2026-10-04 05:57:05,Sedang
-1.75161,130.34082,308.5,0.44,0.38,2026-10-03,1707,N,VIIRS,n,2.0NRT,295.73,0.98,N,2026-10-04 05:57:05,Sedang
-1.7408,130.31839,308.13,0.44,0.38,2026-10-03,1707,N,VIIRS,n,2.0NRT,295.79,1.32,N,2026-10-04 05:57:05,Sedang
-1.74018,130.31442,315.24,0.44,0.38,2026-10-03,1707,N,VIIRS,n,2.0NRT,296.36,1.32,N,2026-10-04 05:57:05,Sedang
-1.73375,130.31955,313.35,0.44,0.38,2026-10-03,1707,N,VIIRS,n,2.0NRT,295.61,1.42,N,2026-10-04 05:57:05,Sedang
-1.72868,130.12863,305.68,0.43,0.38,2026-10-03,1707,N,VIIRS,n,2.0NRT,294.79,1.18,N,2026-10-04 05:57:05,Sedang
-1.69794,130.34523,306.51,0.44,0.38,2026-10-03,1707,N,VIIRS,n,2.0NRT,295.22,1.02,N,2026-10-04 05:57:05,Sedang
-1.69148,130.35025,306.33,0.44,0.38,2026-10-03,1707,N,VIIRS,n,2.0NRT,295.38,1.96,N,2026-10-04 05:57:05,Sedang
-1.66599,127.86564,302.18,0.38,0.36,2026-10-03,1707,N,VIIRS,n,2.0NRT,287.14,0.51,N,2026-10-04 05:57:05,Sedang
-1.56598,127.42876,310.21,0.38,0.36,2026-10-03,1707,N,VIIRS,n,2.0NRT,293.41,3.57,N,2026-10-04 05:57:05,Sedang
-1.45887,127.43478,301.76,0.38,0.36,2026-10-03,1707,N,VIIRS,n,2.0NRT,281.68,1.58,N,2026-10-04 05:57:05,Sedang
-1.43716,127.53391,308.35,0.38,0.36,2026-10-03,1707,N,VIIRS,n,2.0NRT,286.64,4.76,N,2026-10-04 05:57:05,Sedang
-1.43378,127.53088,322.3,0.38,0.36,2026-10-03,1707,N,VIIRS,n,2.0NRT,289.87,1.79,N,2026-10-04 05:57:05,Sedang
-1.40093,127.62437,305.88,0.38,0.36,2026-10-03,1707,N,VIIRS,n,2.0NRT,286.39,0.75,N,2026-10-04 05:57:05,Sedang
-1.38928,127.63678,317.23,0.38,0.36,2026-10-03,1707,N,VIIRS,n,2.0NRT,288.18,2.49,N,2026-10-04 05:57:05,Sedang
-1.38318,127.64125,308.56,0.38,0.36,2026-10-03,1707,N,VIIRS,n,2.0NRT,286.39,0.73,N,2026-10-04 05:57:05,Sedang
-1.37267,127.63937,299.05,0.38,0.36,2026-10-03,1707,N,VIIRS,n,2.0NRT,283.55,0.46,N,2026-10-04 05:57:05,Sedang
-1.13816,122.12332,300.07,0.43,0.46,2026-10-03,1707,N,VIIRS,n,2.0NRT,281.49,0.87,N,2026-10-04 05:57:05,Sedang
-1.13768,121.98502,312.26,0.44,0.46,2026-10-03,1707,N,VIIRS,n,2.0NRT,283.88,1.58,N,2026-10-04 05:57:05,Sedang
-1.13378,122.12317,306.33,0.43,0.46,2026-10-03,1707,N,VIIRS,n,2.0NRT,283.55,0.87,N,2026-10-04 05:57:05,Sedang
-1.12339,122.05933,300.95,0.44,0.46,2026-10-03,1707,N,VIIRS,n,2.0NRT,284.36,0.75,N,2026-10-04 05:57:05,Sedang
-1.11912,121.92455,300.76,0.45,0.47,2026-10-03,1707,N,VIIRS,n,2.0NRT,282.06,0.73,N,2026-10-04 05:57:05,Sedang
-1.09352,128.41609,309.53,0.39,0.36,2026-10-03,1707,N,VIIRS,n,2.0NRT,289.14,1.21,N,2026-10-04 05:57:05,Sedang
-1.09088,122.09138,304.27,0.44,0.46,2026-10-03,1707,N,VIIRS,n,2.0NRT,286.05,0.99,N,2026-10-04 05:57:05,Sedang
-1.08392,121.53827,301.74,0.47,0.48,2026-10-03,1707,N,VIIRS,n,2.0NRT,286.19,0.68,N,2026-10-04 05:57:05,Sedang
-1.082,122.03504,308.65,0.44,0.46,2026-10-03,1707,N,VIIRS,n,2.0NRT,285.53,1.07,N,2026-10-04 05:57:05,Sedang
-1.08166,122.11591,316.99,0.44,0.46,2026-10-03,1707,N,VIIRS,n,2.0NRT,283.07,1.27,N,2026-10-04 05:57:05,Sedang
-1.05942,122.03089,304.3,0.44,0.46,2026-10-03,1707,N,VIIRS,n,2.0NRT,285.88,0.7,N,2026-10-04 05:57:05,Sedang
-1.0399,122.10024,309.15,0.44,0.46,2026-10-03,1707,N,VIIRS,n,2.0NRT,282.19,1.28,N,2026-10-04 05:57:05,Sedang
-1.02149,122.09448,302.65,0.44,0.46,2026-10-03,1707,N,VIIRS,n,2.0NRT,282.61,0.55,N,2026-10-04 05:57:05,Sedang
-1.0173,122.09559,305.77,0.44,0.46,2026-10-03,1707,N,VIIRS,n,2.0NRT,283.27,1.27,N,2026-10-04 05:57:05,Sedang
-0.9565,122.06242,307.51,0.44,0.46,2026-10-03,1707,N,VIIRS,n,2.0NRT,286.63,0.86,N,2026-10-04 05:57:05,Sedang
-0.84906,130.8569,309.14,0.45,0.39,2026-10-03,1707,N,VIIRS,n,2.0NRT,295.18,1.63,N,2026-10-04 05:57:05,Sedang
-0.80122,130.48793,306.24,0.44,0.38,2026-10-03,1707,N,VIIRS,n,2.0NRT,292.19,1.51,N,2026-10-04 05:57:05,Sedang
-0.79708,130.48466,315.89,0.44,0.38,2026-10-03,1707,N,VIIRS,n,2.0NRT,292.8,1.51,N,2026-10-04 05:57:05,Sedang
-0.79549,130.49733,305.52,0.44,0.38,2026-10-03,1707,N,VIIRS,n,2.0NRT,291.03,1.3,N,2026-10-04 05:57:05,Sedang
-0.79485,130.4933,306.23,0.44,0.38,2026-10-03,1707,N,VIIRS,n,2.0NRT,290.98,1.3,N,2026-10-04 05:57:05,Sedang
-0.79043,122.94861,307.37,0.39,0.44,2026-10-03,1707,N,VIIRS,n,2.0NRT,294.47,1.52,N,2026-10-04 05:57:05,Sedang
-0.77389,130.89374,307.24,0.45,0.39,2026-10-03,1707,N,VIIRS,n,2.0NRT,295.41,1.49,N,2026-10-04 05:57:05,Sedang
-0.76229,131.98997,308.49,0.52,0.41,2026-10-03,1707,N,VIIRS,n,2.0NRT,293.21,1.72,N,2026-10-04 05:57:05,Sedang
-0.70246,122.94305,313.99,0.39,0.44,2026-10-03,1707,N,VIIRS,n,2.0NRT,294.64,1.15,N,2026-10-04 05:57:05,Sedang
-0.62995,123.0861,320.53,0.38,0.43,2026-10-03,1707,N,VIIRS,n,2.0NRT,294.24,1.61,N,2026-10-04 05:57:05,Sedang
-0.61085,123.09966,311.11,0.38,0.43,2026-10-03,1707,N,VIIRS,n,2.0NRT,295.29,1.27,N,2026-10-04 05:57:05,Sedang
-0.60296,123.07552,306.59,0.38,0.44,2026-10-03,1707,N,VIIRS,n,2.0NRT,294.85,0.8,N,2026-10-04 05:57:05,Sedang
-0.59563,128.09395,296.71,0.38,0.36,2026-10-03,1707,N,VIIRS,n,2.0NRT,277.5,0.25,N,2026-10-04 05:57:05,Sedang
-0.48617,127.25357,304.57,0.39,0.36,2026-10-03,1707,N,VIIRS,n,2.0NRT,290.57,0.87,N,2026-10-04 05:57:05,Sedang
-0.40731,130.77654,299.6,0.44,0.39,2026-10-03,1707,N,VIIRS,n,2.0NRT,282.52,0.38,N,2026-10-04 05:57:05,Sedang
-0.38459,127.35854,306.9,0.39,0.36,2026-10-03,1707,N,VIIRS,n,2.0NRT,283.72,1.09,N,2026-10-04 05:57:05,Sedang
-0.36548,130.88174,310.67,0.45,0.39,2026-10-03,1707,N,VIIRS,n,2.0NRT,294.72,2.6,N,2026-10-04 05:57:05,Sedang
-0.36484,130.87761,308.44,0.45,0.39,2026-10-03,1707,N,VIIRS,n,2.0NRT,294.4,1.2,N,2026-10-04 05:57:05,Sedang
-0.32626,127.88882,300.23,0.38,0.36,2026-10-03,1707,N,VIIRS,n,2.0NRT,280.09,0.64,N,2026-10-04 05:57:05,Sedang
-0.26718,127.72532,299.52,0.38,0.36,2026-10-03,1707,N,VIIRS,n,2.0NRT,275.45,1.32,N,2026-10-04 05:57:05,Sedang
-0.26549,127.7363,300.68,0.38,0.36,2026-10-03,1707,N,VIIRS,n,2.0NRT,270.5,0.63,N,2026-10-04 05:57:05,Sedang
-0.2644,127.72935,297.47,0.38,0.36,2026-10-03,1707,N,VIIRS,n,2.0NRT,273.28,1.14,N,2026-10-04 05:57:05,Sedang
-0.26331,127.72237,310.68,0.38,0.36,2026-10-03,1707,N,VIIRS,n,2.0NRT,275.99,1.32,N,2026-10-04 05:57:05,Sedang
-0.20298,127.68582,308,0.39,0.36,2026-10-03,1707,N,VIIRS,n,2.0NRT,268.57,1.61,N,2026-10-04 05:57:05,Sedang
-0.12159,130.29784,310.53,0.42,0.38,2026-10-03,1707,N,VIIRS,n,2.0NRT,295.38,2.56,N,2026-10-04 05:57:05,Sedang
-0.07951,116.66274,297.31,0.53,0.67,2026-10-03,1707,N,VIIRS,n,2.0NRT,260.13,2.62,N,2026-10-04 05:57:05,Sedang
-0.02842,116.84854,297.89,0.51,0.66,2026-10-03,1707,N,VIIRS,n,2.0NRT,270.38,1.4,N,2026-10-04 05:57:05,Sedang
-0.02767,116.84383,313.9,0.51,0.66,2026-10-03,1707,N,VIIRS,n,2.0NRT,269.05,1.4,N,2026-10-04 05:57:05,Sedang
-0.02618,116.83437,301.71,0.51,0.66,2026-10-03,1707,N,VIIRS,n,2.0NRT,271.7,1.41,N,2026-10-04 05:57:05,Sedang
-0.02469,116.82492,295.39,0.51,0.66,2026-10-03,1707,N,VIIRS,n,2.0NRT,272.59,1.41,N,2026-10-04 05:57:05,Sedang
-0.02151,116.84488,297.05,0.51,0.66,2026-10-03,1707,N,VIIRS,n,2.0NRT,273.96,2.76,N,2026-10-04 05:57:05,Sedang
-0.01927,116.83071,348.37,0.51,0.66,2026-10-03,1707,N,VIIRS,n,2.0NRT,278.88,8.95,N,2026-10-04 05:57:05,Sedang
-0.0146,116.84118,317.31,0.51,0.66,2026-10-03,1707,N,VIIRS,n,2.0NRT,281.86,8.46,N,2026-10-04 05:57:05,Sedang
-0.0131,116.83173,311.61,0.51,0.66,2026-10-03,1707,N,VIIRS,n,2.0NRT,284.99,8.95,N,2026-10-04 05:57:05,Sedang
-0.0116,116.82226,314.77,0.51,0.66,2026-10-03,1707,N,VIIRS,n,2.0NRT,288.7,3.84,N,2026-10-04 05:57:05,Sedang
0.21407,116.86012,315.5,0.52,0.66,2026-10-03,1707,N,VIIRS,n,2.0NRT,283.91,4.35,N,2026-10-04 05:57:05,Sedang
0.21558,116.85062,316.86,0.52,0.67,2026-10-03,1707,N,VIIRS,n,2.0NRT,282.71,8.84,N,2026-10-04 05:57:05,Sedang
0.2171,116.84109,321.32,0.52,0.67,2026-10-03,1707,N,VIIRS,n,2.0NRT,283.04,13.22,N,2026-10-04 05:57:05,Sedang
0.21862,116.83155,301.02,0.52,0.67,2026-10-03,1707,N,VIIRS,n,2.0NRT,282.32,5.57,N,2026-10-04 05:57:05,Sedang
0.22025,116.86112,306.75,0.52,0.66,2026-10-03,1707,N,VIIRS,n,2.0NRT,283.95,4.35,N,2026-10-04 05:57:05,Sedang
0.22557,116.82779,305.54,0.52,0.67,2026-10-03,1707,N,VIIRS,n,2.0NRT,283.23,2.26,N,2026-10-04 05:57:05,Sedang
0.22633,116.82301,300.25,0.52,0.67,2026-10-03,1707,N,VIIRS,n,2.0NRT,278.77,2.26,N,2026-10-04 05:57:05,Sedang
0.22795,116.85264,300.86,0.52,0.67,2026-10-03,1707,N,VIIRS,n,2.0NRT,282.67,1.18,N,2026-10-04 05:57:05,Sedang
0.22947,116.84312,331.87,0.52,0.67,2026-10-03,1707,N,VIIRS,n,2.0NRT,283.06,4.81,N,2026-10-04 05:57:05,Sedang
0.23566,116.84413,316.32,0.52,0.67,2026-10-03,1707,N,VIIRS,n,2.0NRT,283.15,4.81,N,2026-10-04 05:57:05,Sedang
0.23718,116.83459,367,0.52,0.67,2026-10-03,1707,N,VIIRS,h,2.0NRT,289.14,32.21,N,2026-10-04 05:57:05,Tinggi
0.23949,116.82025,312.35,0.52,0.67,2026-10-03,1707,N,VIIRS,n,2.0NRT,284.5,2.37,N,2026-10-04 05:57:05,Sedang
0.24031,116.85468,297.42,0.52,0.67,2026-10-03,1707,N,VIIRS,n,2.0NRT,280.11,1.63,N,2026-10-04 05:57:05,Sedang
0.24568,116.82127,311.13,0.52,0.67,2026-10-03,1707,N,VIIRS,n,2.0NRT,285.25,2.47,N,2026-10-04 05:57:05,Sedang
0.24642,116.84764,300.31,0.52,0.67,2026-10-03,1707,N,VIIRS,n,2.0NRT,281.7,1.55,N,2026-10-04 05:57:05,Sedang
0.24715,116.84286,307.67,0.52,0.67,2026-10-03,1707,N,VIIRS,n,2.0NRT,282.99,1.55,N,2026-10-04 05:57:05,Sedang
0.24862,116.83331,324.2,0.52,0.67,2026-10-03,1707,N,VIIRS,n,2.0NRT,285.15,4.45,N,2026-10-04 05:57:05,Sedang
0.40564,123.25489,303.69,0.39,0.44,2026-10-03,1707,N,VIIRS,n,2.0NRT,292.55,0.84,N,2026-10-04 05:57:05,Sedang
0.41753,123.25806,302.04,0.39,0.44,2026-10-03,1707,N,VIIRS,n,2.0NRT,291.45,0.64,N,2026-10-04 05:57:05,Sedang
0.56446,122.03343,305.04,0.47,0.47,2026-10-03,1707,N,VIIRS,n,2.0NRT,292.11,1.03,N,2026-10-04 05:57:05,Sedang
0.56495,122.17222,303.77,0.46,0.47,2026-10-03,1707,N,VIIRS,n,2.0NRT,292.64,0.93,N,2026-10-04 05:57:05,Sedang
0.63289,123.10431,304.65,0.4,0.44,2026-10-03,1707,N,VIIRS,n,2.0NRT,292.82,0.49,N,2026-10-04 05:57:05,Sedang
0.65005,123.02257,303.94,0.4,0.44,2026-10-03,1707,N,VIIRS,n,2.0NRT,293.63,0.9,N,2026-10-04 05:57:05,Sedang
0.69374,122.97257,306.95,0.41,0.45,2026-10-03,1707,N,VIIRS,n,2.0NRT,293.38,1.43,N,2026-10-04 05:57:05,Sedang
0.69645,122.96989,303.29,0.41,0.45,2026-10-03,1707,N,VIIRS,n,2.0NRT,292.73,1.26,N,2026-10-04 05:57:05,Sedang
0.77309,124.48181,295.86,0.5,0.41,2026-10-03,1707,N,VIIRS,n,2.0NRT,281.66,0.6,N,2026-10-04 05:57:05,Sedang
0.78754,123.5679,300.24,0.56,0.43,2026-10-03,1707,N,VIIRS,n,2.0NRT,280.91,1.72,N,2026-10-04 05:57:05,Sedang
0.80845,122.98358,304.43,0.41,0.45,2026-10-03,1707,N,VIIRS,n,2.0NRT,293.81,1.1,N,2026-10-04 05:57:05,Sedang
0.82465,123.70743,301.01,0.55,0.43,2026-10-03,1707,N,VIIRS,n,2.0NRT,285.84,0.78,N,2026-10-04 05:57:05,Sedang
0.83029,123.72301,302.17,0.55,0.43,2026-10-03,1707,N,VIIRS,n,2.0NRT,287.37,1.06,N,2026-10-04 05:57:05,Sedang
0.83076,123.74569,305.88,0.55,0.43,2026-10-03,1707,N,VIIRS,n,2.0NRT,289.5,1.07,N,2026-10-04 05:57:05,Sedang
0.83151,123.7409,305.52,0.55,0.43,2026-10-03,1707,N,VIIRS,n,2.0NRT,288.38,1.07,N,2026-10-04 05:57:05,Sedang
0.83367,123.72714,307.26,0.55,0.43,2026-10-03,1707,N,VIIRS,n,2.0NRT,288.63,1.06,N,2026-10-04 05:57:05,Sedang
0.83514,123.99628,305.46,0.53,0.42,2026-10-03,1707,N,VIIRS,n,2.0NRT,292.05,0.72,N,2026-10-04 05:57:05,Sedang
0.89631,121.46771,316.97,0.51,0.5,2026-10-03,1707,N,VIIRS,n,2.0NRT,292.88,4.12,N,2026-10-04 05:57:05,Sedang
0.91387,122.63622,307.48,0.43,0.46,2026-10-03,1707,N,VIIRS,n,2.0NRT,294,1.55,N,2026-10-04 05:57:05,Sedang
0.92637,122.41665,304.67,0.45,0.47,2026-10-03,1707,N,VIIRS,n,2.0NRT,292.66,1.6,N,2026-10-04 05:57:05,Sedang
0.93988,117.21127,310.66,0.5,0.66,2026-10-03,1707,N,VIIRS,n,2.0NRT,281.66,2.65,N,2026-10-04 05:57:05,Sedang
0.94599,117.21227,308.36,0.5,0.66,2026-10-03,1707,N,VIIRS,n,2.0NRT,282.21,2.55,N,2026-10-04 05:57:05,Sedang
0.94907,122.46813,304.78,0.44,0.46,2026-10-03,1707,N,VIIRS,n,2.0NRT,293.64,1.54,N,2026-10-04 05:57:05,Sedang
1.07566,121.22398,306.76,0.54,0.51,2026-10-03,1707,N,VIIRS,n,2.0NRT,291.52,0.93,N,2026-10-04 05:57:05,Sedang
1.16729,121.26488,301.95,0.54,0.5,2026-10-03,1707,N,VIIRS,n,2.0NRT,287.03,0.84,N,2026-10-04 05:57:05,Sedang
1.17418,117.72933,304.62,0.47,0.64,2026-10-03,1707,N,VIIRS,n,2.0NRT,285.35,1.69,N,2026-10-04 05:57:05,Sedang
1.17666,117.73126,297.83,0.47,0.64,2026-10-03,1707,N,VIIRS,n,2.0NRT,285.17,1.02,N,2026-10-04 05:57:05,Sedang
-3.45214,115.90347,305.18,0.78,0.78,2026-10-03,1845,N,VIIRS,n,2.0NRT,287.52,1.67,N,2026-10-04 05:57:05,Sedang
-3.44489,115.90449,302.99,0.78,0.78,2026-10-03,1845,N,VIIRS,n,2.0NRT,288.39,1.67,N,2026-10-04 05:57:05,Sedang
-3.21609,114.19978,297.6,0.59,0.7,2026-10-03,1845,N,VIIRS,n,2.0NRT,280.66,1.27,N,2026-10-04 05:57:05,Sedang
-3.17453,115.35785,305.17,0.71,0.75,2026-10-03,1845,N,VIIRS,n,2.0NRT,288.75,0.75,N,2026-10-04 05:57:05,Sedang
-3.14727,113.37736,322.18,0.52,0.67,2026-10-03,1845,N,VIIRS,n,2.0NRT,292.83,4.14,N,2026-10-04 05:57:05,Sedang
-3.14106,113.37829,305.98,0.52,0.67,2026-10-03,1845,N,VIIRS,n,2.0NRT,292.33,1.13,N,2026-10-04 05:57:05,Sedang
-3.09053,113.97549,297.76,0.57,0.69,2026-10-03,1845,N,VIIRS,n,2.0NRT,271.56,2.98,N,2026-10-04 05:57:05,Sedang
-3.09014,113.97266,299.11,0.57,0.69,2026-10-03,1845,N,VIIRS,n,2.0NRT,272.8,2.63,N,2026-10-04 05:57:05,Sedang
-3.03668,112.3998,302.27,0.45,0.63,2026-10-03,1845,N,VIIRS,n,2.0NRT,291.25,1.02,N,2026-10-04 05:57:05,Sedang
-3.03314,112.87525,303.79,0.48,0.65,2026-10-03,1845,N,VIIRS,n,2.0NRT,291.95,1.2,N,2026-10-04 05:57:05,Sedang
-2.98719,113.14423,306.3,0.5,0.66,2026-10-03,1845,N,VIIRS,n,2.0NRT,291.54,3.04,N,2026-10-04 05:57:05,Sedang
-2.98176,113.14966,303.93,0.5,0.66,2026-10-03,1845,N,VIIRS,n,2.0NRT,291.6,3.04,N,2026-10-04 05:57:05,Sedang
-2.98041,113.14059,329.3,0.5,0.66,2026-10-03,1845,N,VIIRS,n,2.0NRT,293.07,5.76,N,2026-10-04 05:57:05,Sedang
-2.97262,113.16857,304.99,0.5,0.66,2026-10-03,1845,N,VIIRS,n,2.0NRT,289.05,2.79,N,2026-10-04 05:57:05,Sedang
-2.95194,111.59377,297.67,0.39,0.59,2026-10-03,1845,N,VIIRS,n,2.0NRT,273.96,1.37,N,2026-10-04 05:57:05,Sedang
-2.94628,113.32496,302.66,0.51,0.66,2026-10-03,1845,N,VIIRS,n,2.0NRT,291.73,1.07,N,2026-10-04 05:57:05,Sedang
-2.94539,115.23995,301.02,0.69,0.74,2026-10-03,1845,N,VIIRS,n,2.0NRT,288.46,1.09,N,2026-10-04 05:57:05,Sedang
-2.9401,113.32587,304.79,0.51,0.66,2026-10-03,1845,N,VIIRS,n,2.0NRT,291.88,1.07,N,2026-10-04 05:57:05,Sedang
-2.93384,112.42604,313.41,0.45,0.63,2026-10-03,1845,N,VIIRS,n,2.0NRT,292.19,1.5,N,2026-10-04 05:57:05,Sedang
-2.92514,112.72711,345.01,0.47,0.64,2026-10-03,1845,N,VIIRS,n,2.0NRT,293.33,5.55,N,2026-10-04 05:57:05,Sedang
-2.92451,112.72285,318.97,0.47,0.64,2026-10-03,1845,N,VIIRS,n,2.0NRT,292.68,10.84,N,2026-10-04 05:57:05,Sedang
-2.9192,112.72804,316.53,0.47,0.64,2026-10-03,1845,N,VIIRS,n,2.0NRT,292.41,5.55,N,2026-10-04 05:57:05,Sedang
-2.91543,113.32967,303.43,0.51,0.66,2026-10-03,1845,N,VIIRS,n,2.0NRT,291.68,1.26,N,2026-10-04 05:57:05,Sedang
-2.91263,112.72468,334.16,0.47,0.64,2026-10-03,1845,N,VIIRS,n,2.0NRT,292.63,14.49,N,2026-10-04 05:57:05,Sedang
-2.90203,111.55651,303.96,0.39,0.59,2026-10-03,1845,N,VIIRS,n,2.0NRT,259.98,0.76,N,2026-10-04 05:57:05,Sedang
-2.90149,111.55297,300.13,0.39,0.59,2026-10-03,1845,N,VIIRS,n,2.0NRT,259.96,0.76,N,2026-10-04 05:57:05,Sedang
-2.88404,111.51225,326.17,0.39,0.59,2026-10-03,1845,N,VIIRS,n,2.0NRT,286.06,3.46,N,2026-10-04 05:57:05,Sedang
-2.86761,111.51477,297.54,0.39,0.59,2026-10-03,1845,N,VIIRS,n,2.0NRT,266.65,1.04,N,2026-10-04 05:57:05,Sedang
-2.85708,110.99216,304.63,0.36,0.57,2026-10-03,1845,N,VIIRS,n,2.0NRT,276.77,0.99,N,2026-10-04 05:57:05,Sedang
-2.8547,110.83227,303.07,0.35,0.56,2026-10-03,1845,N,VIIRS,n,2.0NRT,282.4,2.26,N,2026-10-04 05:57:05,Sedang
-2.85328,110.82282,351.47,0.35,0.56,2026-10-03,1845,N,VIIRS,n,2.0NRT,288.85,8.49,N,2026-10-04 05:57:05,Sedang
-2.85306,111.68117,300.81,0.4,0.6,2026-10-03,1845,N,VIIRS,n,2.0NRT,272.35,1.61,N,2026-10-04 05:57:05,Sedang
-2.85199,111.67392,311.2,0.4,0.6,2026-10-03,1845,N,VIIRS,n,2.0NRT,273.37,1.58,N,2026-10-04 05:57:05,Sedang
-2.85131,110.98973,301.63,0.36,0.57,2026-10-03,1845,N,VIIRS,n,2.0NRT,282.32,1.39,N,2026-10-04 05:57:05,Sedang
-2.8504,110.83932,303.57,0.35,0.56,2026-10-03,1845,N,VIIRS,n,2.0NRT,284.13,1.17,N,2026-10-04 05:57:05,Sedang
-2.84855,113.04771,340.05,0.49,0.65,2026-10-03,1845,N,VIIRS,n,2.0NRT,291.63,7.5,N,2026-10-04 05:57:05,Sedang
-2.84469,110.8369,313.27,0.35,0.56,2026-10-03,1845,N,VIIRS,n,2.0NRT,285.7,1.26,N,2026-10-04 05:57:05,Sedang
-2.84422,110.83376,332.14,0.35,0.56,2026-10-03,1845,N,VIIRS,n,2.0NRT,288.5,2.23,N,2026-10-04 05:57:05,Sedang
-2.83599,111.1255,297.01,0.36,0.58,2026-10-03,1845,N,VIIRS,n,2.0NRT,259.71,0.94,N,2026-10-04 05:57:05,Sedang
-2.83375,110.8353,300.8,0.35,0.56,2026-10-03,1845,N,VIIRS,n,2.0NRT,283.34,1.56,N,2026-10-04 05:57:05,Sedang
-2.83123,113.31023,303.55,0.51,0.66,2026-10-03,1845,N,VIIRS,n,2.0NRT,291.44,2.44,N,2026-10-04 05:57:05,Sedang
-2.83066,111.12631,313.97,0.36,0.58,2026-10-03,1845,N,VIIRS,n,2.0NRT,262.44,0.94,N,2026-10-04 05:57:05,Sedang
-2.83015,111.12301,308.38,0.36,0.58,2026-10-03,1845,N,VIIRS,n,2.0NRT,263.23,0.94,N,2026-10-04 05:57:05,Sedang
-2.82877,110.94685,297.43,0.35,0.57,2026-10-03,1845,N,VIIRS,n,2.0NRT,282.31,0.55,N,2026-10-04 05:57:05,Sedang
-2.8283,110.94364,303.54,0.35,0.57,2026-10-03,1845,N,VIIRS,n,2.0NRT,283.9,0.55,N,2026-10-04 05:57:05,Sedang
-2.82482,110.9473,310.97,0.35,0.57,2026-10-03,1845,N,VIIRS,n,2.0NRT,281.28,1.24,N,2026-10-04 05:57:05,Sedang
-2.82432,110.9441,303.59,0.35,0.57,2026-10-03,1845,N,VIIRS,n,2.0NRT,281.17,1.24,N,2026-10-04 05:57:05,Sedang
-2.82229,112.87019,302.62,0.48,0.64,2026-10-03,1845,N,VIIRS,n,2.0NRT,291.42,0.97,N,2026-10-04 05:57:05,Sedang
-2.81963,113.3168,305.05,0.51,0.66,2026-10-03,1845,N,VIIRS,n,2.0NRT,290.66,1.99,N,2026-10-04 05:57:05,Sedang
-2.81688,110.7578,305.36,0.34,0.56,2026-10-03,1845,N,VIIRS,n,2.0NRT,287.26,0.74,N,2026-10-04 05:57:05,Sedang
-2.81579,112.70369,311.94,0.46,0.64,2026-10-03,1845,N,VIIRS,n,2.0NRT,291.83,1.5,N,2026-10-04 05:57:05,Sedang
-2.81351,113.06216,302.88,0.49,0.65,2026-10-03,1845,N,VIIRS,n,2.0NRT,290.45,1.53,N,2026-10-04 05:57:05,Sedang
-2.81319,110.73292,299.56,0.34,0.56,2026-10-03,1845,N,VIIRS,n,2.0NRT,278.15,1.38,N,2026-10-04 05:57:05,Sedang
-2.81278,113.31312,319.41,0.51,0.66,2026-10-03,1845,N,VIIRS,n,2.0NRT,291.58,4.03,N,2026-10-04 05:57:05,Sedang
-2.81096,111.54871,308.85,0.39,0.59,2026-10-03,1845,N,VIIRS,n,2.0NRT,284.82,1.58,N,2026-10-04 05:57:05,Sedang
-2.81043,110.71435,307.07,0.34,0.56,2026-10-03,1845,N,VIIRS,n,2.0NRT,274.64,0.86,N,2026-10-04 05:57:05,Sedang
-2.80996,111.54475,316.28,0.39,0.59,2026-10-03,1845,N,VIIRS,n,2.0NRT,286.46,2.31,N,2026-10-04 05:57:05,Sedang
-2.80987,112.70455,303.67,0.46,0.64,2026-10-03,1845,N,VIIRS,n,2.0NRT,291.83,1.5,N,2026-10-04 05:57:05,Sedang
-2.80845,110.73681,302.6,0.34,0.56,2026-10-03,1845,N,VIIRS,n,2.0NRT,278.53,1.12,N,2026-10-04 05:57:05,Sedang
-2.80662,110.7244,302.16,0.34,0.56,2026-10-03,1845,N,VIIRS,n,2.0NRT,277.27,1.52,N,2026-10-04 05:57:05,Sedang
-2.80497,111.54607,306.48,0.39,0.59,2026-10-03,1845,N,VIIRS,n,2.0NRT,285.88,1.58,N,2026-10-04 05:57:05,Sedang
-2.80435,112.87305,300.74,0.48,0.64,2026-10-03,1845,N,VIIRS,n,2.0NRT,289.76,0.84,N,2026-10-04 05:57:05,Sedang
-2.80326,110.73758,298.64,0.34,0.56,2026-10-03,1845,N,VIIRS,n,2.0NRT,277.3,1.12,N,2026-10-04 05:57:05,Sedang
-2.80279,110.73446,306.68,0.34,0.56,2026-10-03,1845,N,VIIRS,n,2.0NRT,275.82,1.12,N,2026-10-04 05:57:05,Sedang
-2.80213,112.87537,309.36,0.48,0.64,2026-10-03,1845,N,VIIRS,n,2.0NRT,289.61,1.02,N,2026-10-04 05:57:05,Sedang
-2.80097,110.72211,300.94,0.34,0.56,2026-10-03,1845,N,VIIRS,n,2.0NRT,274.13,1.52,N,2026-10-04 05:57:05,Sedang
-2.79431,110.4658,298.35,0.33,0.55,2026-10-03,1845,N,VIIRS,n,2.0NRT,284.63,0.43,N,2026-10-04 05:57:05,Sedang
-2.79373,113.06234,304.04,0.49,0.65,2026-10-03,1845,N,VIIRS,n,2.0NRT,290.12,1,N,2026-10-04 05:57:05,Sedang
-2.79332,110.74227,308.37,0.34,0.56,2026-10-03,1845,N,VIIRS,n,2.0NRT,274.31,0.58,N,2026-10-04 05:57:05,Sedang
-2.79239,112.87495,310.25,0.48,0.64,2026-10-03,1845,N,VIIRS,n,2.0NRT,288.73,1.59,N,2026-10-04 05:57:05,Sedang
-2.78642,114.01729,302.17,0.57,0.69,2026-10-03,1845,N,VIIRS,n,2.0NRT,286.48,2.65,N,2026-10-04 05:57:05,Sedang
-2.78631,113.05425,304.13,0.49,0.65,2026-10-03,1845,N,VIIRS,n,2.0NRT,289.67,1.88,N,2026-10-04 05:57:05,Sedang
-2.77689,112.99191,311.8,0.49,0.65,2026-10-03,1845,N,VIIRS,n,2.0NRT,291.55,2.43,N,2026-10-04 05:57:05,Sedang
-2.77588,114.03503,301.2,0.57,0.69,2026-10-03,1845,N,VIIRS,n,2.0NRT,285.75,2.63,N,2026-10-04 05:57:05,Sedang
-2.76886,112.97952,309.19,0.48,0.65,2026-10-03,1845,N,VIIRS,n,2.0NRT,291.74,1.88,N,2026-10-04 05:57:05,Sedang
-2.76494,112.83208,303.39,0.47,0.64,2026-10-03,1845,N,VIIRS,n,2.0NRT,291.19,1.67,N,2026-10-04 05:57:05,Sedang
-2.76284,112.98042,305.5,0.48,0.65,2026-10-03,1845,N,VIIRS,n,2.0NRT,291.21,1.11,N,2026-10-04 05:57:05,Sedang
-2.76221,112.89478,302.01,0.48,0.64,2026-10-03,1845,N,VIIRS,n,2.0NRT,289.1,1.56,N,2026-10-04 05:57:05,Sedang
-2.75328,113.33656,303.06,0.51,0.66,2026-10-03,1845,N,VIIRS,n,2.0NRT,290.06,1.77,N,2026-10-04 05:57:05,Sedang
-2.74787,110.43362,303.22,0.32,0.55,2026-10-03,1845,N,VIIRS,n,2.0NRT,289.28,1.23,N,2026-10-04 05:57:05,Sedang
-2.72271,114.08189,299.68,0.57,0.69,2026-10-03,1845,N,VIIRS,n,2.0NRT,278.94,1.86,N,2026-10-04 05:57:05,Sedang
-2.71227,112.32731,306.12,0.44,0.62,2026-10-03,1845,N,VIIRS,n,2.0NRT,291.22,1.46,N,2026-10-04 05:57:05,Sedang
-2.70111,112.17168,311.71,0.43,0.62,2026-10-03,1845,N,VIIRS,n,2.0NRT,283.63,5.36,N,2026-10-04 05:57:05,Sedang
-2.70041,112.17835,308.74,0.43,0.62,2026-10-03,1845,N,VIIRS,n,2.0NRT,285.05,3.8,N,2026-10-04 05:57:05,Sedang
-2.69483,112.16864,306.19,0.43,0.62,2026-10-03,1845,N,VIIRS,n,2.0NRT,283.75,5.36,N,2026-10-04 05:57:05,Sedang
-2.69469,112.17918,326,0.43,0.62,2026-10-03,1845,N,VIIRS,n,2.0NRT,287.38,3.8,N,2026-10-04 05:57:05,Sedang
-2.69373,113.01955,305.21,0.49,0.65,2026-10-03,1845,N,VIIRS,n,2.0NRT,290.8,1.88,N,2026-10-04 05:57:05,Sedang
-2.68387,112.18478,300.89,0.43,0.62,2026-10-03,1845,N,VIIRS,n,2.0NRT,286,0.89,N,2026-10-04 05:57:05,Sedang
-2.67483,111.57674,306.32,0.39,0.59,2026-10-03,1845,N,VIIRS,n,2.0NRT,278.38,2.25,N,2026-10-04 05:57:05,Sedang
-2.67303,112.19035,307.78,0.43,0.62,2026-10-03,1845,N,VIIRS,n,2.0NRT,289.95,0.63,N,2026-10-04 05:57:05,Sedang
-2.67096,111.58818,324.03,0.39,0.59,2026-10-03,1845,N,VIIRS,n,2.0NRT,278.74,2.64,N,2026-10-04 05:57:05,Sedang
-2.66881,111.57404,311.62,0.39,0.59,2026-10-03,1845,N,VIIRS,n,2.0NRT,278.01,5.74,N,2026-10-04 05:57:05,Sedang
-2.66694,113.00559,310.06,0.48,0.65,2026-10-03,1845,N,VIIRS,n,2.0NRT,290.44,1.73,N,2026-10-04 05:57:05,Sedang
-2.66628,113.00117,307.95,0.48,0.65,2026-10-03,1845,N,VIIRS,n,2.0NRT,290.3,1.73,N,2026-10-04 05:57:05,Sedang
-2.66493,111.58548,315.14,0.39,0.59,2026-10-03,1845,N,VIIRS,n,2.0NRT,277.95,3.9,N,2026-10-04 05:57:05,Sedang
-2.6644,111.58195,320.69,0.39,0.59,2026-10-03,1845,N,VIIRS,n,2.0NRT,280.29,3.9,N,2026-10-04 05:57:05,Sedang
-2.66425,113.02859,309.04,0.49,0.65,2026-10-03,1845,N,VIIRS,n,2.0NRT,291.01,1.62,N,2026-10-04 05:57:05,Sedang
-2.66333,111.57487,343.49,0.39,0.59,2026-10-03,1845,N,VIIRS,n,2.0NRT,282.12,5.74,N,2026-10-04 05:57:05,Sedang
-2.6616,112.19208,305.92,0.43,0.62,2026-10-03,1845,N,VIIRS,n,2.0NRT,291.97,1.08,N,2026-10-04 05:57:05,Sedang
-2.65891,112.32951,305.82,0.44,0.62,2026-10-03,1845,N,VIIRS,n,2.0NRT,291.22,0.94,N,2026-10-04 05:57:05,Sedang
-2.65738,111.21129,316.12,0.37,0.58,2026-10-03,1845,N,VIIRS,n,2.0NRT,283.16,2.18,N,2026-10-04 05:57:05,Sedang
-2.6547,111.21408,308.12,0.37,0.58,2026-10-03,1845,N,VIIRS,n,2.0NRT,283.19,1.42,N,2026-10-04 05:57:05,Sedang
-2.6472,111.21629,299.74,0.37,0.58,2026-10-03,1845,N,VIIRS,n,2.0NRT,277.56,0.87,N,2026-10-04 05:57:05,Sedang
-2.64434,112.89653,311.72,0.48,0.64,2026-10-03,1845,N,VIIRS,n,2.0NRT,287.88,3.07,N,2026-10-04 05:57:05,Sedang
-2.64369,112.89217,328.04,0.48,0.64,2026-10-03,1845,N,VIIRS,n,2.0NRT,288.59,5.57,N,2026-10-04 05:57:05,Sedang
-2.63547,111.21124,303.87,0.36,0.58,2026-10-03,1845,N,VIIRS,n,2.0NRT,273.88,1.12,N,2026-10-04 05:57:05,Sedang
-2.62831,111.64127,306.04,0.39,0.59,2026-10-03,1845,N,VIIRS,n,2.0NRT,287.98,1.72,N,2026-10-04 05:57:05,Sedang
-2.62736,111.63482,324.4,0.39,0.59,2026-10-03,1845,N,VIIRS,n,2.0NRT,288.68,4.98,N,2026-10-04 05:57:05,Sedang
-2.62715,115.91151,299.97,0.76,0.77,2026-10-03,1845,N,VIIRS,n,2.0NRT,286.26,0.67,N,2026-10-04 05:57:05,Sedang
-2.62225,111.63853,301.9,0.39,0.59,2026-10-03,1845,N,VIIRS,n,2.0NRT,287.69,1.72,N,2026-10-04 05:57:05,Sedang
-2.62169,111.63497,303.69,0.39,0.59,2026-10-03,1845,N,VIIRS,n,2.0NRT,288.18,2.49,N,2026-10-04 05:57:05,Sedang
-2.61413,114.28216,298.41,0.59,0.7,2026-10-03,1845,N,VIIRS,n,2.0NRT,264.87,2.94,N,2026-10-04 05:57:05,Sedang
-2.6114,112.89909,302.16,0.48,0.64,2026-10-03,1845,N,VIIRS,n,2.0NRT,288.85,0.91,N,2026-10-04 05:57:05,Sedang
-2.60922,114.29404,297.36,0.59,0.7,2026-10-03,1845,N,VIIRS,n,2.0NRT,266.64,2.86,N,2026-10-04 05:57:05,Sedang
-2.59728,113.03453,302.55,0.49,0.65,2026-10-03,1845,N,VIIRS,n,2.0NRT,286.71,1.28,N,2026-10-04 05:57:05,Sedang
-2.58909,113.033,303.42,0.49,0.65,2026-10-03,1845,N,VIIRS,n,2.0NRT,282,1.79,N,2026-10-04 05:57:05,Sedang
-2.58574,113.05146,306.23,0.49,0.65,2026-10-03,1845,N,VIIRS,n,2.0NRT,281.94,3.47,N,2026-10-04 05:57:05,Sedang
-2.57702,113.03471,301.07,0.49,0.65,2026-10-03,1845,N,VIIRS,n,2.0NRT,279.65,1.07,N,2026-10-04 05:57:05,Sedang
-2.575,113.02149,308.05,0.48,0.65,2026-10-03,1845,N,VIIRS,n,2.0NRT,283.83,1.55,N,2026-10-04 05:57:05,Sedang
-2.56289,111.6185,301.54,0.39,0.59,2026-10-03,1845,N,VIIRS,n,2.0NRT,286.39,0.92,N,2026-10-04 05:57:05,Sedang
-2.56235,111.61494,304.51,0.39,0.59,2026-10-03,1845,N,VIIRS,n,2.0NRT,287.55,2.19,N,2026-10-04 05:57:05,Sedang
-2.56063,113.38302,299.88,0.51,0.66,2026-10-03,1845,N,VIIRS,n,2.0NRT,284.43,1.16,N,2026-10-04 05:57:05,Sedang
-2.5531,111.591,307.98,0.39,0.59,2026-10-03,1845,N,VIIRS,n,2.0NRT,289.25,0.59,N,2026-10-04 05:57:05,Sedang
-2.48066,111.70289,298.31,0.39,0.59,2026-10-03,1845,N,VIIRS,n,2.0NRT,285.02,0.34,N,2026-10-04 05:57:05,Sedang
-2.47679,111.71449,295.39,0.39,0.6,2026-10-03,1845,N,VIIRS,n,2.0NRT,282.57,0.6,N,2026-10-04 05:57:05,Sedang
-2.47655,112.94991,306.96,0.48,0.64,2026-10-03,1845,N,VIIRS,n,2.0NRT,290.79,1.09,N,2026-10-04 05:57:05,Sedang
-2.47057,112.95082,303.88,0.48,0.64,2026-10-03,1845,N,VIIRS,n,2.0NRT,291.48,1.09,N,2026-10-04 05:57:05,Sedang
-2.45658,112.93943,319.85,0.48,0.64,2026-10-03,1845,N,VIIRS,n,2.0NRT,291.48,2.01,N,2026-10-04 05:57:05,Sedang
-2.41144,114.51144,295.84,0.61,0.71,2026-10-03,1845,N,VIIRS,n,2.0NRT,270.15,2.31,N,2026-10-04 05:57:05,Sedang
-2.40971,114.5003,316.06,0.61,0.71,2026-10-03,1845,N,VIIRS,n,2.0NRT,271.82,5.88,N,2026-10-04 05:57:05,Sedang
-2.40485,114.51244,298.14,0.61,0.71,2026-10-03,1845,N,VIIRS,n,2.0NRT,271.24,2.31,N,2026-10-04 05:57:05,Sedang
-2.40313,114.50129,339.81,0.61,0.71,2026-10-03,1845,N,VIIRS,n,2.0NRT,274.2,5.88,N,2026-10-04 05:57:05,Sedang
-2.33249,114.56946,295.93,0.61,0.71,2026-10-03,1845,N,VIIRS,n,2.0NRT,261.73,0.94,N,2026-10-04 05:57:05,Sedang
-2.33165,114.56383,296.47,0.61,0.71,2026-10-03,1845,N,VIIRS,n,2.0NRT,262.61,0.94,N,2026-10-04 05:57:05,Sedang
-2.32491,112.81654,302.97,0.46,0.64,2026-10-03,1845,N,VIIRS,n,2.0NRT,291.38,2.15,N,2026-10-04 05:57:05,Sedang
-2.32427,112.81228,324.78,0.46,0.64,2026-10-03,1845,N,VIIRS,n,2.0NRT,292.35,4.5,N,2026-10-04 05:57:05,Sedang
-2.31449,115.88007,297.32,0.75,0.77,2026-10-03,1845,N,VIIRS,n,2.0NRT,283.61,1.21,N,2026-10-04 05:57:05,Sedang
-2.30274,113.32392,301.63,0.5,0.66,2026-10-03,1845,N,VIIRS,n,2.0NRT,271.61,2.33,N,2026-10-04 05:57:05,Sedang
-2.23798,112.94115,305.59,0.47,0.64,2026-10-03,1845,N,VIIRS,n,2.0NRT,289.71,2.75,N,2026-10-04 05:57:05,Sedang
-2.23665,112.9325,331.28,0.47,0.64,2026-10-03,1845,N,VIIRS,n,2.0NRT,290.57,3.15,N,2026-10-04 05:57:05,Sedang
-2.23136,112.93774,303.98,0.47,0.64,2026-10-03,1845,N,VIIRS,n,2.0NRT,289.76,3.15,N,2026-10-04 05:57:05,Sedang
-2.2307,112.93343,309.18,0.47,0.64,2026-10-03,1845,N,VIIRS,n,2.0NRT,290.19,3.15,N,2026-10-04 05:57:05,Sedang
-2.1627,114.44553,305.58,0.6,0.7,2026-10-03,1845,N,VIIRS,n,2.0NRT,278.07,1,N,2026-10-04 05:57:05,Sedang
-2.14655,114.25462,309.57,0.58,0.7,2026-10-03,1845,N,VIIRS,n,2.0NRT,285.47,7.09,N,2026-10-04 05:57:05,Sedang
-2.12672,110.46773,317.21,0.32,0.55,2026-10-03,1845,N,VIIRS,n,2.0NRT,288.96,1.38,N,2026-10-04 05:57:05,Sedang
-2.12629,110.46485,302.67,0.32,0.54,2026-10-03,1845,N,VIIRS,n,2.0NRT,288.67,1.35,N,2026-10-04 05:57:05,Sedang
-2.12312,110.46712,308.67,0.32,0.54,2026-10-03,1845,N,VIIRS,n,2.0NRT,288.29,0.94,N,2026-10-04 05:57:05,Sedang
-2.10054,114.30012,304.73,0.58,0.7,2026-10-03,1845,N,VIIRS,n,2.0NRT,283.57,2.31,N,2026-10-04 05:57:05,Sedang
-2.09436,113.39192,300.31,0.5,0.66,2026-10-03,1845,N,VIIRS,n,2.0NRT,278.42,1.91,N,2026-10-04 05:57:05,Sedang
-2.04454,112.57014,303.2,0.44,0.63,2026-10-03,1845,N,VIIRS,n,2.0NRT,290.09,2.08,N,2026-10-04 05:57:05,Sedang
-2.0433,112.56197,305.36,0.44,0.63,2026-10-03,1845,N,VIIRS,n,2.0NRT,291.16,3.26,N,2026-10-04 05:57:05,Sedang
-1.98634,115.87159,300.08,0.74,0.76,2026-10-03,1845,N,VIIRS,n,2.0NRT,289.63,2.25,N,2026-10-04 05:57:05,Sedang
-1.98426,111.21924,328.89,0.36,0.57,2026-10-03,1845,N,VIIRS,n,2.0NRT,274.55,2.02,N,2026-10-04 05:57:05,Sedang
-1.9793,115.87308,300.03,0.74,0.76,2026-10-03,1845,N,VIIRS,n,2.0NRT,289.4,2.29,N,2026-10-04 05:57:05,Sedang
-1.9675,111.14601,304.42,0.35,0.57,2026-10-03,1845,N,VIIRS,n,2.0NRT,275.97,2.62,N,2026-10-04 05:57:05,Sedang
-1.96701,111.14279,341.12,0.35,0.57,2026-10-03,1845,N,VIIRS,n,2.0NRT,277.45,2.62,N,2026-10-04 05:57:05,Sedang
-1.96224,111.1469,295.6,0.35,0.57,2026-10-03,1845,N,VIIRS,n,2.0NRT,277.07,0.63,N,2026-10-04 05:57:05,Sedang
-1.96174,111.14366,297.44,0.35,0.57,2026-10-03,1845,N,VIIRS,n,2.0NRT,276.84,0.63,N,2026-10-04 05:57:05,Sedang
-1.80693,104.27325,306.53,0.41,0.37,2026-10-03,1845,N,VIIRS,n,2.0NRT,290.04,1.31,N,2026-10-04 05:57:05,Sedang
-1.80349,104.27379,313.03,0.41,0.37,2026-10-03,1845,N,VIIRS,n,2.0NRT,291.11,1.42,N,2026-10-04 05:57:05,Sedang
-1.80253,104.28085,310.57,0.41,0.37,2026-10-03,1845,N,VIIRS,n,2.0NRT,290.5,1.29,N,2026-10-04 05:57:05,Sedang
-1.79956,104.26224,312.97,0.41,0.37,2026-10-03,1845,N,VIIRS,n,2.0NRT,289.85,2.31,N,2026-10-04 05:57:05,Sedang
-1.79208,104.25959,307.99,0.41,0.37,2026-10-03,1845,N,VIIRS,n,2.0NRT,290.24,1.44,N,2026-10-04 05:57:05,Sedang
-1.79123,104.3208,306.26,0.42,0.37,2026-10-03,1845,N,VIIRS,n,2.0NRT,291.27,1.45,N,2026-10-04 05:57:05,Sedang
-1.78746,104.25271,336.62,0.41,0.37,2026-10-03,1845,N,VIIRS,n,2.0NRT,291.07,3.59,N,2026-10-04 05:57:05,Sedang
-1.78569,104.24158,330.69,0.41,0.37,2026-10-03,1845,N,VIIRS,n,2.0NRT,289.55,4.73,N,2026-10-04 05:57:05,Sedang
-1.78402,104.25324,316.71,0.41,0.37,2026-10-03,1845,N,VIIRS,n,2.0NRT,290.53,2.09,N,2026-10-04 05:57:05,Sedang
-1.78225,104.24211,328.51,0.41,0.37,2026-10-03,1845,N,VIIRS,n,2.0NRT,290.32,2.43,N,2026-10-04 05:57:05,Sedang
-1.6661,110.92425,298.1,0.34,0.56,2026-10-03,1845,N,VIIRS,n,2.0NRT,279.39,0.4,N,2026-10-04 05:57:05,Sedang
-1.60787,110.73244,300.31,0.33,0.55,2026-10-03,1845,N,VIIRS,n,2.0NRT,285.45,1.02,N,2026-10-04 05:57:05,Sedang
-1.602,113.72544,324.25,0.52,0.67,2026-10-03,1845,N,VIIRS,n,2.0NRT,274.63,4.08,N,2026-10-04 05:57:05,Sedang
-1.59243,103.02647,312.72,0.39,0.36,2026-10-03,1845,N,VIIRS,n,2.0NRT,289.13,1.42,N,2026-10-04 05:57:05,Sedang
-1.59187,103.02299,312.1,0.39,0.36,2026-10-03,1845,N,VIIRS,n,2.0NRT,288.49,1.42,N,2026-10-04 05:57:05,Sedang
-1.54532,110.80108,298.73,0.33,0.55,2026-10-03,1845,N,VIIRS,n,2.0NRT,284.5,0.71,N,2026-10-04 05:57:05,Sedang
-1.48061,110.14813,309.41,0.59,0.53,2026-10-03,1845,N,VIIRS,n,2.0NRT,287,1.54,N,2026-10-04 05:57:05,Sedang
-1.47978,110.14275,305.2,0.59,0.53,2026-10-03,1845,N,VIIRS,n,2.0NRT,287.06,1.54,N,2026-10-04 05:57:05,Sedang
-1.42938,110.27283,304.04,0.6,0.53,2026-10-03,1845,N,VIIRS,n,2.0NRT,288.61,1.06,N,2026-10-04 05:57:05,Sedang
-1.42374,110.2746,312.02,0.6,0.53,2026-10-03,1845,N,VIIRS,n,2.0NRT,288.74,2.37,N,2026-10-04 05:57:05,Sedang
-1.3557,111.95117,296.35,0.39,0.59,2026-10-03,1845,N,VIIRS,n,2.0NRT,260.41,0.88,N,2026-10-04 05:57:05,Sedang
-1.3516,104.12713,313.2,0.41,0.37,2026-10-03,1845,N,VIIRS,n,2.0NRT,290.22,3.17,N,2026-10-04 05:57:05,Sedang
-1.35103,104.12347,338.22,0.41,0.37,2026-10-03,1845,N,VIIRS,n,2.0NRT,291.78,3.17,N,2026-10-04 05:57:05,Sedang
-1.35075,111.95564,295.17,0.39,0.6,2026-10-03,1845,N,VIIRS,n,2.0NRT,264.47,1.03,N,2026-10-04 05:57:05,Sedang
-1.35018,111.95202,333.23,0.39,0.59,2026-10-03,1845,N,VIIRS,n,2.0NRT,268.86,1.03,N,2026-10-04 05:57:05,Sedang
-1.34686,104.13855,319.18,0.41,0.37,2026-10-03,1845,N,VIIRS,n,2.0NRT,291,1.71,N,2026-10-04 05:57:05,Sedang
-1.34477,104.1282,304.63,0.41,0.37,2026-10-03,1845,N,VIIRS,n,2.0NRT,290.78,2,N,2026-10-04 05:57:05,Sedang
-1.34453,104.12393,326.19,0.41,0.37,2026-10-03,1845,N,VIIRS,n,2.0NRT,291.23,1.76,N,2026-10-04 05:57:05,Sedang
-1.34403,104.14274,303.88,0.41,0.37,2026-10-03,1845,N,VIIRS,n,2.0NRT,288.64,1.71,N,2026-10-04 05:57:05,Sedang
-1.31725,103.08766,304.15,0.39,0.36,2026-10-03,1845,N,VIIRS,n,2.0NRT,291.51,1.59,N,2026-10-04 05:57:05,Sedang
-1.25006,102.55564,304.31,0.38,0.36,2026-10-03,1845,N,VIIRS,n,2.0NRT,290.67,0.46,N,2026-10-04 05:57:05,Sedang
-1.22459,104.20596,303.89,0.41,0.37,2026-10-03,1845,N,VIIRS,n,2.0NRT,289.44,1.79,N,2026-10-04 05:57:05,Sedang
-1.22431,112.58372,303.53,0.43,0.62,2026-10-03,1845,N,VIIRS,n,2.0NRT,289.28,1.62,N,2026-10-04 05:57:05,Sedang
-1.224,104.20229,322.48,0.41,0.37,2026-10-03,1845,N,VIIRS,n,2.0NRT,290.08,1.79,N,2026-10-04 05:57:05,Sedang
-1.21949,104.21803,316.34,0.41,0.37,2026-10-03,1845,N,VIIRS,n,2.0NRT,288.88,2.05,N,2026-10-04 05:57:05,Sedang
-1.21724,104.22589,301.62,0.41,0.37,2026-10-03,1845,N,VIIRS,n,2.0NRT,286.69,1.32,N,2026-10-04 05:57:05,Sedang
-1.19165,104.26377,309.7,0.41,0.37,2026-10-03,1845,N,VIIRS,n,2.0NRT,291.05,1.12,N,2026-10-04 05:57:05,Sedang
-1.18471,104.21974,306.83,0.41,0.37,2026-10-03,1845,N,VIIRS,n,2.0NRT,290.95,1.1,N,2026-10-04 05:57:05,Sedang
-0.8408,111.67639,321.6,0.37,0.58,2026-10-03,1845,N,VIIRS,n,2.0NRT,263,2.23,N,2026-10-04 05:57:05,Sedang
-0.84029,111.6731,302.8,0.37,0.58,2026-10-03,1845,N,VIIRS,n,2.0NRT,257.16,1.64,N,2026-10-04 05:57:05,Sedang
-0.71186,101.3232,303.57,0.4,0.37,2026-10-03,1845,N,VIIRS,n,2.0NRT,289.9,0.57,N,2026-10-04 05:57:05,Sedang
-0.4896,102.47706,306.61,0.38,0.36,2026-10-03,1845,N,VIIRS,n,2.0NRT,291.28,0.63,N,2026-10-04 05:57:05,Sedang
-0.31357,101.56314,304.88,0.39,0.36,2026-10-03,1845,N,VIIRS,n,2.0NRT,290.38,0.47,N,2026-10-04 05:57:05,Sedang
-0.27297,111.29514,299.22,0.34,0.56,2026-10-03,1845,N,VIIRS,n,2.0NRT,274.91,0.68,N,2026-10-04 05:57:05,Sedang
-0.22038,103.40179,306.66,0.39,0.36,2026-10-03,1845,N,VIIRS,n,2.0NRT,291.95,0.83,N,2026-10-04 05:57:05,Sedang
0.19438,103.64566,305.17,0.39,0.36,2026-10-03,1845,N,VIIRS,n,2.0NRT,291.95,0.4,N,2026-10-04 05:57:05,Sedang
0.21197,116.87395,300.08,0.8,0.78,2026-10-03,1845,N,VIIRS,n,2.0NRT,281.2,2.77,N,2026-10-04 05:57:05,Sedang
0.21926,116.87517,303.6,0.8,0.78,2026-10-03,1845,N,VIIRS,n,2.0NRT,282.45,2.77,N,2026-10-04 05:57:05,Sedang
0.22045,116.86781,309.13,0.79,0.78,2026-10-03,1845,N,VIIRS,n,2.0NRT,282.57,2.77,N,2026-10-04 05:57:05,Sedang
0.22655,116.87635,298.77,0.8,0.78,2026-10-03,1845,N,VIIRS,n,2.0NRT,283.16,3.68,N,2026-10-04 05:57:05,Sedang
1.017,103.96463,317.64,0.39,0.36,2026-10-03,1845,N,VIIRS,n,2.0NRT,293.11,1.75,N,2026-10-04 05:57:05,Sedang
1.37797,104.15839,315.14,0.39,0.36,2026-10-03,1845,N,VIIRS,n,2.0NRT,294.26,1.03,N,2026-10-04 05:57:05,Sedang
1.37854,104.15486,308.08,0.39,0.36,2026-10-03,1845,N,VIIRS,n,2.0NRT,294.24,1.03,N,2026-10-04 05:57:05,Sedang
1.71656,103.35076,305.29,0.38,0.36,2026-10-03,1845,N,VIIRS,n,2.0NRT,291.4,0.92,N,2026-10-04 05:57:05,Sedang
2.12036,102.60019,339.87,0.39,0.36,2026-10-03,1845,N,VIIRS,n,2.0NRT,291.78,4.17,N,2026-10-04 05:57:05,Sedang
2.26544,102.12737,336.84,0.39,0.36,2026-10-03,1845,N,VIIRS,n,2.0NRT,293.76,4.35,N,2026-10-04 05:57:05,Sedang
2.44426,102.03143,311.14,0.4,0.37,2026-10-03,1845,N,VIIRS,n,2.0NRT,291.43,1.18,N,2026-10-04 05:57:05,Sedang
2.46729,102.28513,305.36,0.39,0.36,2026-10-03,1845,N,VIIRS,n,2.0NRT,287.78,0.57,N,2026-10-04 05:57:05,Sedang
2.73744,102.39241,306.59,0.39,0.36,2026-10-03,1845,N,VIIRS,n,2.0NRT,292.28,0.76,N,2026-10-04 05:57:05,Sedang
3.40316,103.40503,305.08,0.38,0.36,2026-10-03,1845,N,VIIRS,n,2.0NRT,291.81,1.01,N,2026-10-04 05:57:05,Sedang
3.56201,102.09431,306.3,0.4,0.37,2026-10-03,1845,N,VIIRS,n,2.0NRT,289.71,1.55,N,2026-10-04 05:57:05,Sedang
3.64721,103.34043,306.94,0.38,0.36,2026-10-03,1845,N,VIIRS,n,2.0NRT,290.41,0.86,N,2026-10-04 05:57:05,Sedang
4.02204,103.3429,329.83,0.38,0.36,2026-10-03,1845,N,VIIRS,n,2.0NRT,294.01,4.78,N,2026-10-04 05:57:05,Sedang
4.16259,106.22815,319.38,0.44,0.38,2026-10-03,1845,N,VIIRS,n,2.0NRT,292.01,1.29,N,2026-10-04 05:57:05,Sedang
4.16611,106.22871,330.47,0.44,0.38,2026-10-03,1845,N,VIIRS,n,2.0NRT,292.45,1.29,N,2026-10-04 05:57:05,Sedang
4.16675,106.2248,308.74,0.44,0.38,2026-10-03,1845,N,VIIRS,n,2.0NRT,292.31,2.57,N,2026-10-04 05:57:05,Sedang
4.32317,106.0863,317.69,0.43,0.38,2026-10-03,1845,N,VIIRS,n,2.0NRT,292.48,1.25,N,2026-10-04 05:57:05,Sedang
5.50276,105.20673,316.94,0.4,0.37,2026-10-03,1845,N,VIIRS,n,2.0NRT,284.39,2.24,N,2026-10-04 05:57:05,Sedang
5.53064,104.98916,338.35,0.39,0.36,2026-10-03,1845,N,VIIRS,n,2.0NRT,286.64,6.57,N,2026-10-04 05:57:05,Sedang
5.58555,104.47383,312.73,0.39,0.36,2026-10-03,1845,N,VIIRS,n,2.0NRT,291.39,3.13,N,2026-10-04 05:57:05,Sedang
5.64773,104.97867,320.77,0.39,0.36,2026-10-03,1845,N,VIIRS,n,2.0NRT,283.17,1.71,N,2026-10-04 05:57:05,Sedang
-8.02949,111.42277,305.53,0.45,0.63,2026-10-03,1847,N,VIIRS,n,2.0NRT,290.13,0.72,N,2026-10-04 05:57:05,Sedang
-7.89935,111.01691,308.22,0.42,0.61,2026-10-03,1847,N,VIIRS,n,2.0NRT,290.53,1.42,N,2026-10-04 05:57:05,Sedang
-7.80549,112.03819,307.01,0.49,0.65,2026-10-03,1847,N,VIIRS,n,2.0NRT,290.51,1.15,N,2026-10-04 05:57:05,Sedang
-7.79941,112.03906,323.42,0.49,0.65,2026-10-03,1847,N,VIIRS,n,2.0NRT,290.54,2.52,N,2026-10-04 05:57:05,Sedang
-7.62884,114.02871,305.78,0.67,0.73,2026-10-03,1847,N,VIIRS,n,2.0NRT,292.15,1.03,N,2026-10-04 05:57:05,Sedang
-7.59443,107.68183,303.84,0.5,0.49,2026-10-03,1847,N,VIIRS,n,2.0NRT,291.08,0.85,N,2026-10-04 05:57:05,Sedang
-7.54131,110.44534,305.91,0.38,0.59,2026-10-03,1847,N,VIIRS,n,2.0NRT,288.34,1.17,N,2026-10-04 05:57:05,Sedang
-7.50086,111.16772,302.19,0.43,0.62,2026-10-03,1847,N,VIIRS,n,2.0NRT,291.49,1.53,N,2026-10-04 05:57:05,Sedang
-7.50036,111.164,305.96,0.43,0.62,2026-10-03,1847,N,VIIRS,n,2.0NRT,291.6,1.39,N,2026-10-04 05:57:05,Sedang
-7.42639,112.61209,302.1,0.53,0.67,2026-10-03,1847,N,VIIRS,n,2.0NRT,291.13,0.44,N,2026-10-04 05:57:05,Sedang
-7.24137,111.73518,304,0.46,0.64,2026-10-03,1847,N,VIIRS,n,2.0NRT,291.17,1.35,N,2026-10-04 05:57:05,Sedang
-6.86568,111.91142,309.18,0.47,0.64,2026-10-03,1847,N,VIIRS,n,2.0NRT,293.26,1.97,N,2026-10-04 05:57:05,Sedang
-6.80936,105.74248,307.04,0.55,0.43,2026-10-03,1847,N,VIIRS,n,2.0NRT,290.25,0.51,N,2026-10-04 05:57:05,Sedang
-6.54828,108.09404,305.91,0.51,0.49,2026-10-03,1847,N,VIIRS,n,2.0NRT,292.17,1.08,N,2026-10-04 05:57:05,Sedang
-6.37232,108.35751,308.94,0.53,0.5,2026-10-03,1847,N,VIIRS,n,2.0NRT,291.31,1.29,N,2026-10-04 05:57:05,Sedang
-6.20494,106.55334,307.83,0.4,0.44,2026-10-03,1847,N,VIIRS,n,2.0NRT,291.08,1.08,N,2026-10-04 05:57:05,Sedang
-6.10357,105.42197,323.9,0.52,0.41,2026-10-03,1847,N,VIIRS,n,2.0NRT,297.96,3.3,N,2026-10-04 05:57:05,Sedang
-6.0924,106.66341,306.92,0.41,0.45,2026-10-03,1847,N,VIIRS,n,2.0NRT,291.21,0.59,N,2026-10-04 05:57:05,Sedang
-6.01048,105.97501,305.19,0.55,0.43,2026-10-03,1847,N,VIIRS,n,2.0NRT,292.62,1.62,N,2026-10-04 05:57:05,Sedang
-6.00804,105.98563,308.73,0.55,0.43,2026-10-03,1847,N,VIIRS,n,2.0NRT,293.09,2.81,N,2026-10-04 05:57:05,Sedang
-6.00334,105.98122,307.06,0.55,0.43,2026-10-03,1847,N,VIIRS,n,2.0NRT,293.74,1.8,N,2026-10-04 05:57:05,Sedang
-5.99374,105.99805,305.46,0.55,0.43,2026-10-03,1847,N,VIIRS,n,2.0NRT,292.65,1.41,N,2026-10-04 05:57:05,Sedang
-5.20809,106.20883,320.14,0.56,0.43,2026-10-03,1847,N,VIIRS,n,2.0NRT,294.61,1.61,N,2026-10-04 05:57:05,Sedang
-4.86301,105.23433,319.48,0.49,0.4,2026-10-03,1847,N,VIIRS,n,2.0NRT,292.46,1.59,N,2026-10-04 05:57:05,Sedang
-4.86177,105.23698,318.94,0.49,0.4,2026-10-03,1847,N,VIIRS,n,2.0NRT,292.57,1.99,N,2026-10-04 05:57:05,Sedang
-4.7829,105.72366,310.64,0.52,0.41,2026-10-03,1847,N,VIIRS,n,2.0NRT,291.92,1.51,N,2026-10-04 05:57:05,Sedang
-4.77935,105.70042,330.23,0.51,0.41,2026-10-03,1847,N,VIIRS,n,2.0NRT,292.88,3.37,N,2026-10-04 05:57:05,Sedang
-4.77766,105.71494,305.92,0.52,0.41,2026-10-03,1847,N,VIIRS,n,2.0NRT,292.03,3.11,N,2026-10-04 05:57:05,Sedang
-4.77385,105.71552,333.97,0.52,0.41,2026-10-03,1847,N,VIIRS,n,2.0NRT,293.31,3.11,N,2026-10-04 05:57:05,Sedang
-4.77314,105.71087,329.78,0.51,0.41,2026-10-03,1847,N,VIIRS,n,2.0NRT,293.07,3.11,N,2026-10-04 05:57:05,Sedang
-4.76169,105.71262,308.1,0.51,0.41,2026-10-03,1847,N,VIIRS,n,2.0NRT,292.36,0.72,N,2026-10-04 05:57:05,Sedang
-4.72331,105.86068,306.1,0.52,0.42,2026-10-03,1847,N,VIIRS,n,2.0NRT,293.47,2.2,N,2026-10-04 05:57:05,Sedang
-4.50544,104.83786,304.93,0.46,0.39,2026-10-03,1847,N,VIIRS,n,2.0NRT,291.63,2.84,N,2026-10-04 05:57:05,Sedang
-4.50181,104.8384,334.31,0.46,0.39,2026-10-03,1847,N,VIIRS,n,2.0NRT,292.68,2.84,N,2026-10-04 05:57:05,Sedang
-4.47964,104.84013,311.91,0.46,0.39,2026-10-03,1847,N,VIIRS,n,2.0NRT,292.31,1.11,N,2026-10-04 05:57:05,Sedang
-4.47881,104.83345,306.67,0.46,0.39,2026-10-03,1847,N,VIIRS,n,2.0NRT,292.44,0.89,N,2026-10-04 05:57:05,Sedang
-4.45634,105.29791,306.57,0.49,0.4,2026-10-03,1847,N,VIIRS,n,2.0NRT,291.91,1.12,N,2026-10-04 05:57:05,Sedang
-4.37546,105.72858,308.43,0.51,0.41,2026-10-03,1847,N,VIIRS,n,2.0NRT,295.03,3.64,N,2026-10-04 05:57:05,Sedang
-4.37404,105.71937,304.3,0.51,0.41,2026-10-03,1847,N,VIIRS,n,2.0NRT,293.49,1.51,N,2026-10-04 05:57:05,Sedang
-4.37261,105.71017,307.37,0.51,0.41,2026-10-03,1847,N,VIIRS,n,2.0NRT,293.13,1.66,N,2026-10-04 05:57:05,Sedang
-4.36281,105.4457,327.98,0.49,0.4,2026-10-03,1847,N,VIIRS,n,2.0NRT,291.54,2.98,N,2026-10-04 05:57:05,Sedang
-4.36192,105.44353,312.89,0.49,0.4,2026-10-03,1847,N,VIIRS,n,2.0NRT,291.42,1.78,N,2026-10-04 05:57:05,Sedang
-4.32692,104.84086,312.13,0.46,0.39,2026-10-03,1847,N,VIIRS,n,2.0NRT,292.02,0.71,N,2026-10-04 05:57:05,Sedang
-4.302,105.15777,313.12,0.48,0.4,2026-10-03,1847,N,VIIRS,n,2.0NRT,292.26,0.85,N,2026-10-04 05:57:05,Sedang
-4.26865,104.87344,310.85,0.46,0.39,2026-10-03,1847,N,VIIRS,n,2.0NRT,292.44,0.71,N,2026-10-04 05:57:05,Sedang
-4.26577,104.83154,313.66,0.46,0.39,2026-10-03,1847,N,VIIRS,n,2.0NRT,292.01,1.37,N,2026-10-04 05:57:05,Sedang
-4.26227,104.8295,332.76,0.46,0.39,2026-10-03,1847,N,VIIRS,n,2.0NRT,293.54,9.79,N,2026-10-04 05:57:05,Sedang
-4.21478,104.86059,307.13,0.46,0.39,2026-10-03,1847,N,VIIRS,n,2.0NRT,291.92,0.89,N,2026-10-04 05:57:05,Sedang
-4.18189,105.22697,319.15,0.48,0.4,2026-10-03,1847,N,VIIRS,n,2.0NRT,292.68,2.29,N,2026-10-04 05:57:05,Sedang
-4.17475,104.9889,329.47,0.46,0.39,2026-10-03,1847,N,VIIRS,n,2.0NRT,292.23,1.81,N,2026-10-04 05:57:05,Sedang
-4.17357,105.57062,335.42,0.5,0.41,2026-10-03,1847,N,VIIRS,n,2.0NRT,295.94,6.54,N,2026-10-04 05:57:05,Sedang
-4.11907,105.59119,323.23,0.5,0.41,2026-10-03,1847,N,VIIRS,n,2.0NRT,293.97,2.56,N,2026-10-04 05:57:05,Sedang
-4.08758,105.33784,303.44,0.48,0.4,2026-10-03,1847,N,VIIRS,n,2.0NRT,292.11,0.57,N,2026-10-04 05:57:05,Sedang
-4.05284,105.38337,310.98,0.48,0.4,2026-10-03,1847,N,VIIRS,n,2.0NRT,292.47,1.24,N,2026-10-04 05:57:05,Sedang
-4.03436,104.37167,304.38,0.44,0.38,2026-10-03,1847,N,VIIRS,n,2.0NRT,290.13,0.87,N,2026-10-04 05:57:05,Sedang
-4.01231,104.43954,310.36,0.44,0.38,2026-10-03,1847,N,VIIRS,n,2.0NRT,291.97,1.84,N,2026-10-04 05:57:05,Sedang
-3.87915,104.57626,320.01,0.44,0.39,2026-10-03,1847,N,VIIRS,n,2.0NRT,291.36,1.83,N,2026-10-04 05:57:05,Sedang
-3.86385,105.86076,308.53,0.51,0.41,2026-10-03,1847,N,VIIRS,n,2.0NRT,294.34,2.43,N,2026-10-04 05:57:05,Sedang
-3.85659,104.57158,310.29,0.44,0.38,2026-10-03,1847,N,VIIRS,n,2.0NRT,291.65,1.22,N,2026-10-04 05:57:05,Sedang
-3.82293,105.4908,309.2,0.49,0.4,2026-10-03,1847,N,VIIRS,n,2.0NRT,292.79,1.59,N,2026-10-04 05:57:05,Sedang
-3.81336,105.20412,307.82,0.47,0.4,2026-10-03,1847,N,VIIRS,n,2.0NRT,293.04,2,N,2026-10-04 05:57:05,Sedang
-3.80864,103.8194,310.69,0.41,0.37,2026-10-03,1847,N,VIIRS,n,2.0NRT,290.93,1.53,N,2026-10-04 05:57:05,Sedang
-3.80473,105.19675,310.78,0.47,0.4,2026-10-03,1847,N,VIIRS,n,2.0NRT,292.21,0.95,N,2026-10-04 05:57:05,Sedang
-3.80405,103.81254,305.08,0.41,0.37,2026-10-03,1847,N,VIIRS,n,2.0NRT,291.45,1.78,N,2026-10-04 05:57:05,Sedang
-3.80175,103.82047,319.84,0.41,0.37,2026-10-03,1847,N,VIIRS,n,2.0NRT,291.97,2.11,N,2026-10-04 05:57:05,Sedang
-3.80042,105.19305,304.35,0.47,0.4,2026-10-03,1847,N,VIIRS,n,2.0NRT,293.41,1.72,N,2026-10-04 05:57:05,Sedang
-3.78366,105.56732,310.53,0.49,0.4,2026-10-03,1847,N,VIIRS,n,2.0NRT,294.79,3.38,N,2026-10-04 05:57:05,Sedang
-3.77856,105.55901,309.4,0.49,0.4,2026-10-03,1847,N,VIIRS,n,2.0NRT,294.48,2.49,N,2026-10-04 05:57:05,Sedang
-3.77482,105.55959,322.07,0.49,0.4,2026-10-03,1847,N,VIIRS,n,2.0NRT,296.28,3.04,N,2026-10-04 05:57:05,Sedang
-3.77381,105.57793,315.37,0.49,0.4,2026-10-03,1847,N,VIIRS,n,2.0NRT,294.42,3.21,N,2026-10-04 05:57:05,Sedang
-3.77313,105.57349,335.67,0.49,0.4,2026-10-03,1847,N,VIIRS,n,2.0NRT,298.43,3.21,N,2026-10-04 05:57:05,Sedang
-3.76973,105.55129,306.51,0.49,0.4,2026-10-03,1847,N,VIIRS,n,2.0NRT,294.42,2.77,N,2026-10-04 05:57:05,Sedang
-3.76701,105.5336,323.42,0.49,0.4,2026-10-03,1847,N,VIIRS,n,2.0NRT,296.01,2.72,N,2026-10-04 05:57:05,Sedang
-3.76498,105.57018,349.53,0.49,0.4,2026-10-03,1847,N,VIIRS,n,2.0NRT,302.76,15.46,N,2026-10-04 05:57:05,Sedang
-3.76362,105.56131,340.14,0.49,0.4,2026-10-03,1847,N,VIIRS,n,2.0NRT,298.77,4.4,N,2026-10-04 05:57:05,Sedang
-3.76328,105.53416,317.1,0.49,0.4,2026-10-03,1847,N,VIIRS,n,2.0NRT,295.43,2.51,N,2026-10-04 05:57:05,Sedang
-3.76226,105.55244,319.12,0.49,0.4,2026-10-03,1847,N,VIIRS,n,2.0NRT,296.77,2.05,N,2026-10-04 05:57:05,Sedang
-3.76125,105.52091,310.31,0.49,0.4,2026-10-03,1847,N,VIIRS,n,2.0NRT,293.08,2.33,N,2026-10-04 05:57:05,Sedang
-3.76023,105.53916,305.37,0.49,0.4,2026-10-03,1847,N,VIIRS,n,2.0NRT,293.52,2.51,N,2026-10-04 05:57:05,Sedang
-3.75818,105.57577,313.66,0.49,0.4,2026-10-03,1847,N,VIIRS,n,2.0NRT,294.2,3.67,N,2026-10-04 05:57:05,Sedang
-3.75445,105.57634,333.8,0.49,0.4,2026-10-03,1847,N,VIIRS,n,2.0NRT,296.15,5.92,N,2026-10-04 05:57:05,Sedang
-3.75377,105.57191,321.01,0.49,0.4,2026-10-03,1847,N,VIIRS,n,2.0NRT,294.11,2.38,N,2026-10-04 05:57:05,Sedang
-3.75281,105.49065,323.5,0.49,0.4,2026-10-03,1847,N,VIIRS,n,2.0NRT,295.2,2.29,N,2026-10-04 05:57:05,Sedang
-3.7483,103.6991,310.69,0.41,0.37,2026-10-03,1847,N,VIIRS,n,2.0NRT,290.57,1.82,N,2026-10-04 05:57:05,Sedang
-3.74464,105.53703,304.96,0.49,0.4,2026-10-03,1847,N,VIIRS,n,2.0NRT,292.76,1.03,N,2026-10-04 05:57:05,Sedang
-3.74376,105.13956,316.33,0.47,0.4,2026-10-03,1847,N,VIIRS,n,2.0NRT,290.83,3.3,N,2026-10-04 05:57:05,Sedang
-3.74336,105.47861,305.52,0.49,0.4,2026-10-03,1847,N,VIIRS,n,2.0NRT,293.74,1.51,N,2026-10-04 05:57:05,Sedang
-3.74269,105.47422,305.59,0.49,0.4,2026-10-03,1847,N,VIIRS,n,2.0NRT,294.67,2.67,N,2026-10-04 05:57:05,Sedang
-3.74208,105.42062,308.53,0.48,0.4,2026-10-03,1847,N,VIIRS,n,2.0NRT,293.2,1.65,N,2026-10-04 05:57:05,Sedang
-3.7419,105.29665,307.84,0.48,0.4,2026-10-03,1847,N,VIIRS,n,2.0NRT,292.49,1.16,N,2026-10-04 05:57:05,Sedang
-3.7388,105.1317,305.07,0.47,0.4,2026-10-03,1847,N,VIIRS,n,2.0NRT,291.64,3.25,N,2026-10-04 05:57:05,Sedang
-3.73154,105.47593,308.74,0.49,0.4,2026-10-03,1847,N,VIIRS,n,2.0NRT,292.67,1.67,N,2026-10-04 05:57:05,Sedang
-3.73087,105.47154,315.2,0.49,0.4,2026-10-03,1847,N,VIIRS,n,2.0NRT,294.37,1.67,N,2026-10-04 05:57:05,Sedang
-3.72772,105.52605,303.52,0.49,0.4,2026-10-03,1847,N,VIIRS,n,2.0NRT,292.57,0.88,N,2026-10-04 05:57:05,Sedang
-3.72688,105.44528,304.4,0.48,0.4,2026-10-03,1847,N,VIIRS,n,2.0NRT,293.53,2.26,N,2026-10-04 05:57:05,Sedang
-3.70353,105.77093,310.16,0.5,0.41,2026-10-03,1847,N,VIIRS,n,2.0NRT,293.47,1.56,N,2026-10-04 05:57:05,Sedang
-3.6922,105.77265,313.22,0.5,0.41,2026-10-03,1847,N,VIIRS,n,2.0NRT,293.5,2.24,N,2026-10-04 05:57:05,Sedang
-3.68973,105.33856,314.95,0.48,0.4,2026-10-03,1847,N,VIIRS,n,2.0NRT,293.87,2.41,N,2026-10-04 05:57:05,Sedang
-3.6894,103.65922,306.6,0.41,0.37,2026-10-03,1847,N,VIIRS,n,2.0NRT,291.37,0.69,N,2026-10-04 05:57:05,Sedang
-3.68396,105.76928,326.27,0.5,0.41,2026-10-03,1847,N,VIIRS,n,2.0NRT,295.62,1.79,N,2026-10-04 05:57:05,Sedang
-3.64453,105.73827,303.66,0.5,0.41,2026-10-03,1847,N,VIIRS,n,2.0NRT,292.54,0.73,N,2026-10-04 05:57:05,Sedang
-3.64385,105.73376,303.9,0.5,0.41,2026-10-03,1847,N,VIIRS,n,2.0NRT,292.81,1.14,N,2026-10-04 05:57:05,Sedang
-3.64189,105.72257,309.66,0.5,0.41,2026-10-03,1847,N,VIIRS,n,2.0NRT,292.91,1.63,N,2026-10-04 05:57:05,Sedang
-3.63059,105.79842,312.54,0.5,0.41,2026-10-03,1847,N,VIIRS,n,2.0NRT,293.6,2.6,N,2026-10-04 05:57:05,Sedang
-3.62548,105.31321,320.47,0.48,0.4,2026-10-03,1847,N,VIIRS,n,2.0NRT,293.52,2.07,N,2026-10-04 05:57:05,Sedang
-3.62483,105.30893,312.8,0.48,0.4,2026-10-03,1847,N,VIIRS,n,2.0NRT,292.82,2.07,N,2026-10-04 05:57:05,Sedang
-3.62245,115.61305,305.94,0.75,0.77,2026-10-03,1847,N,VIIRS,n,2.0NRT,289.17,2.61,N,2026-10-04 05:57:05,Sedang
-3.60855,105.27641,318.88,0.47,0.4,2026-10-03,1847,N,VIIRS,n,2.0NRT,294.3,1.83,N,2026-10-04 05:57:05,Sedang
-3.60697,104.7802,308.44,0.45,0.39,2026-10-03,1847,N,VIIRS,n,2.0NRT,291.88,1.63,N,2026-10-04 05:57:05,Sedang
-3.60679,105.76957,313.06,0.5,0.41,2026-10-03,1847,N,VIIRS,n,2.0NRT,293.47,2.98,N,2026-10-04 05:57:05,Sedang
-3.60488,105.27699,305.39,0.47,0.4,2026-10-03,1847,N,VIIRS,n,2.0NRT,293.03,1.83,N,2026-10-04 05:57:05,Sedang
-3.5689,105.57395,305.03,0.49,0.4,2026-10-03,1847,N,VIIRS,n,2.0NRT,291.27,1.35,N,2026-10-04 05:57:05,Sedang
-3.55428,104.97137,306.85,0.46,0.39,2026-10-03,1847,N,VIIRS,n,2.0NRT,292.04,0.91,N,2026-10-04 05:57:05,Sedang
-3.551,105.14491,303.3,0.47,0.39,2026-10-03,1847,N,VIIRS,n,2.0NRT,292.65,0.92,N,2026-10-04 05:57:05,Sedang
-3.53136,105.70492,304.17,0.5,0.41,2026-10-03,1847,N,VIIRS,n,2.0NRT,291.88,1.32,N,2026-10-04 05:57:05,Sedang
-3.53121,104.31025,305.97,0.43,0.38,2026-10-03,1847,N,VIIRS,n,2.0NRT,291.29,0.62,N,2026-10-04 05:57:05,Sedang
-3.5276,105.70549,343.18,0.5,0.41,2026-10-03,1847,N,VIIRS,n,2.0NRT,298.79,4.76,N,2026-10-04 05:57:05,Sedang
-3.52441,103.98813,302.9,0.42,0.37,2026-10-03,1847,N,VIIRS,n,2.0NRT,290.22,0.7,N,2026-10-04 05:57:05,Sedang
-3.52385,105.70606,308.84,0.5,0.41,2026-10-03,1847,N,VIIRS,n,2.0NRT,292.84,4.76,N,2026-10-04 05:57:05,Sedang
-3.52315,105.70158,351.71,0.5,0.41,2026-10-03,1847,N,VIIRS,n,2.0NRT,298,8.96,N,2026-10-04 05:57:05,Sedang
-3.50954,105.71284,307.98,0.5,0.41,2026-10-03,1847,N,VIIRS,n,2.0NRT,291.97,5.26,N,2026-10-04 05:57:05,Sedang
-3.50156,105.43199,316.98,0.48,0.4,2026-10-03,1847,N,VIIRS,n,2.0NRT,292.93,1.59,N,2026-10-04 05:57:05,Sedang
-3.49418,105.43314,304.37,0.48,0.4,2026-10-03,1847,N,VIIRS,n,2.0NRT,292.35,1,N,2026-10-04 05:57:05,Sedang
-3.49415,104.92458,312.19,0.45,0.39,2026-10-03,1847,N,VIIRS,n,2.0NRT,292.79,1.59,N,2026-10-04 05:57:05,Sedang
-3.48701,105.71629,303.39,0.5,0.41,2026-10-03,1847,N,VIIRS,n,2.0NRT,292.45,1.02,N,2026-10-04 05:57:05,Sedang
-3.47764,105.63094,305.3,0.49,0.4,2026-10-03,1847,N,VIIRS,n,2.0NRT,291.47,0.83,N,2026-10-04 05:57:05,Sedang
-3.47362,104.91102,322.09,0.45,0.39,2026-10-03,1847,N,VIIRS,n,2.0NRT,293.23,3.79,N,2026-10-04 05:57:05,Sedang
-3.46769,104.92029,304.88,0.45,0.39,2026-10-03,1847,N,VIIRS,n,2.0NRT,292.86,1.12,N,2026-10-04 05:57:05,Sedang
-3.4641,104.92085,312.95,0.45,0.39,2026-10-03,1847,N,VIIRS,n,2.0NRT,293.09,1.12,N,2026-10-04 05:57:05,Sedang
-3.4621,105.31277,303.79,0.47,0.4,2026-10-03,1847,N,VIIRS,n,2.0NRT,291.58,1.01,N,2026-10-04 05:57:05,Sedang
-3.46206,105.67886,304.11,0.49,0.41,2026-10-03,1847,N,VIIRS,n,2.0NRT,293.32,1.11,N,2026-10-04 05:57:05,Sedang
-3.45076,105.28834,313.17,0.47,0.4,2026-10-03,1847,N,VIIRS,n,2.0NRT,292.53,2.55,N,2026-10-04 05:57:05,Sedang
-3.45009,105.28409,314.45,0.47,0.4,2026-10-03,1847,N,VIIRS,n,2.0NRT,292.41,2.1,N,2026-10-04 05:57:05,Sedang
-3.44842,105.29742,304.46,0.47,0.4,2026-10-03,1847,N,VIIRS,n,2.0NRT,292.48,0.89,N,2026-10-04 05:57:05,Sedang
-3.44598,103.95023,305.53,0.42,0.37,2026-10-03,1847,N,VIIRS,n,2.0NRT,290.66,0.65,N,2026-10-04 05:57:05,Sedang
-3.44344,105.24168,303.68,0.47,0.4,2026-10-03,1847,N,VIIRS,n,2.0NRT,292.46,1.96,N,2026-10-04 05:57:05,Sedang
-3.44145,105.229,312.35,0.47,0.4,2026-10-03,1847,N,VIIRS,n,2.0NRT,293.46,2.63,N,2026-10-04 05:57:05,Sedang
-3.43623,105.10094,306.24,0.46,0.39,2026-10-03,1847,N,VIIRS,n,2.0NRT,291.4,1.14,N,2026-10-04 05:57:05,Sedang
-3.43582,105.2169,309.81,0.47,0.4,2026-10-03,1847,N,VIIRS,n,2.0NRT,292.74,1.43,N,2026-10-04 05:57:05,Sedang
-3.43457,105.114,319.67,0.46,0.39,2026-10-03,1847,N,VIIRS,n,2.0NRT,293,2.77,N,2026-10-04 05:57:05,Sedang
-3.43387,105.15692,307.11,0.46,0.39,2026-10-03,1847,N,VIIRS,n,2.0NRT,292.52,2.51,N,2026-10-04 05:57:05,Sedang
-3.43356,105.13126,326.55,0.46,0.39,2026-10-03,1847,N,VIIRS,n,2.0NRT,293.11,2.53,N,2026-10-04 05:57:05,Sedang
-3.4326,105.1015,348.38,0.46,0.39,2026-10-03,1847,N,VIIRS,n,2.0NRT,300.59,16.37,N,2026-10-04 05:57:05,Sedang
-3.43217,105.21747,312.85,0.47,0.4,2026-10-03,1847,N,VIIRS,n,2.0NRT,292.89,1.43,N,2026-10-04 05:57:05,Sedang
-3.43159,105.11872,314.43,0.46,0.39,2026-10-03,1847,N,VIIRS,n,2.0NRT,291.93,2.31,N,2026-10-04 05:57:05,Sedang
-3.43151,105.21324,305.63,0.47,0.4,2026-10-03,1847,N,VIIRS,n,2.0NRT,292.43,1.43,N,2026-10-04 05:57:05,Sedang
-3.42766,105.09375,319.01,0.46,0.39,2026-10-03,1847,N,VIIRS,n,2.0NRT,292.94,13.98,N,2026-10-04 05:57:05,Sedang
-3.42498,105.12402,321.33,0.46,0.39,2026-10-03,1847,N,VIIRS,n,2.0NRT,293.88,3.66,N,2026-10-04 05:57:05,Sedang
-3.42469,105.09846,345.51,0.46,0.39,2026-10-03,1847,N,VIIRS,n,2.0NRT,295.67,4.67,N,2026-10-04 05:57:05,Sedang
-3.42404,105.09431,318.47,0.46,0.39,2026-10-03,1847,N,VIIRS,n,2.0NRT,292.68,4.67,N,2026-10-04 05:57:05,Sedang
-3.42302,105.11151,310.98,0.46,0.39,2026-10-03,1847,N,VIIRS,n,2.0NRT,294.34,2.68,N,2026-10-04 05:57:05,Sedang
-3.4199,105.2107,302.51,0.47,0.4,2026-10-03,1847,N,VIIRS,n,2.0NRT,291.62,1.36,N,2026-10-04 05:57:05,Sedang
-3.41772,105.12513,316.66,0.46,0.39,2026-10-03,1847,N,VIIRS,n,2.0NRT,293.35,2.26,N,2026-10-04 05:57:05,Sedang
-3.41446,105.1043,322.26,0.46,0.39,2026-10-03,1847,N,VIIRS,n,2.0NRT,295.24,2.69,N,2026-10-04 05:57:05,Sedang
-3.41409,105.12569,309.94,0.46,0.39,2026-10-03,1847,N,VIIRS,n,2.0NRT,292.96,2.5,N,2026-10-04 05:57:05,Sedang
-3.41344,105.12151,330.98,0.46,0.39,2026-10-03,1847,N,VIIRS,n,2.0NRT,294.91,2.5,N,2026-10-04 05:57:05,Sedang
-3.41213,105.11317,317.16,0.46,0.39,2026-10-03,1847,N,VIIRS,n,2.0NRT,294.16,2.76,N,2026-10-04 05:57:05,Sedang
-3.40878,105.13935,307.96,0.46,0.39,2026-10-03,1847,N,VIIRS,n,2.0NRT,292.19,2.95,N,2026-10-04 05:57:05,Sedang
-3.4045,105.13573,309.82,0.46,0.39,2026-10-03,1847,N,VIIRS,n,2.0NRT,292.48,1.91,N,2026-10-04 05:57:05,Sedang
-3.40143,105.30901,304.73,0.47,0.4,2026-10-03,1847,N,VIIRS,n,2.0NRT,292.75,2.41,N,2026-10-04 05:57:05,Sedang
-3.39853,105.14522,304.57,0.46,0.39,2026-10-03,1847,N,VIIRS,n,2.0NRT,291.87,2.27,N,2026-10-04 05:57:05,Sedang
-3.39676,105.53771,307.6,0.49,0.4,2026-10-03,1847,N,VIIRS,n,2.0NRT,292.31,1.1,N,2026-10-04 05:57:05,Sedang
-3.39658,105.13268,346.68,0.46,0.39,2026-10-03,1847,N,VIIRS,n,2.0NRT,295.49,12.85,N,2026-10-04 05:57:05,Sedang
-3.39645,105.17986,334.85,0.47,0.39,2026-10-03,1847,N,VIIRS,n,2.0NRT,295.38,6.34,N,2026-10-04 05:57:05,Sedang
-3.39608,105.53334,303.24,0.48,0.4,2026-10-03,1847,N,VIIRS,n,2.0NRT,292.2,1.1,N,2026-10-04 05:57:05,Sedang
-3.39489,105.14577,322.46,0.46,0.39,2026-10-03,1847,N,VIIRS,n,2.0NRT,293.47,8.32,N,2026-10-04 05:57:05,Sedang
-3.3945,105.16727,312.22,0.47,0.39,2026-10-03,1847,N,VIIRS,n,2.0NRT,292.17,2.5,N,2026-10-04 05:57:05,Sedang
-3.39425,105.14159,348.88,0.46,0.39,2026-10-03,1847,N,VIIRS,n,2.0NRT,296.72,8.32,N,2026-10-04 05:57:05,Sedang
-3.39374,105.54266,303.29,0.49,0.4,2026-10-03,1847,N,VIIRS,n,2.0NRT,292.56,1.06,N,2026-10-04 05:57:05,Sedang
-3.39295,105.13324,355.4,0.46,0.39,2026-10-03,1847,N,VIIRS,n,2.0NRT,303.73,33.74,N,2026-10-04 05:57:05,Sedang
-3.39237,105.53391,308.46,0.48,0.4,2026-10-03,1847,N,VIIRS,n,2.0NRT,293.07,1.98,N,2026-10-04 05:57:05,Sedang
-3.39216,105.17622,330.06,0.47,0.39,2026-10-03,1847,N,VIIRS,n,2.0NRT,293.53,5.25,N,2026-10-04 05:57:05,Sedang
-3.39022,105.16364,333.56,0.46,0.39,2026-10-03,1847,N,VIIRS,n,2.0NRT,294.62,4.38,N,2026-10-04 05:57:05,Sedang
-3.38855,104.01286,324.04,0.42,0.37,2026-10-03,1847,N,VIIRS,n,2.0NRT,290.94,2.97,N,2026-10-04 05:57:05,Sedang
-3.38464,105.15164,309.05,0.46,0.39,2026-10-03,1847,N,VIIRS,n,2.0NRT,292.92,2.56,N,2026-10-04 05:57:05,Sedang
-3.38334,105.14327,309.84,0.46,0.39,2026-10-03,1847,N,VIIRS,n,2.0NRT,292.61,4.05,N,2026-10-04 05:57:05,Sedang
-3.38205,105.13491,303.87,0.46,0.39,2026-10-03,1847,N,VIIRS,n,2.0NRT,292.61,11.25,N,2026-10-04 05:57:05,Sedang
-3.36405,105.28261,316.86,0.47,0.4,2026-10-03,1847,N,VIIRS,n,2.0NRT,293.38,2.74,N,2026-10-04 05:57:05,Sedang
-3.36137,105.26566,336.18,0.47,0.4,2026-10-03,1847,N,VIIRS,n,2.0NRT,295.33,6.12,N,2026-10-04 05:57:05,Sedang
-3.36068,105.26311,332.8,0.47,0.4,2026-10-03,1847,N,VIIRS,n,2.0NRT,293.51,3.38,N,2026-10-04 05:57:05,Sedang
-3.35746,105.24194,334.01,0.47,0.4,2026-10-03,1847,N,VIIRS,n,2.0NRT,293.31,11.26,N,2026-10-04 05:57:05,Sedang
-3.35445,105.24674,334.78,0.47,0.4,2026-10-03,1847,N,VIIRS,n,2.0NRT,295.5,11.26,N,2026-10-04 05:57:05,Sedang
-3.35406,105.26678,309,0.47,0.4,2026-10-03,1847,N,VIIRS,n,2.0NRT,293.38,2.83,N,2026-10-04 05:57:05,Sedang
-3.3538,105.24252,367,0.47,0.4,2026-10-03,1847,N,VIIRS,h,2.0NRT,299.84,11.26,N,2026-10-04 05:57:05,Tinggi
-3.35252,105.23405,314.38,0.47,0.4,2026-10-03,1847,N,VIIRS,n,2.0NRT,291.98,13.61,N,2026-10-04 05:57:05,Sedang
-3.35174,105.27581,315.92,0.47,0.4,2026-10-03,1847,N,VIIRS,n,2.0NRT,294.13,1.96,N,2026-10-04 05:57:05,Sedang
-3.33349,111.85375,308.81,0.41,0.61,2026-10-03,1847,N,VIIRS,n,2.0NRT,282.97,2.33,N,2026-10-04 05:57:05,Sedang
-3.33046,105.28341,310.92,0.47,0.4,2026-10-03,1847,N,VIIRS,n,2.0NRT,292.2,3.76,N,2026-10-04 05:57:05,Sedang
-3.32913,105.27494,323,0.47,0.4,2026-10-03,1847,N,VIIRS,n,2.0NRT,293.11,5.31,N,2026-10-04 05:57:05,Sedang
-3.32481,105.27126,350.74,0.47,0.4,2026-10-03,1847,N,VIIRS,n,2.0NRT,300.59,5.31,N,2026-10-04 05:57:05,Sedang
-3.32446,105.29304,307.38,0.47,0.4,2026-10-03,1847,N,VIIRS,n,2.0NRT,292.76,1.76,N,2026-10-04 05:57:05,Sedang
-3.3237,105.07433,303.24,0.46,0.39,2026-10-03,1847,N,VIIRS,n,2.0NRT,291.32,1.01,N,2026-10-04 05:57:05,Sedang
-3.32164,111.85168,311.93,0.41,0.61,2026-10-03,1847,N,VIIRS,n,2.0NRT,285.93,2.9,N,2026-10-04 05:57:05,Sedang
-3.32146,105.29784,316.49,0.47,0.4,2026-10-03,1847,N,VIIRS,n,2.0NRT,293.4,2.49,N,2026-10-04 05:57:05,Sedang
-3.32073,105.07903,318.83,0.46,0.39,2026-10-03,1847,N,VIIRS,n,2.0NRT,291.72,4.02,N,2026-10-04 05:57:05,Sedang
-3.31763,105.17754,338.29,0.46,0.39,2026-10-03,1847,N,VIIRS,n,2.0NRT,293.51,5.76,N,2026-10-04 05:57:05,Sedang
-3.31465,105.18229,343.89,0.46,0.39,2026-10-03,1847,N,VIIRS,n,2.0NRT,293.92,4.02,N,2026-10-04 05:57:05,Sedang
-3.31415,105.08427,303.77,0.46,0.39,2026-10-03,1847,N,VIIRS,n,2.0NRT,291.79,2.16,N,2026-10-04 05:57:05,Sedang
-3.31415,105.51913,306.15,0.48,0.4,2026-10-03,1847,N,VIIRS,n,2.0NRT,293.12,1.66,N,2026-10-04 05:57:05,Sedang
-3.31349,105.51476,311.31,0.48,0.4,2026-10-03,1847,N,VIIRS,n,2.0NRT,293.15,3.62,N,2026-10-04 05:57:05,Sedang
-3.31311,104.85521,310.49,0.45,0.39,2026-10-03,1847,N,VIIRS,n,2.0NRT,290.78,1.19,N,2026-10-04 05:57:05,Sedang
-3.31248,105.09727,317.79,0.46,0.39,2026-10-03,1847,N,VIIRS,n,2.0NRT,291.61,8.26,N,2026-10-04 05:57:05,Sedang
-3.31183,105.09312,356.41,0.46,0.39,2026-10-03,1847,N,VIIRS,n,2.0NRT,297.15,8.26,N,2026-10-04 05:57:05,Sedang
-3.30988,112.21541,299.83,0.44,0.62,2026-10-03,1847,N,VIIRS,n,2.0NRT,284.59,1.21,N,2026-10-04 05:57:05,Sedang
-3.30691,105.25237,304.14,0.47,0.4,2026-10-03,1847,N,VIIRS,n,2.0NRT,291.79,3.7,N,2026-10-04 05:57:05,Sedang
-3.3056,105.24394,320.89,0.47,0.4,2026-10-03,1847,N,VIIRS,n,2.0NRT,292.55,3.22,N,2026-10-04 05:57:05,Sedang
-3.30458,105.09424,322.26,0.46,0.39,2026-10-03,1847,N,VIIRS,n,2.0NRT,296.1,12.08,N,2026-10-04 05:57:05,Sedang
-3.3026,105.24872,325.8,0.47,0.4,2026-10-03,1847,N,VIIRS,n,2.0NRT,293.51,3.34,N,2026-10-04 05:57:05,Sedang
-3.30226,105.10309,329.62,0.46,0.39,2026-10-03,1847,N,VIIRS,n,2.0NRT,295.07,2.98,N,2026-10-04 05:57:05,Sedang
-3.30214,104.86809,306.22,0.45,0.39,2026-10-03,1847,N,VIIRS,n,2.0NRT,291.4,0.79,N,2026-10-04 05:57:05,Sedang
-3.30195,105.2445,317.63,0.47,0.4,2026-10-03,1847,N,VIIRS,n,2.0NRT,292.36,1.91,N,2026-10-04 05:57:05,Sedang
-3.30114,103.74055,310.42,0.41,0.37,2026-10-03,1847,N,VIIRS,n,2.0NRT,290.76,1.27,N,2026-10-04 05:57:05,Sedang
-3.29891,105.12914,303.27,0.46,0.39,2026-10-03,1847,N,VIIRS,n,2.0NRT,291.6,0.66,N,2026-10-04 05:57:05,Sedang
-3.29828,105.53944,328.55,0.48,0.4,2026-10-03,1847,N,VIIRS,n,2.0NRT,292.74,4.25,N,2026-10-04 05:57:05,Sedang
-3.28335,105.14861,302.66,0.46,0.39,2026-10-03,1847,N,VIIRS,n,2.0NRT,291.31,0.59,N,2026-10-04 05:57:05,Sedang
-3.28271,105.14444,305,0.46,0.39,2026-10-03,1847,N,VIIRS,n,2.0NRT,292.08,1.5,N,2026-10-04 05:57:05,Sedang
-3.27602,105.64929,305.03,0.49,0.4,2026-10-03,1847,N,VIIRS,n,2.0NRT,292.93,1.47,N,2026-10-04 05:57:05,Sedang
-3.27486,111.84718,297.4,0.41,0.61,2026-10-03,1847,N,VIIRS,n,2.0NRT,276.45,0.63,N,2026-10-04 05:57:05,Sedang
-3.27122,111.84418,330.03,0.41,0.61,2026-10-03,1847,N,VIIRS,n,2.0NRT,276.63,3.54,N,2026-10-04 05:57:05,Sedang
-3.26776,112.59946,310.65,0.46,0.64,2026-10-03,1847,N,VIIRS,n,2.0NRT,290.53,2.78,N,2026-10-04 05:57:05,Sedang
-3.26665,104.32179,303.94,0.43,0.38,2026-10-03,1847,N,VIIRS,n,2.0NRT,290.56,0.97,N,2026-10-04 05:57:05,Sedang
-3.26338,111.86851,300.76,0.41,0.61,2026-10-03,1847,N,VIIRS,n,2.0NRT,274.62,0.66,N,2026-10-04 05:57:05,Sedang
-3.26285,112.13718,305.52,0.43,0.62,2026-10-03,1847,N,VIIRS,n,2.0NRT,285.75,2.96,N,2026-10-04 05:57:05,Sedang
-3.26227,112.13323,307.85,0.43,0.62,2026-10-03,1847,N,VIIRS,n,2.0NRT,286.09,2.01,N,2026-10-04 05:57:05,Sedang
-3.2612,112.59609,340.29,0.46,0.64,2026-10-03,1847,N,VIIRS,n,2.0NRT,292.3,7.22,N,2026-10-04 05:57:05,Sedang
-3.26056,112.59186,334.27,0.46,0.64,2026-10-03,1847,N,VIIRS,n,2.0NRT,292.29,10.36,N,2026-10-04 05:57:05,Sedang
-3.26053,105.31594,306.76,0.47,0.4,2026-10-03,1847,N,VIIRS,n,2.0NRT,292.05,1.87,N,2026-10-04 05:57:05,Sedang
-3.25938,111.84212,298.22,0.41,0.61,2026-10-03,1847,N,VIIRS,n,2.0NRT,272.29,1.82,N,2026-10-04 05:57:05,Sedang
-3.25348,104.97979,325.89,0.45,0.39,2026-10-03,1847,N,VIIRS,n,2.0NRT,288.97,3.19,N,2026-10-04 05:57:05,Sedang
-3.25318,111.83919,299.87,0.41,0.61,2026-10-03,1847,N,VIIRS,n,2.0NRT,271.28,0.71,N,2026-10-04 05:57:05,Sedang
-3.24214,112.11611,305.24,0.43,0.62,2026-10-03,1847,N,VIIRS,n,2.0NRT,284.18,2.37,N,2026-10-04 05:57:05,Sedang
-3.24156,112.11218,318.35,0.43,0.62,2026-10-03,1847,N,VIIRS,n,2.0NRT,284.87,2.66,N,2026-10-04 05:57:05,Sedang
-3.22779,112.09821,309.61,0.43,0.62,2026-10-03,1847,N,VIIRS,n,2.0NRT,285.97,1.45,N,2026-10-04 05:57:05,Sedang
-3.22766,104.97959,303.47,0.45,0.39,2026-10-03,1847,N,VIIRS,n,2.0NRT,289.57,0.83,N,2026-10-04 05:57:05,Sedang
-3.22722,112.09427,308.92,0.43,0.62,2026-10-03,1847,N,VIIRS,n,2.0NRT,285.56,1.45,N,2026-10-04 05:57:05,Sedang
-3.22512,103.87644,316.51,0.41,0.37,2026-10-03,1847,N,VIIRS,n,2.0NRT,289.98,1.37,N,2026-10-04 05:57:05,Sedang
-3.22206,112.09906,305.86,0.43,0.62,2026-10-03,1847,N,VIIRS,n,2.0NRT,285.95,3.31,N,2026-10-04 05:57:05,Sedang
-3.22092,112.09123,342.81,0.43,0.62,2026-10-03,1847,N,VIIRS,n,2.0NRT,286.64,9.25,N,2026-10-04 05:57:05,Sedang
-3.21488,112.09465,307.87,0.43,0.62,2026-10-03,1847,N,VIIRS,n,2.0NRT,286.41,4.1,N,2026-10-04 05:57:05,Sedang
-3.21461,112.12836,299.55,0.43,0.62,2026-10-03,1847,N,VIIRS,n,2.0NRT,276.47,0.82,N,2026-10-04 05:57:05,Sedang
-3.2141,112.00463,302.88,0.42,0.61,2026-10-03,1847,N,VIIRS,n,2.0NRT,271.01,0.97,N,2026-10-04 05:57:05,Sedang
-3.21404,112.12445,301.65,0.43,0.62,2026-10-03,1847,N,VIIRS,n,2.0NRT,276.18,1.15,N,2026-10-04 05:57:05,Sedang
-3.21293,104.83637,324.33,0.45,0.39,2026-10-03,1847,N,VIIRS,n,2.0NRT,288.54,2.82,N,2026-10-04 05:57:05,Sedang
-3.21061,112.1008,337.52,0.43,0.62,2026-10-03,1847,N,VIIRS,n,2.0NRT,286.74,2.77,N,2026-10-04 05:57:05,Sedang
-3.2084,112.00546,311.14,0.42,0.61,2026-10-03,1847,N,VIIRS,n,2.0NRT,270.97,1.52,N,2026-10-04 05:57:05,Sedang
-3.20488,112.10168,306.89,0.43,0.62,2026-10-03,1847,N,VIIRS,n,2.0NRT,284.15,2.77,N,2026-10-04 05:57:05,Sedang
-3.20482,105.07474,307.74,0.46,0.39,2026-10-03,1847,N,VIIRS,n,2.0NRT,291.72,1.02,N,2026-10-04 05:57:05,Sedang
-3.20315,105.08768,304.03,0.46,0.39,2026-10-03,1847,N,VIIRS,n,2.0NRT,291.63,0.83,N,2026-10-04 05:57:05,Sedang
-3.19888,112.10501,306.47,0.43,0.62,2026-10-03,1847,N,VIIRS,n,2.0NRT,281.44,2.8,N,2026-10-04 05:57:05,Sedang
-3.19711,112.09333,314.9,0.43,0.62,2026-10-03,1847,N,VIIRS,n,2.0NRT,285.18,4.79,N,2026-10-04 05:57:05,Sedang
-3.19257,112.10197,312.73,0.43,0.62,2026-10-03,1847,N,VIIRS,n,2.0NRT,282.64,2.89,N,2026-10-04 05:57:05,Sedang
-3.19161,104.02278,309.43,0.42,0.37,2026-10-03,1847,N,VIIRS,n,2.0NRT,291.24,1.09,N,2026-10-04 05:57:05,Sedang
-3.19139,112.0942,333.59,0.43,0.62,2026-10-03,1847,N,VIIRS,n,2.0NRT,285.71,4.79,N,2026-10-04 05:57:05,Sedang
-3.1881,104.65221,310.55,0.44,0.38,2026-10-03,1847,N,VIIRS,n,2.0NRT,289.94,1.43,N,2026-10-04 05:57:05,Sedang
-3.18784,105.42208,303.12,0.48,0.4,2026-10-03,1847,N,VIIRS,n,2.0NRT,292.19,0.91,N,2026-10-04 05:57:05,Sedang
-3.18629,112.48904,304.34,0.45,0.63,2026-10-03,1847,N,VIIRS,n,2.0NRT,290.4,0.66,N,2026-10-04 05:57:05,Sedang
-3.18507,105.33063,322.95,0.47,0.4,2026-10-03,1847,N,VIIRS,n,2.0NRT,292.34,1.83,N,2026-10-04 05:57:05,Sedang
-3.18481,105.42693,322.54,0.48,0.4,2026-10-03,1847,N,VIIRS,n,2.0NRT,293.19,10.7,N,2026-10-04 05:57:05,Sedang
-3.18449,112.08723,318.07,0.43,0.62,2026-10-03,1847,N,VIIRS,n,2.0NRT,285.52,2.55,N,2026-10-04 05:57:05,Sedang
-3.18441,105.32638,315.91,0.47,0.4,2026-10-03,1847,N,VIIRS,n,2.0NRT,292.28,1.83,N,2026-10-04 05:57:05,Sedang
-3.18416,105.42264,333.06,0.48,0.4,2026-10-03,1847,N,VIIRS,n,2.0NRT,296.53,10.7,N,2026-10-04 05:57:05,Sedang
-3.1839,112.08333,304.14,0.43,0.62,2026-10-03,1847,N,VIIRS,n,2.0NRT,285.4,2.55,N,2026-10-04 05:57:05,Sedang
-3.18284,105.41403,306.04,0.48,0.4,2026-10-03,1847,N,VIIRS,n,2.0NRT,293.11,9.94,N,2026-10-04 05:57:05,Sedang
-3.17483,105.41089,316.71,0.48,0.4,2026-10-03,1847,N,VIIRS,n,2.0NRT,294.32,5.75,N,2026-10-04 05:57:05,Sedang
-3.17449,105.42683,326.75,0.48,0.4,2026-10-03,1847,N,VIIRS,n,2.0NRT,296.9,67.27,N,2026-10-04 05:57:05,Sedang
-3.17313,105.41827,353.87,0.48,0.4,2026-10-03,1847,N,VIIRS,n,2.0NRT,316.95,28.45,N,2026-10-04 05:57:05,Sedang
-3.17246,112.08506,302.08,0.43,0.62,2026-10-03,1847,N,VIIRS,n,2.0NRT,282.89,1.16,N,2026-10-04 05:57:05,Sedang
-3.17188,112.08117,307.91,0.43,0.62,2026-10-03,1847,N,VIIRS,n,2.0NRT,283.36,1.34,N,2026-10-04 05:57:05,Sedang
-3.15241,112.06819,300.98,0.43,0.62,2026-10-03,1847,N,VIIRS,n,2.0NRT,281.36,0.43,N,2026-10-04 05:57:05,Sedang
-3.15183,112.06431,297.48,0.42,0.61,2026-10-03,1847,N,VIIRS,n,2.0NRT,280.33,0.43,N,2026-10-04 05:57:05,Sedang
-3.15062,105.08308,311.93,0.46,0.39,2026-10-03,1847,N,VIIRS,n,2.0NRT,289.15,1.32,N,2026-10-04 05:57:05,Sedang
-3.14935,105.38687,305.77,0.47,0.4,2026-10-03,1847,N,VIIRS,n,2.0NRT,291.51,3.02,N,2026-10-04 05:57:05,Sedang
-3.14869,104.23752,304.14,0.42,0.38,2026-10-03,1847,N,VIIRS,n,2.0NRT,291.38,0.78,N,2026-10-04 05:57:05,Sedang
-3.14868,105.3826,329.77,0.47,0.4,2026-10-03,1847,N,VIIRS,n,2.0NRT,294.11,3.02,N,2026-10-04 05:57:05,Sedang
-3.14734,105.37405,304.26,0.47,0.4,2026-10-03,1847,N,VIIRS,n,2.0NRT,292.23,1.93,N,2026-10-04 05:57:05,Sedang
-3.14466,105.09245,314.24,0.46,0.39,2026-10-03,1847,N,VIIRS,n,2.0NRT,288.9,1.59,N,2026-10-04 05:57:05,Sedang
-3.14434,105.3789,308.43,0.47,0.4,2026-10-03,1847,N,VIIRS,n,2.0NRT,293.1,8.68,N,2026-10-04 05:57:05,Sedang
-3.14396,108.1336,303.79,0.46,0.47,2026-10-03,1847,N,VIIRS,n,2.0NRT,290.48,0.62,N,2026-10-04 05:57:05,Sedang
-3.14367,105.37463,304.65,0.47,0.4,2026-10-03,1847,N,VIIRS,n,2.0NRT,292.71,8.68,N,2026-10-04 05:57:05,Sedang
-3.1433,112.08551,309.73,0.43,0.62,2026-10-03,1847,N,VIIRS,n,2.0NRT,283.95,2.47,N,2026-10-04 05:57:05,Sedang
-3.1391,105.15272,305.06,0.46,0.39,2026-10-03,1847,N,VIIRS,n,2.0NRT,290.32,1.12,N,2026-10-04 05:57:05,Sedang
-3.13701,112.08249,330.03,0.43,0.62,2026-10-03,1847,N,VIIRS,n,2.0NRT,285.46,5.43,N,2026-10-04 05:57:05,Sedang
-3.13611,105.15745,313.21,0.46,0.39,2026-10-03,1847,N,VIIRS,n,2.0NRT,290.61,1.23,N,2026-10-04 05:57:05,Sedang
-3.12998,104.66869,306.93,0.44,0.38,2026-10-03,1847,N,VIIRS,n,2.0NRT,290.28,1.05,N,2026-10-04 05:57:05,Sedang
-3.12587,105.1633,306.57,0.46,0.39,2026-10-03,1847,N,VIIRS,n,2.0NRT,290.65,0.79,N,2026-10-04 05:57:05,Sedang
-3.1253,104.17895,302.91,0.42,0.38,2026-10-03,1847,N,VIIRS,n,2.0NRT,291.35,0.55,N,2026-10-04 05:57:05,Sedang
-3.12327,111.87282,295.11,0.41,0.61,2026-10-03,1847,N,VIIRS,n,2.0NRT,269.25,0.47,N,2026-10-04 05:57:05,Sedang
-3.11659,104.44646,317.16,0.43,0.38,2026-10-03,1847,N,VIIRS,n,2.0NRT,289.68,3.22,N,2026-10-04 05:57:05,Sedang
-3.11598,104.44259,334.25,0.43,0.38,2026-10-03,1847,N,VIIRS,n,2.0NRT,290.79,3.22,N,2026-10-04 05:57:05,Sedang
-3.11369,104.45087,302.57,0.43,0.38,2026-10-03,1847,N,VIIRS,n,2.0NRT,289.95,0.99,N,2026-10-04 05:57:05,Sedang
-3.11363,107.82681,331.74,0.44,0.46,2026-10-03,1847,N,VIIRS,n,2.0NRT,293.09,4.37,N,2026-10-04 05:57:05,Sedang
-3.11363,112.36526,302.27,0.44,0.63,2026-10-03,1847,N,VIIRS,n,2.0NRT,279.33,2.05,N,2026-10-04 05:57:05,Sedang
-3.11302,112.3612,325.27,0.44,0.63,2026-10-03,1847,N,VIIRS,n,2.0NRT,282.35,2.05,N,2026-10-04 05:57:05,Sedang
-3.11247,104.44313,329.04,0.43,0.38,2026-10-03,1847,N,VIIRS,n,2.0NRT,292.58,3.71,N,2026-10-04 05:57:05,Sedang
-3.1108,104.45528,307.11,0.43,0.38,2026-10-03,1847,N,VIIRS,n,2.0NRT,290.4,0.99,N,2026-10-04 05:57:05,Sedang
-3.10813,112.32874,302.39,0.44,0.63,2026-10-03,1847,N,VIIRS,n,2.0NRT,281.94,0.53,N,2026-10-04 05:57:05,Sedang
-3.10598,112.35392,316.86,0.44,0.63,2026-10-03,1847,N,VIIRS,n,2.0NRT,282.87,2.15,N,2026-10-04 05:57:05,Sedang
-3.10378,104.45637,319.5,0.43,0.38,2026-10-03,1847,N,VIIRS,n,2.0NRT,291.4,2.25,N,2026-10-04 05:57:05,Sedang
-3.10199,112.367,298.35,0.44,0.63,2026-10-03,1847,N,VIIRS,n,2.0NRT,282.14,1.08,N,2026-10-04 05:57:05,Sedang
-3.10138,112.36294,304.83,0.44,0.63,2026-10-03,1847,N,VIIRS,n,2.0NRT,283.19,1.08,N,2026-10-04 05:57:05,Sedang
-3.10016,112.3548,318.43,0.44,0.63,2026-10-03,1847,N,VIIRS,n,2.0NRT,281.62,2.15,N,2026-10-04 05:57:05,Sedang
-3.09916,108.16173,308.49,0.46,0.47,2026-10-03,1847,N,VIIRS,n,2.0NRT,290.57,1.35,N,2026-10-04 05:57:05,Sedang
-3.09616,104.45358,350.17,0.43,0.38,2026-10-03,1847,N,VIIRS,n,2.0NRT,294.87,2.99,N,2026-10-04 05:57:05,Sedang
-3.09435,112.35566,305.34,0.44,0.63,2026-10-03,1847,N,VIIRS,n,2.0NRT,284.09,2.11,N,2026-10-04 05:57:05,Sedang
-3.09374,112.3516,308.46,0.44,0.63,2026-10-03,1847,N,VIIRS,n,2.0NRT,282.14,2.02,N,2026-10-04 05:57:05,Sedang
-3.09265,104.45412,305.41,0.43,0.38,2026-10-03,1847,N,VIIRS,n,2.0NRT,289.52,2.28,N,2026-10-04 05:57:05,Sedang
-3.09189,112.02826,299.62,0.42,0.61,2026-10-03,1847,N,VIIRS,n,2.0NRT,283.2,0.86,N,2026-10-04 05:57:05,Sedang
-3.08971,104.25411,311.08,0.42,0.38,2026-10-03,1847,N,VIIRS,n,2.0NRT,288.68,1.84,N,2026-10-04 05:57:05,Sedang
-3.07149,104.43364,302.44,0.43,0.38,2026-10-03,1847,N,VIIRS,n,2.0NRT,289.27,0.56,N,2026-10-04 05:57:05,Sedang
-3.05591,105.07528,305.48,0.46,0.39,2026-10-03,1847,N,VIIRS,n,2.0NRT,287.67,1.39,N,2026-10-04 05:57:05,Sedang
-3.05527,105.07117,307.36,0.46,0.39,2026-10-03,1847,N,VIIRS,n,2.0NRT,286.61,1.39,N,2026-10-04 05:57:05,Sedang
-3.0523,105.07584,343.11,0.46,0.39,2026-10-03,1847,N,VIIRS,n,2.0NRT,293.93,7.94,N,2026-10-04 05:57:05,Sedang
-3.05166,105.07173,335.3,0.46,0.39,2026-10-03,1847,N,VIIRS,n,2.0NRT,292.43,7.94,N,2026-10-04 05:57:05,Sedang
-3.04995,107.58585,310.62,0.42,0.45,2026-10-03,1847,N,VIIRS,n,2.0NRT,285.41,1.46,N,2026-10-04 05:57:05,Sedang
-3.04445,105.07285,322.52,0.46,0.39,2026-10-03,1847,N,VIIRS,n,2.0NRT,291.44,6.56,N,2026-10-04 05:57:05,Sedang
-3.04115,104.44627,303.59,0.43,0.38,2026-10-03,1847,N,VIIRS,n,2.0NRT,289.32,0.71,N,2026-10-04 05:57:05,Sedang
-3.03787,105.07807,301.85,0.46,0.39,2026-10-03,1847,N,VIIRS,n,2.0NRT,288.91,1.56,N,2026-10-04 05:57:05,Sedang
-3.03559,104.36427,307.1,0.43,0.38,2026-10-03,1847,N,VIIRS,n,2.0NRT,290.73,1.26,N,2026-10-04 05:57:05,Sedang
-3.0349,105.08275,306.75,0.46,0.39,2026-10-03,1847,N,VIIRS,n,2.0NRT,290.66,1.4,N,2026-10-04 05:57:05,Sedang
-3.0321,104.36481,311.25,0.43,0.38,2026-10-03,1847,N,VIIRS,n,2.0NRT,291.48,1.26,N,2026-10-04 05:57:05,Sedang
-3.03192,105.08741,308.55,0.46,0.39,2026-10-03,1847,N,VIIRS,n,2.0NRT,289.13,4.18,N,2026-10-04 05:57:05,Sedang
-3.02619,104.16695,305.22,0.42,0.38,2026-10-03,1847,N,VIIRS,n,2.0NRT,291.73,1.24,N,2026-10-04 05:57:05,Sedang
-3.02611,104.14379,334.62,0.42,0.38,2026-10-03,1847,N,VIIRS,n,2.0NRT,291.73,5.13,N,2026-10-04 05:57:05,Sedang
-3.02167,104.02544,309.02,0.41,0.37,2026-10-03,1847,N,VIIRS,n,2.0NRT,290.74,1.46,N,2026-10-04 05:57:05,Sedang
-3.02116,104.04465,325.19,0.42,0.37,2026-10-03,1847,N,VIIRS,n,2.0NRT,293.35,2.87,N,2026-10-04 05:57:05,Sedang
-3.00964,104.03876,305.26,0.42,0.37,2026-10-03,1847,N,VIIRS,n,2.0NRT,290.92,1.12,N,2026-10-04 05:57:05,Sedang
-3.00665,103.99721,304,0.41,0.37,2026-10-03,1847,N,VIIRS,n,2.0NRT,290.93,2.18,N,2026-10-04 05:57:05,Sedang
-3.00436,111.00639,305.52,0.36,0.57,2026-10-03,1847,N,VIIRS,n,2.0NRT,283.06,1.5,N,2026-10-04 05:57:05,Sedang
-3.00099,104.02864,308.37,0.41,0.37,2026-10-03,1847,N,VIIRS,n,2.0NRT,289.79,1.84,N,2026-10-04 05:57:05,Sedang
-2.99924,104.01744,305.02,0.41,0.37,2026-10-03,1847,N,VIIRS,n,2.0NRT,291.03,2.15,N,2026-10-04 05:57:05,Sedang
-2.99807,104.00999,305.86,0.41,0.37,2026-10-03,1847,N,VIIRS,n,2.0NRT,291.24,2.24,N,2026-10-04 05:57:05,Sedang
-2.99801,103.98711,303.43,0.41,0.37,2026-10-03,1847,N,VIIRS,n,2.0NRT,290.28,1.87,N,2026-10-04 05:57:05,Sedang
-2.99648,104.5318,302.44,0.43,0.38,2026-10-03,1847,N,VIIRS,n,2.0NRT,288.58,1.45,N,2026-10-04 05:57:05,Sedang
-2.99351,104.02598,306.99,0.41,0.37,2026-10-03,1847,N,VIIRS,n,2.0NRT,291.41,1.68,N,2026-10-04 05:57:05,Sedang
-2.99293,104.02225,325.63,0.41,0.37,2026-10-03,1847,N,VIIRS,n,2.0NRT,293.5,1.65,N,2026-10-04 05:57:05,Sedang
-2.99288,103.99935,303.4,0.41,0.37,2026-10-03,1847,N,VIIRS,n,2.0NRT,291.13,1.21,N,2026-10-04 05:57:05,Sedang
-2.98827,103.99245,305.87,0.41,0.37,2026-10-03,1847,N,VIIRS,n,2.0NRT,290.59,1.5,N,2026-10-04 05:57:05,Sedang
-2.98483,103.99297,307.07,0.41,0.37,2026-10-03,1847,N,VIIRS,n,2.0NRT,290.64,1.3,N,2026-10-04 05:57:05,Sedang
-2.98094,105.19107,301.5,0.46,0.39,2026-10-03,1847,N,VIIRS,n,2.0NRT,290.73,1.15,N,2026-10-04 05:57:05,Sedang
-2.97964,105.18276,303.72,0.46,0.39,2026-10-03,1847,N,VIIRS,n,2.0NRT,291.52,1.23,N,2026-10-04 05:57:05,Sedang
-2.97678,105.14078,301.28,0.46,0.39,2026-10-03,1847,N,VIIRS,n,2.0NRT,289.67,0.81,N,2026-10-04 05:57:05,Sedang
-2.95932,104.25031,307.54,0.42,0.38,2026-10-03,1847,N,VIIRS,n,2.0NRT,290.57,0.93,N,2026-10-04 05:57:05,Sedang
-2.93036,106.87128,307.71,0.57,0.43,2026-10-03,1847,N,VIIRS,n,2.0NRT,293.68,2.4,N,2026-10-04 05:57:05,Sedang
-2.92728,104.04723,321.5,0.41,0.37,2026-10-03,1847,N,VIIRS,n,2.0NRT,291.54,2.4,N,2026-10-04 05:57:05,Sedang
-2.9267,104.0435,329.66,0.41,0.37,2026-10-03,1847,N,VIIRS,n,2.0NRT,290.8,2.4,N,2026-10-04 05:57:05,Sedang
-2.92325,104.04404,305.93,0.41,0.37,2026-10-03,1847,N,VIIRS,n,2.0NRT,289.92,2.4,N,2026-10-04 05:57:05,Sedang
-2.9011,110.70992,303.67,0.34,0.56,2026-10-03,1847,N,VIIRS,n,2.0NRT,287.74,2.24,N,2026-10-04 05:57:05,Sedang
-2.90018,110.70373,327.16,0.34,0.56,2026-10-03,1847,N,VIIRS,n,2.0NRT,290.11,2.07,N,2026-10-04 05:57:05,Sedang
-2.89836,110.69136,308.12,0.34,0.56,2026-10-03,1847,N,VIIRS,n,2.0NRT,290.36,3.47,N,2026-10-04 05:57:05,Sedang
-2.89773,110.72314,302.51,0.34,0.56,2026-10-03,1847,N,VIIRS,n,2.0NRT,287.98,0.84,N,2026-10-04 05:57:05,Sedang
-2.89577,110.68256,307.11,0.34,0.56,2026-10-03,1847,N,VIIRS,n,2.0NRT,287.79,2.3,N,2026-10-04 05:57:05,Sedang
-2.89538,105.19427,303.03,0.46,0.39,2026-10-03,1847,N,VIIRS,n,2.0NRT,290.16,0.72,N,2026-10-04 05:57:05,Sedang
-2.89499,110.70453,319.62,0.34,0.56,2026-10-03,1847,N,VIIRS,n,2.0NRT,288.69,2.07,N,2026-10-04 05:57:05,Sedang
-2.89488,110.71111,307.48,0.34,0.56,2026-10-03,1847,N,VIIRS,n,2.0NRT,286.55,2.11,N,2026-10-04 05:57:05,Sedang
-2.89227,110.68597,302.97,0.34,0.56,2026-10-03,1847,N,VIIRS,n,2.0NRT,288.74,1.9,N,2026-10-04 05:57:05,Sedang
-2.89181,110.68288,305.5,0.34,0.56,2026-10-03,1847,N,VIIRS,n,2.0NRT,287.97,1.9,N,2026-10-04 05:57:05,Sedang
-2.87449,106.43624,308.96,0.54,0.42,2026-10-03,1847,N,VIIRS,n,2.0NRT,293.62,2.53,N,2026-10-04 05:57:05,Sedang
-2.87373,106.4314,310.59,0.54,0.42,2026-10-03,1847,N,VIIRS,n,2.0NRT,292.82,1.61,N,2026-10-04 05:57:05,Sedang
-2.87319,110.74297,309.68,0.34,0.56,2026-10-03,1847,N,VIIRS,n,2.0NRT,290.49,2.5,N,2026-10-04 05:57:05,Sedang
-2.87222,110.70184,304.16,0.34,0.56,2026-10-03,1847,N,VIIRS,n,2.0NRT,283.8,0.97,N,2026-10-04 05:57:05,Sedang
-2.86814,106.29521,304.32,0.53,0.42,2026-10-03,1847,N,VIIRS,n,2.0NRT,293.15,1.35,N,2026-10-04 05:57:05,Sedang
-2.86657,110.73441,308.83,0.34,0.56,2026-10-03,1847,N,VIIRS,n,2.0NRT,287.63,1.8,N,2026-10-04 05:57:05,Sedang
-2.86553,106.29275,304.35,0.53,0.42,2026-10-03,1847,N,VIIRS,n,2.0NRT,293.3,1.56,N,2026-10-04 05:57:05,Sedang
-2.86242,104.10701,308.9,0.42,0.37,2026-10-03,1847,N,VIIRS,n,2.0NRT,289.27,1.52,N,2026-10-04 05:57:05,Sedang
-2.86042,110.72898,310.4,0.34,0.56,2026-10-03,1847,N,VIIRS,n,2.0NRT,283.72,1.31,N,2026-10-04 05:57:05,Sedang
-2.86018,106.34503,307.54,0.53,0.42,2026-10-03,1847,N,VIIRS,n,2.0NRT,293.21,1.47,N,2026-10-04 05:57:05,Sedang
-2.85993,110.83149,307.88,0.35,0.56,2026-10-03,1847,N,VIIRS,n,2.0NRT,282.21,2.14,N,2026-10-04 05:57:05,Sedang
-2.85851,110.82203,310.12,0.35,0.56,2026-10-03,1847,N,VIIRS,n,2.0NRT,283.67,2.86,N,2026-10-04 05:57:05,Sedang
-2.85615,103.70729,303.64,0.4,0.37,2026-10-03,1847,N,VIIRS,n,2.0NRT,290.84,0.81,N,2026-10-04 05:57:05,Sedang
-2.84399,106.34267,321.72,0.53,0.42,2026-10-03,1847,N,VIIRS,n,2.0NRT,293.64,3.02,N,2026-10-04 05:57:05,Sedang
-2.82954,105.20019,302,0.46,0.39,2026-10-03,1847,N,VIIRS,n,2.0NRT,290.98,1.06,N,2026-10-04 05:57:05,Sedang
-2.82616,104.61697,310.35,0.43,0.38,2026-10-03,1847,N,VIIRS,n,2.0NRT,292.19,2.17,N,2026-10-04 05:57:05,Sedang
-2.82556,104.61305,323.49,0.43,0.38,2026-10-03,1847,N,VIIRS,n,2.0NRT,294.14,2.17,N,2026-10-04 05:57:05,Sedang
-2.81718,104.62936,305.36,0.43,0.38,2026-10-03,1847,N,VIIRS,n,2.0NRT,289.79,5.72,N,2026-10-04 05:57:05,Sedang
-2.81365,104.62991,327.04,0.43,0.38,2026-10-03,1847,N,VIIRS,n,2.0NRT,293.15,5.72,N,2026-10-04 05:57:05,Sedang
-2.80412,106.3147,325.37,0.53,0.42,2026-10-03,1847,N,VIIRS,n,2.0NRT,292.37,2.97,N,2026-10-04 05:57:05,Sedang
-2.79671,106.11454,308.97,0.51,0.41,2026-10-03,1847,N,VIIRS,n,2.0NRT,291.79,2.09,N,2026-10-04 05:57:05,Sedang
-2.79467,103.82475,302.95,0.41,0.37,2026-10-03,1847,N,VIIRS,n,2.0NRT,286.61,0.53,N,2026-10-04 05:57:05,Sedang
-2.79362,106.11975,307.56,0.51,0.41,2026-10-03,1847,N,VIIRS,n,2.0NRT,291.18,1.28,N,2026-10-04 05:57:05,Sedang
-2.78772,103.78087,305.37,0.41,0.37,2026-10-03,1847,N,VIIRS,n,2.0NRT,290.56,0.64,N,2026-10-04 05:57:05,Sedang
-2.77002,106.55859,305.35,0.54,0.42,2026-10-03,1847,N,VIIRS,n,2.0NRT,292.47,1.22,N,2026-10-04 05:57:05,Sedang
-2.76599,106.14294,306.51,0.51,0.41,2026-10-03,1847,N,VIIRS,n,2.0NRT,291.8,1.12,N,2026-10-04 05:57:05,Sedang
-2.75512,107.93423,302.27,0.44,0.46,2026-10-03,1847,N,VIIRS,n,2.0NRT,286.36,0.37,N,2026-10-04 05:57:05,Sedang
-2.74756,104.1005,340.01,0.42,0.37,2026-10-03,1847,N,VIIRS,n,2.0NRT,286.8,3.38,N,2026-10-04 05:57:05,Sedang
-2.74411,104.10104,311.62,0.42,0.37,2026-10-03,1847,N,VIIRS,n,2.0NRT,285.38,3.38,N,2026-10-04 05:57:05,Sedang
-2.73648,106.54869,304.44,0.54,0.42,2026-10-03,1847,N,VIIRS,n,2.0NRT,292.42,0.98,N,2026-10-04 05:57:05,Sedang
-2.71307,106.65495,309.03,0.55,0.43,2026-10-03,1847,N,VIIRS,n,2.0NRT,294.07,3.4,N,2026-10-04 05:57:05,Sedang
-2.70915,106.65881,308.94,0.55,0.43,2026-10-03,1847,N,VIIRS,n,2.0NRT,293.83,2.69,N,2026-10-04 05:57:05,Sedang
-2.70315,106.05573,307.29,0.51,0.41,2026-10-03,1847,N,VIIRS,n,2.0NRT,289.04,1.42,N,2026-10-04 05:57:05,Sedang
-2.7013,105.92138,306.27,0.5,0.41,2026-10-03,1847,N,VIIRS,n,2.0NRT,283.93,3.97,N,2026-10-04 05:57:05,Sedang
-2.70022,105.91477,321.34,0.5,0.41,2026-10-03,1847,N,VIIRS,n,2.0NRT,284.24,3.57,N,2026-10-04 05:57:05,Sedang
-2.68713,103.87474,343.46,0.41,0.37,2026-10-03,1847,N,VIIRS,n,2.0NRT,292.38,10.12,N,2026-10-04 05:57:05,Sedang
-2.68371,103.87527,306.43,0.41,0.37,2026-10-03,1847,N,VIIRS,n,2.0NRT,290.07,0.61,N,2026-10-04 05:57:05,Sedang
-2.67855,105.54927,307.35,0.48,0.4,2026-10-03,1847,N,VIIRS,n,2.0NRT,287.14,1.63,N,2026-10-04 05:57:05,Sedang
-2.67648,105.58485,303.32,0.48,0.4,2026-10-03,1847,N,VIIRS,n,2.0NRT,288.85,1.81,N,2026-10-04 05:57:05,Sedang
-2.67486,105.54983,314.6,0.48,0.4,2026-10-03,1847,N,VIIRS,n,2.0NRT,289.72,1.63,N,2026-10-04 05:57:05,Sedang
-2.67279,105.58542,330.4,0.48,0.4,2026-10-03,1847,N,VIIRS,n,2.0NRT,289.83,1.81,N,2026-10-04 05:57:05,Sedang
-2.67213,105.58111,303.34,0.48,0.4,2026-10-03,1847,N,VIIRS,n,2.0NRT,289.46,1.81,N,2026-10-04 05:57:05,Sedang
-2.67081,105.57249,301.45,0.48,0.4,2026-10-03,1847,N,VIIRS,n,2.0NRT,288.25,1.14,N,2026-10-04 05:57:05,Sedang
-2.66409,105.57793,349.08,0.48,0.4,2026-10-03,1847,N,VIIRS,n,2.0NRT,293.2,4.96,N,2026-10-04 05:57:05,Sedang
-2.66343,105.57362,342.48,0.48,0.4,2026-10-03,1847,N,VIIRS,n,2.0NRT,291.76,4.96,N,2026-10-04 05:57:05,Sedang
-2.62507,108.07694,308.8,0.45,0.47,2026-10-03,1847,N,VIIRS,n,2.0NRT,288.76,1.16,N,2026-10-04 05:57:05,Sedang
-2.62262,108.06071,302.85,0.45,0.47,2026-10-03,1847,N,VIIRS,n,2.0NRT,288.44,0.75,N,2026-10-04 05:57:05,Sedang
-2.61268,107.79471,305.61,0.43,0.46,2026-10-03,1847,N,VIIRS,n,2.0NRT,287.14,0.45,N,2026-10-04 05:57:05,Sedang
-2.57594,107.78063,309.36,0.43,0.46,2026-10-03,1847,N,VIIRS,n,2.0NRT,287.44,1.53,N,2026-10-04 05:57:05,Sedang
-2.55493,102.78685,309.61,0.39,0.36,2026-10-03,1847,N,VIIRS,n,2.0NRT,290.83,0.21,N,2026-10-04 05:57:05,Sedang
-2.55261,106.44704,307.41,0.53,0.42,2026-10-03,1847,N,VIIRS,n,2.0NRT,290.69,1.38,N,2026-10-04 05:57:05,Sedang
-2.46464,103.28214,301.69,0.39,0.36,2026-10-03,1847,N,VIIRS,n,2.0NRT,289.76,2.12,N,2026-10-04 05:57:05,Sedang
-2.43242,105.42691,306.71,0.47,0.4,2026-10-03,1847,N,VIIRS,n,2.0NRT,291.13,1.94,N,2026-10-04 05:57:05,Sedang
-2.4259,104.34135,318.11,0.42,0.38,2026-10-03,1847,N,VIIRS,n,2.0NRT,292.41,2.1,N,2026-10-04 05:57:05,Sedang
-2.42362,104.34944,303.33,0.42,0.38,2026-10-03,1847,N,VIIRS,n,2.0NRT,289.48,1.36,N,2026-10-04 05:57:05,Sedang
-2.42243,104.34188,323.16,0.42,0.38,2026-10-03,1847,N,VIIRS,n,2.0NRT,293.42,2.1,N,2026-10-04 05:57:05,Sedang
-2.39974,104.31058,313.16,0.42,0.38,2026-10-03,1847,N,VIIRS,n,2.0NRT,289.19,2.18,N,2026-10-04 05:57:05,Sedang
-2.39727,106.24699,310.1,0.52,0.41,2026-10-03,1847,N,VIIRS,n,2.0NRT,291.92,1.75,N,2026-10-04 05:57:05,Sedang
-2.39654,106.24235,305.08,0.52,0.41,2026-10-03,1847,N,VIIRS,n,2.0NRT,290.6,1.6,N,2026-10-04 05:57:05,Sedang
-2.39345,106.24757,331.31,0.52,0.41,2026-10-03,1847,N,VIIRS,n,2.0NRT,294.88,4.07,N,2026-10-04 05:57:05,Sedang
-2.39281,104.31165,305.13,0.42,0.38,2026-10-03,1847,N,VIIRS,n,2.0NRT,289.68,1.21,N,2026-10-04 05:57:05,Sedang
-2.39272,106.24294,308.16,0.52,0.41,2026-10-03,1847,N,VIIRS,n,2.0NRT,290.92,2.58,N,2026-10-04 05:57:05,Sedang
-2.37983,106.23542,309.79,0.51,0.41,2026-10-03,1847,N,VIIRS,n,2.0NRT,291.13,1.95,N,2026-10-04 05:57:05,Sedang
-2.35683,104.24018,301.81,0.42,0.37,2026-10-03,1847,N,VIIRS,n,2.0NRT,289.85,1.23,N,2026-10-04 05:57:05,Sedang
-2.35118,104.29496,312.62,0.42,0.38,2026-10-03,1847,N,VIIRS,n,2.0NRT,289.31,2.61,N,2026-10-04 05:57:05,Sedang
-2.34738,102.60576,311.77,0.39,0.36,2026-10-03,1847,N,VIIRS,n,2.0NRT,292.52,0.66,N,2026-10-04 05:57:05,Sedang
-2.34705,104.24555,304.07,0.42,0.37,2026-10-03,1847,N,VIIRS,n,2.0NRT,289.4,0.87,N,2026-10-04 05:57:05,Sedang
-2.34647,104.2418,301.79,0.42,0.37,2026-10-03,1847,N,VIIRS,n,2.0NRT,289.67,1.39,N,2026-10-04 05:57:05,Sedang
-2.34444,104.28762,303.22,0.42,0.38,2026-10-03,1847,N,VIIRS,n,2.0NRT,289.63,0.81,N,2026-10-04 05:57:05,Sedang
-2.34038,104.28439,306.51,0.42,0.38,2026-10-03,1847,N,VIIRS,n,2.0NRT,290.03,0.81,N,2026-10-04 05:57:05,Sedang
-2.33286,104.28171,304.04,0.42,0.38,2026-10-03,1847,N,VIIRS,n,2.0NRT,288.17,0.71,N,2026-10-04 05:57:05,Sedang
-2.27655,104.17163,299.47,0.41,0.37,2026-10-03,1847,N,VIIRS,n,2.0NRT,288.01,1.12,N,2026-10-04 05:57:05,Sedang
-1.89243,103.9474,301.02,0.41,0.37,2026-10-03,1847,N,VIIRS,n,2.0NRT,290,2.28,N,2026-10-04 05:57:05,Sedang
-1.88673,103.93336,311.45,0.4,0.37,2026-10-03,1847,N,VIIRS,n,2.0NRT,285.28,1.23,N,2026-10-04 05:57:05,Sedang
-1.88106,103.9417,297.46,0.41,0.37,2026-10-03,1847,N,VIIRS,n,2.0NRT,284.78,0.78,N,2026-10-04 05:57:05,Sedang
-1.87878,103.92714,338.55,0.4,0.37,2026-10-03,1847,N,VIIRS,n,2.0NRT,291.38,25.9,N,2026-10-04 05:57:05,Sedang
-1.87822,103.94588,304.38,0.41,0.37,2026-10-03,1847,N,VIIRS,n,2.0NRT,288.67,1.36,N,2026-10-04 05:57:05,Sedang
-1.87821,103.92352,349.09,0.4,0.37,2026-10-03,1847,N,VIIRS,n,2.0NRT,290.23,25.9,N,2026-10-04 05:57:05,Sedang
-1.87481,103.94641,303.01,0.41,0.37,2026-10-03,1847,N,VIIRS,n,2.0NRT,288.13,0.8,N,2026-10-04 05:57:05,Sedang
-1.8748,103.92405,346.71,0.4,0.37,2026-10-03,1847,N,VIIRS,n,2.0NRT,308.84,25.9,N,2026-10-04 05:57:05,Sedang
-1.87424,103.94277,301.37,0.41,0.37,2026-10-03,1847,N,VIIRS,n,2.0NRT,286.5,1.22,N,2026-10-04 05:57:05,Sedang
-1.87253,103.93185,306.76,0.4,0.37,2026-10-03,1847,N,VIIRS,n,2.0NRT,285.3,0.95,N,2026-10-04 05:57:05,Sedang
-1.87085,103.98811,306.18,0.41,0.37,2026-10-03,1847,N,VIIRS,n,2.0NRT,287.2,2.34,N,2026-10-04 05:57:05,Sedang
-1.86458,103.92564,295.61,0.4,0.37,2026-10-03,1847,N,VIIRS,n,2.0NRT,285.23,1.12,N,2026-10-04 05:57:05,Sedang
-1.86401,103.922,301.93,0.4,0.37,2026-10-03,1847,N,VIIRS,n,2.0NRT,287.28,2.11,N,2026-10-04 05:57:05,Sedang
-1.85369,103.99039,314.77,0.41,0.37,2026-10-03,1847,N,VIIRS,n,2.0NRT,288.18,2.37,N,2026-10-04 05:57:05,Sedang
-3.32574,134.7975,303.24,0.52,0.67,2026-10-03,1544,N20,VIIRS,n,2.0NRT,292.28,1.61,N,2026-10-04 05:57:05,Sedang
-3.30729,134.09219,324.28,0.59,0.7,2026-10-03,1544,N20,VIIRS,n,2.0NRT,290,4.38,N,2026-10-04 05:57:05,Sedang
-3.30068,134.09216,312.64,0.59,0.7,2026-10-03,1544,N20,VIIRS,n,2.0NRT,289.81,4.38,N,2026-10-04 05:57:05,Sedang
-3.28616,133.96779,340.39,0.6,0.7,2026-10-03,1544,N20,VIIRS,n,2.0NRT,292.27,7.48,N,2026-10-04 05:57:05,Sedang
-3.28554,133.96416,301.22,0.6,0.71,2026-10-03,1544,N20,VIIRS,n,2.0NRT,290.95,4.38,N,2026-10-04 05:57:05,Sedang
-3.25803,133.84174,306.43,0.61,0.71,2026-10-03,1544,N20,VIIRS,n,2.0NRT,290.11,5.63,N,2026-10-04 05:57:05,Sedang
-3.25356,133.85486,306.4,0.61,0.71,2026-10-03,1544,N20,VIIRS,n,2.0NRT,291.64,1.5,N,2026-10-04 05:57:05,Sedang
-2.89658,133.9126,306.2,0.61,0.71,2026-10-03,1544,N20,VIIRS,n,2.0NRT,288.76,2.26,N,2026-10-04 05:57:05,Sedang
-2.88753,133.97466,301.76,0.61,0.71,2026-10-03,1544,N20,VIIRS,n,2.0NRT,290.31,2.44,N,2026-10-04 05:57:05,Sedang
-2.83855,134.11877,301.64,0.59,0.7,2026-10-03,1544,N20,VIIRS,n,2.0NRT,291.29,1.05,N,2026-10-04 05:57:05,Sedang
-2.83685,132.66229,305.14,0.74,0.76,2026-10-03,1544,N20,VIIRS,n,2.0NRT,291.82,1.86,N,2026-10-04 05:57:05,Sedang
-2.83493,132.66399,309.16,0.74,0.76,2026-10-03,1544,N20,VIIRS,n,2.0NRT,292.42,2.16,N,2026-10-04 05:57:05,Sedang
-2.75576,133.2692,316.43,0.68,0.74,2026-10-03,1544,N20,VIIRS,n,2.0NRT,290.09,3.92,N,2026-10-04 05:57:05,Sedang
-9.05614,140.89638,304.3,0.5,0.41,2026-10-03,1546,N20,VIIRS,n,2.0NRT,291.75,0.85,N,2026-10-04 05:57:05,Sedang
-8.99687,140.96107,303.12,0.5,0.41,2026-10-03,1546,N20,VIIRS,n,2.0NRT,291.2,0.85,N,2026-10-04 05:57:05,Sedang
-8.97678,140.84193,302.8,0.51,0.41,2026-10-03,1546,N20,VIIRS,n,2.0NRT,291.07,1.08,N,2026-10-04 05:57:05,Sedang
-8.95998,140.81152,309.87,0.51,0.41,2026-10-03,1546,N20,VIIRS,n,2.0NRT,291.29,1.53,N,2026-10-04 05:57:05,Sedang
-8.85685,140.7981,312.59,0.51,0.41,2026-10-03,1546,N20,VIIRS,n,2.0NRT,290.51,2.16,N,2026-10-04 05:57:05,Sedang
-8.85606,140.79343,318.43,0.51,0.41,2026-10-03,1546,N20,VIIRS,n,2.0NRT,290.57,1.76,N,2026-10-04 05:57:05,Sedang
-8.80407,140.87692,305.12,0.51,0.41,2026-10-03,1546,N20,VIIRS,n,2.0NRT,291.44,0.89,N,2026-10-04 05:57:05,Sedang
-8.7333,140.80313,302.96,0.52,0.41,2026-10-03,1546,N20,VIIRS,n,2.0NRT,291.06,0.65,N,2026-10-04 05:57:05,Sedang
-8.73012,140.78438,310.81,0.52,0.41,2026-10-03,1546,N20,VIIRS,n,2.0NRT,290.67,1.01,N,2026-10-04 05:57:05,Sedang
-8.72997,140.66786,307.71,0.53,0.42,2026-10-03,1546,N20,VIIRS,n,2.0NRT,291.57,1.33,N,2026-10-04 05:57:05,Sedang
-8.72233,140.7616,304.71,0.52,0.41,2026-10-03,1546,N20,VIIRS,n,2.0NRT,290.68,0.79,N,2026-10-04 05:57:05,Sedang
-8.72173,140.78102,308.38,0.52,0.41,2026-10-03,1546,N20,VIIRS,n,2.0NRT,290.8,0.76,N,2026-10-04 05:57:05,Sedang
-8.6889,140.83708,311.01,0.51,0.41,2026-10-03,1546,N20,VIIRS,n,2.0NRT,291.08,1.1,N,2026-10-04 05:57:05,Sedang
-8.545,140.88312,323.73,0.51,0.41,2026-10-03,1546,N20,VIIRS,n,2.0NRT,291.86,3.81,N,2026-10-04 05:57:05,Sedang
-8.54457,140.47346,329.56,0.54,0.42,2026-10-03,1546,N20,VIIRS,n,2.0NRT,292.03,2.27,N,2026-10-04 05:57:05,Sedang
-8.53477,140.82243,304.52,0.52,0.41,2026-10-03,1546,N20,VIIRS,n,2.0NRT,291.73,1.07,N,2026-10-04 05:57:05,Sedang
-8.52138,140.97285,304.6,0.51,0.41,2026-10-03,1546,N20,VIIRS,n,2.0NRT,291.59,0.78,N,2026-10-04 05:57:05,Sedang
-8.51459,140.5858,304.93,0.53,0.42,2026-10-03,1546,N20,VIIRS,n,2.0NRT,291.74,0.88,N,2026-10-04 05:57:05,Sedang
-8.45993,140.67169,305.96,0.53,0.42,2026-10-03,1546,N20,VIIRS,n,2.0NRT,291.86,1.37,N,2026-10-04 05:57:05,Sedang
-8.44836,140.66174,315.43,0.53,0.42,2026-10-03,1546,N20,VIIRS,n,2.0NRT,292.02,2.71,N,2026-10-04 05:57:05,Sedang
-8.44776,140.97366,310.33,0.51,0.41,2026-10-03,1546,N20,VIIRS,n,2.0NRT,291.75,1.43,N,2026-10-04 05:57:05,Sedang
-8.44333,140.99335,313.87,0.51,0.41,2026-10-03,1546,N20,VIIRS,n,2.0NRT,291.72,2.26,N,2026-10-04 05:57:05,Sedang
-8.44321,140.9697,304.58,0.51,0.41,2026-10-03,1546,N20,VIIRS,n,2.0NRT,291.65,0.7,N,2026-10-04 05:57:05,Sedang
-8.43048,140.98611,302.6,0.51,0.41,2026-10-03,1546,N20,VIIRS,n,2.0NRT,292.03,1.01,N,2026-10-04 05:57:05,Sedang
-8.39314,140.34325,318.6,0.55,0.43,2026-10-03,1546,N20,VIIRS,n,2.0NRT,291.48,1.99,N,2026-10-04 05:57:05,Sedang
-8.37251,140.41043,302.66,0.55,0.43,2026-10-03,1546,N20,VIIRS,n,2.0NRT,291.48,0.74,N,2026-10-04 05:57:05,Sedang
-8.35901,140.33041,305.2,0.56,0.43,2026-10-03,1546,N20,VIIRS,n,2.0NRT,291.82,1.01,N,2026-10-04 05:57:05,Sedang
-8.33035,140.61726,303.38,0.54,0.42,2026-10-03,1546,N20,VIIRS,n,2.0NRT,292.04,0.96,N,2026-10-04 05:57:05,Sedang
-8.32935,140.3459,308.65,0.56,0.43,2026-10-03,1546,N20,VIIRS,n,2.0NRT,291.65,1.63,N,2026-10-04 05:57:05,Sedang
-8.28492,140.88486,303.37,0.52,0.41,2026-10-03,1546,N20,VIIRS,n,2.0NRT,291.82,2.63,N,2026-10-04 05:57:05,Sedang
-8.25396,140.49466,314.28,0.55,0.42,2026-10-03,1546,N20,VIIRS,n,2.0NRT,292.08,1.63,N,2026-10-04 05:57:05,Sedang
-8.25024,140.70558,313.12,0.53,0.42,2026-10-03,1546,N20,VIIRS,n,2.0NRT,292.22,2.23,N,2026-10-04 05:57:05,Sedang
-8.24037,140.7171,302.74,0.53,0.42,2026-10-03,1546,N20,VIIRS,n,2.0NRT,292.1,1.21,N,2026-10-04 05:57:05,Sedang
-8.23995,138.20555,303.03,0.51,0.49,2026-10-03,1546,N20,VIIRS,n,2.0NRT,290.54,1.67,N,2026-10-04 05:57:05,Sedang
-8.23749,140.9001,304.86,0.52,0.41,2026-10-03,1546,N20,VIIRS,n,2.0NRT,291.58,0.96,N,2026-10-04 05:57:05,Sedang
-8.23474,140.81339,306.5,0.52,0.42,2026-10-03,1546,N20,VIIRS,n,2.0NRT,292.07,1.37,N,2026-10-04 05:57:05,Sedang
-8.23422,140.85718,303.2,0.52,0.42,2026-10-03,1546,N20,VIIRS,n,2.0NRT,291.72,0.77,N,2026-10-04 05:57:05,Sedang
-8.22491,140.70714,330.39,0.53,0.42,2026-10-03,1546,N20,VIIRS,n,2.0NRT,292.33,21.09,N,2026-10-04 05:57:05,Sedang
-8.22267,140.71741,306.94,0.53,0.42,2026-10-03,1546,N20,VIIRS,n,2.0NRT,291.63,18.97,N,2026-10-04 05:57:05,Sedang
-8.21344,140.94266,305.36,0.52,0.41,2026-10-03,1546,N20,VIIRS,n,2.0NRT,291.96,1.08,N,2026-10-04 05:57:05,Sedang
-8.20456,140.32329,303.61,0.56,0.43,2026-10-03,1546,N20,VIIRS,n,2.0NRT,291.52,1.53,N,2026-10-04 05:57:05,Sedang
-8.19176,140.79146,302.95,0.53,0.42,2026-10-03,1546,N20,VIIRS,n,2.0NRT,291.31,0.55,N,2026-10-04 05:57:05,Sedang
-8.16493,140.56274,304.79,0.54,0.42,2026-10-03,1546,N20,VIIRS,n,2.0NRT,292.47,1.15,N,2026-10-04 05:57:05,Sedang
-8.16362,138.14296,303.82,0.51,0.5,2026-10-03,1546,N20,VIIRS,n,2.0NRT,290.33,0.93,N,2026-10-04 05:57:05,Sedang
-8.15631,140.85387,313.51,0.52,0.42,2026-10-03,1546,N20,VIIRS,n,2.0NRT,292,1.21,N,2026-10-04 05:57:05,Sedang
-8.15484,140.85138,324.57,0.52,0.42,2026-10-03,1546,N20,VIIRS,n,2.0NRT,292.34,2.56,N,2026-10-04 05:57:05,Sedang
-8.14945,140.63568,302.42,0.54,0.42,2026-10-03,1546,N20,VIIRS,n,2.0NRT,292.07,1.9,N,2026-10-04 05:57:05,Sedang
-8.13721,140.39908,304.87,0.55,0.43,2026-10-03,1546,N20,VIIRS,n,2.0NRT,291.7,0.82,N,2026-10-04 05:57:05,Sedang
-8.13624,139.99847,308.52,0.39,0.44,2026-10-03,1546,N20,VIIRS,n,2.0NRT,291.97,0.45,N,2026-10-04 05:57:05,Sedang
-8.12289,140.38606,307.55,0.56,0.43,2026-10-03,1546,N20,VIIRS,n,2.0NRT,291.85,1.2,N,2026-10-04 05:57:05,Sedang
-8.11597,140.87056,311.07,0.52,0.42,2026-10-03,1546,N20,VIIRS,n,2.0NRT,292.54,2.26,N,2026-10-04 05:57:05,Sedang
-8.11454,140.88536,308.36,0.52,0.42,2026-10-03,1546,N20,VIIRS,n,2.0NRT,292.02,1.77,N,2026-10-04 05:57:05,Sedang
-8.11216,140.87122,307.71,0.52,0.42,2026-10-03,1546,N20,VIIRS,n,2.0NRT,292.09,1.5,N,2026-10-04 05:57:05,Sedang
-8.10663,140.19487,302.92,0.57,0.43,2026-10-03,1546,N20,VIIRS,n,2.0NRT,291.91,1.37,N,2026-10-04 05:57:05,Sedang
-8.08846,140.39719,307.48,0.56,0.43,2026-10-03,1546,N20,VIIRS,n,2.0NRT,293.09,1.29,N,2026-10-04 05:57:05,Sedang
-8.08457,139.819,336.03,0.4,0.44,2026-10-03,1546,N20,VIIRS,n,2.0NRT,291.85,4.07,N,2026-10-04 05:57:05,Sedang
-8.07766,139.82768,306.19,0.4,0.44,2026-10-03,1546,N20,VIIRS,n,2.0NRT,291.39,0.6,N,2026-10-04 05:57:05,Sedang
-8.07333,140.9613,309.21,0.52,0.41,2026-10-03,1546,N20,VIIRS,n,2.0NRT,292.04,1.27,N,2026-10-04 05:57:05,Sedang
-8.07306,140.52029,303,0.55,0.42,2026-10-03,1546,N20,VIIRS,n,2.0NRT,291.89,0.93,N,2026-10-04 05:57:05,Sedang
-8.06444,140.51672,305.68,0.55,0.42,2026-10-03,1546,N20,VIIRS,n,2.0NRT,292.07,1.33,N,2026-10-04 05:57:05,Sedang
-8.0413,140.0294,314.62,0.39,0.44,2026-10-03,1546,N20,VIIRS,n,2.0NRT,292.32,1.36,N,2026-10-04 05:57:05,Sedang
-8.03463,140.798,308.86,0.53,0.42,2026-10-03,1546,N20,VIIRS,n,2.0NRT,292.48,1.61,N,2026-10-04 05:57:05,Sedang
-8.03433,140.80653,305.49,0.53,0.42,2026-10-03,1546,N20,VIIRS,n,2.0NRT,292.22,1.57,N,2026-10-04 05:57:05,Sedang
-8.02431,140.37445,305.62,0.56,0.43,2026-10-03,1546,N20,VIIRS,n,2.0NRT,292.48,1.15,N,2026-10-04 05:57:05,Sedang
-8.02045,140.1093,305.13,0.39,0.44,2026-10-03,1546,N20,VIIRS,n,2.0NRT,292.6,0.61,N,2026-10-04 05:57:05,Sedang
-8.02042,139.18404,332.22,0.44,0.46,2026-10-03,1546,N20,VIIRS,n,2.0NRT,289.57,2.41,N,2026-10-04 05:57:05,Sedang
-8.01754,139.44583,308.8,0.42,0.46,2026-10-03,1546,N20,VIIRS,n,2.0NRT,290.13,1.06,N,2026-10-04 05:57:05,Sedang
-8.01392,139.57596,302.37,0.42,0.45,2026-10-03,1546,N20,VIIRS,n,2.0NRT,289.14,0.6,N,2026-10-04 05:57:05,Sedang
-7.99161,138.99292,314.49,0.45,0.47,2026-10-03,1546,N20,VIIRS,n,2.0NRT,290.51,1.03,N,2026-10-04 05:57:05,Sedang
-7.98416,139.45172,305.69,0.42,0.46,2026-10-03,1546,N20,VIIRS,n,2.0NRT,290.47,1.04,N,2026-10-04 05:57:05,Sedang
-7.97801,139.44093,304.89,0.43,0.46,2026-10-03,1546,N20,VIIRS,n,2.0NRT,290.03,1.6,N,2026-10-04 05:57:05,Sedang
-7.97673,140.07001,308.76,0.39,0.44,2026-10-03,1546,N20,VIIRS,n,2.0NRT,292.63,1.32,N,2026-10-04 05:57:05,Sedang
-7.97656,139.00829,304.28,0.45,0.47,2026-10-03,1546,N20,VIIRS,n,2.0NRT,289.96,1.82,N,2026-10-04 05:57:05,Sedang
-7.96336,139.0471,307.7,0.45,0.47,2026-10-03,1546,N20,VIIRS,n,2.0NRT,290.24,1.26,N,2026-10-04 05:57:05,Sedang
-7.96313,140.7016,320.24,0.54,0.42,2026-10-03,1546,N20,VIIRS,n,2.0NRT,292.49,2.88,N,2026-10-04 05:57:05,Sedang
-7.96045,139.05606,308.59,0.45,0.47,2026-10-03,1546,N20,VIIRS,n,2.0NRT,290.37,1.88,N,2026-10-04 05:57:05,Sedang
-7.95948,139.08704,303.36,0.45,0.47,2026-10-03,1546,N20,VIIRS,n,2.0NRT,289.75,0.61,N,2026-10-04 05:57:05,Sedang
-7.9534,139.04045,305.09,0.45,0.47,2026-10-03,1546,N20,VIIRS,n,2.0NRT,290.31,1.31,N,2026-10-04 05:57:05,Sedang
-7.95157,138.97725,303.34,0.46,0.47,2026-10-03,1546,N20,VIIRS,n,2.0NRT,289.46,1.17,N,2026-10-04 05:57:05,Sedang
-7.95072,139.79369,302.16,0.4,0.45,2026-10-03,1546,N20,VIIRS,n,2.0NRT,290.37,0.62,N,2026-10-04 05:57:05,Sedang
-7.94969,139.59888,307.62,0.42,0.45,2026-10-03,1546,N20,VIIRS,n,2.0NRT,290.96,1.45,N,2026-10-04 05:57:05,Sedang
-7.94866,138.98625,304.98,0.46,0.47,2026-10-03,1546,N20,VIIRS,n,2.0NRT,289.47,0.9,N,2026-10-04 05:57:05,Sedang
-7.94435,138.98703,304.93,0.46,0.47,2026-10-03,1546,N20,VIIRS,n,2.0NRT,289.92,0.83,N,2026-10-04 05:57:05,Sedang
-7.94335,139.31488,309.48,0.43,0.46,2026-10-03,1546,N20,VIIRS,n,2.0NRT,290.15,1.15,N,2026-10-04 05:57:05,Sedang
-7.93944,140.72557,308.12,0.53,0.42,2026-10-03,1546,N20,VIIRS,n,2.0NRT,292.12,3.91,N,2026-10-04 05:57:05,Sedang
-7.92975,139.485,303.41,0.42,0.45,2026-10-03,1546,N20,VIIRS,n,2.0NRT,290.41,1.16,N,2026-10-04 05:57:05,Sedang
-7.92244,138.00519,301.1,0.53,0.5,2026-10-03,1546,N20,VIIRS,n,2.0NRT,290.02,0.9,N,2026-10-04 05:57:05,Sedang
-7.91567,140.18033,313.87,0.38,0.43,2026-10-03,1546,N20,VIIRS,n,2.0NRT,292.23,1.5,N,2026-10-04 05:57:05,Sedang
-7.90907,139.0399,303.13,0.45,0.47,2026-10-03,1546,N20,VIIRS,n,2.0NRT,289.16,1.02,N,2026-10-04 05:57:05,Sedang
-7.89741,140.74532,304.58,0.53,0.42,2026-10-03,1546,N20,VIIRS,n,2.0NRT,291.91,3.52,N,2026-10-04 05:57:05,Sedang
-7.89103,140.15594,311.79,0.39,0.44,2026-10-03,1546,N20,VIIRS,n,2.0NRT,293.44,1.2,N,2026-10-04 05:57:05,Sedang
-7.88958,140.09854,306.42,0.39,0.44,2026-10-03,1546,N20,VIIRS,n,2.0NRT,291.4,0.96,N,2026-10-04 05:57:05,Sedang
-7.88039,140.7383,303.48,0.53,0.42,2026-10-03,1546,N20,VIIRS,n,2.0NRT,291.17,0.67,N,2026-10-04 05:57:05,Sedang
-7.87197,140.21284,322.1,0.38,0.43,2026-10-03,1546,N20,VIIRS,n,2.0NRT,293.25,2.25,N,2026-10-04 05:57:05,Sedang
-7.86766,140.16357,311.01,0.39,0.44,2026-10-03,1546,N20,VIIRS,n,2.0NRT,292.43,1.18,N,2026-10-04 05:57:05,Sedang
-7.86149,140.69672,303.24,0.54,0.42,2026-10-03,1546,N20,VIIRS,n,2.0NRT,291.77,1.08,N,2026-10-04 05:57:05,Sedang
-7.85908,140.16147,304.86,0.39,0.44,2026-10-03,1546,N20,VIIRS,n,2.0NRT,291.75,1.85,N,2026-10-04 05:57:05,Sedang
-7.85818,140.84084,313.42,0.53,0.42,2026-10-03,1546,N20,VIIRS,n,2.0NRT,291.76,1.95,N,2026-10-04 05:57:05,Sedang
-7.85498,140.58699,312.2,0.55,0.42,2026-10-03,1546,N20,VIIRS,n,2.0NRT,292.46,3.11,N,2026-10-04 05:57:05,Sedang
-7.85449,140.15871,323.86,0.39,0.44,2026-10-03,1546,N20,VIIRS,n,2.0NRT,293.08,2.01,N,2026-10-04 05:57:05,Sedang
-7.8537,140.13007,309.1,0.39,0.44,2026-10-03,1546,N20,VIIRS,n,2.0NRT,292.58,1.05,N,2026-10-04 05:57:05,Sedang
-7.84071,140.15036,304.52,0.39,0.44,2026-10-03,1546,N20,VIIRS,n,2.0NRT,292.41,1.01,N,2026-10-04 05:57:05,Sedang
-7.83913,140.56422,305.17,0.55,0.43,2026-10-03,1546,N20,VIIRS,n,2.0NRT,291.45,1.37,N,2026-10-04 05:57:05,Sedang
-7.81878,140.22615,303.82,0.38,0.43,2026-10-03,1546,N20,VIIRS,n,2.0NRT,291.26,0.43,N,2026-10-04 05:57:05,Sedang
-7.81281,140.14116,310.9,0.39,0.44,2026-10-03,1546,N20,VIIRS,n,2.0NRT,292.05,1.09,N,2026-10-04 05:57:05,Sedang
-7.81168,140.61472,305.81,0.54,0.42,2026-10-03,1546,N20,VIIRS,n,2.0NRT,291.89,1.6,N,2026-10-04 05:57:05,Sedang
-7.80928,140.67059,302.73,0.54,0.42,2026-10-03,1546,N20,VIIRS,n,2.0NRT,291.1,1.09,N,2026-10-04 05:57:05,Sedang
-7.80792,140.68585,307.58,0.54,0.42,2026-10-03,1546,N20,VIIRS,n,2.0NRT,291.33,1.58,N,2026-10-04 05:57:05,Sedang
-7.79975,140.42702,306.48,0.56,0.43,2026-10-03,1546,N20,VIIRS,n,2.0NRT,291.31,1.27,N,2026-10-04 05:57:05,Sedang
-7.79215,140.5007,313.22,0.55,0.43,2026-10-03,1546,N20,VIIRS,n,2.0NRT,291.76,1.48,N,2026-10-04 05:57:05,Sedang
-7.76568,140.91263,307.28,0.52,0.42,2026-10-03,1546,N20,VIIRS,n,2.0NRT,291.5,1.54,N,2026-10-04 05:57:05,Sedang
-7.7655,140.79492,304.37,0.53,0.42,2026-10-03,1546,N20,VIIRS,n,2.0NRT,291.93,1.64,N,2026-10-04 05:57:05,Sedang
-7.75509,140.23718,303.85,0.38,0.43,2026-10-03,1546,N20,VIIRS,n,2.0NRT,291.6,0.47,N,2026-10-04 05:57:05,Sedang
-7.75299,140.99506,303.78,0.52,0.41,2026-10-03,1546,N20,VIIRS,n,2.0NRT,291.43,0.69,N,2026-10-04 05:57:05,Sedang
-7.75184,140.99249,303.89,0.52,0.41,2026-10-03,1546,N20,VIIRS,n,2.0NRT,291.17,0.71,N,2026-10-04 05:57:05,Sedang
-7.74007,140.35562,304.99,0.57,0.43,2026-10-03,1546,N20,VIIRS,n,2.0NRT,291.52,0.9,N,2026-10-04 05:57:05,Sedang
-7.73076,140.37297,303.65,0.56,0.43,2026-10-03,1546,N20,VIIRS,n,2.0NRT,291.52,1.75,N,2026-10-04 05:57:05,Sedang
-7.72767,140.37875,305.18,0.56,0.43,2026-10-03,1546,N20,VIIRS,n,2.0NRT,291.93,1.55,N,2026-10-04 05:57:05,Sedang
-7.72628,140.3947,311.46,0.56,0.43,2026-10-03,1546,N20,VIIRS,n,2.0NRT,291.37,1.49,N,2026-10-04 05:57:05,Sedang
-7.72372,140.37941,308.92,0.56,0.43,2026-10-03,1546,N20,VIIRS,n,2.0NRT,292.58,1.55,N,2026-10-04 05:57:05,Sedang
-7.71569,138.91676,304.67,0.46,0.47,2026-10-03,1546,N20,VIIRS,n,2.0NRT,287.55,3.49,N,2026-10-04 05:57:05,Sedang
-7.71223,140.74704,312.01,0.54,0.42,2026-10-03,1546,N20,VIIRS,n,2.0NRT,291.89,2.49,N,2026-10-04 05:57:05,Sedang
-7.71077,140.76225,310.72,0.54,0.42,2026-10-03,1546,N20,VIIRS,n,2.0NRT,291.6,2.06,N,2026-10-04 05:57:05,Sedang
-7.70517,140.87181,313.24,0.53,0.42,2026-10-03,1546,N20,VIIRS,n,2.0NRT,291.37,1.35,N,2026-10-04 05:57:05,Sedang
-7.70451,140.74835,307.57,0.54,0.42,2026-10-03,1546,N20,VIIRS,n,2.0NRT,291.35,1.84,N,2026-10-04 05:57:05,Sedang
-7.70419,140.76074,305.19,0.54,0.42,2026-10-03,1546,N20,VIIRS,n,2.0NRT,291.68,1.27,N,2026-10-04 05:57:05,Sedang
-7.69366,131.54382,314.42,0.73,0.76,2026-10-03,1546,N20,VIIRS,n,2.0NRT,290.48,2.53,N,2026-10-04 05:57:05,Sedang
-7.68888,140.24501,307.8,0.38,0.43,2026-10-03,1546,N20,VIIRS,n,2.0NRT,291.58,0.96,N,2026-10-04 05:57:05,Sedang
-7.68656,140.6154,304.74,0.55,0.42,2026-10-03,1546,N20,VIIRS,n,2.0NRT,291.56,1.78,N,2026-10-04 05:57:05,Sedang
-7.68602,140.87514,303.49,0.53,0.42,2026-10-03,1546,N20,VIIRS,n,2.0NRT,291.16,0.82,N,2026-10-04 05:57:05,Sedang
-7.68367,140.61845,309.5,0.55,0.42,2026-10-03,1546,N20,VIIRS,n,2.0NRT,291.79,2.57,N,2026-10-04 05:57:05,Sedang
-7.67283,140.65329,311.6,0.54,0.42,2026-10-03,1546,N20,VIIRS,n,2.0NRT,291.77,2.01,N,2026-10-04 05:57:05,Sedang
-7.64729,140.66779,309.58,0.54,0.42,2026-10-03,1546,N20,VIIRS,n,2.0NRT,292.13,2.02,N,2026-10-04 05:57:05,Sedang
-7.64506,140.67828,311.19,0.54,0.42,2026-10-03,1546,N20,VIIRS,n,2.0NRT,291.53,1.64,N,2026-10-04 05:57:05,Sedang
-7.64423,140.67336,312.64,0.54,0.42,2026-10-03,1546,N20,VIIRS,n,2.0NRT,291.95,1.64,N,2026-10-04 05:57:05,Sedang
-7.6415,140.63333,324.28,0.55,0.42,2026-10-03,1546,N20,VIIRS,n,2.0NRT,293.16,4.82,N,2026-10-04 05:57:05,Sedang
-7.64118,140.67894,305.62,0.54,0.42,2026-10-03,1546,N20,VIIRS,n,2.0NRT,292.36,1.64,N,2026-10-04 05:57:05,Sedang
-7.63398,140.65994,306.51,0.54,0.42,2026-10-03,1546,N20,VIIRS,n,2.0NRT,292.12,1.85,N,2026-10-04 05:57:05,Sedang
-7.63232,140.65012,313.1,0.55,0.42,2026-10-03,1546,N20,VIIRS,n,2.0NRT,291.65,1.67,N,2026-10-04 05:57:05,Sedang
-7.63205,140.6248,305.18,0.55,0.42,2026-10-03,1546,N20,VIIRS,n,2.0NRT,292.21,1.95,N,2026-10-04 05:57:05,Sedang
-7.62704,140.66618,313.4,0.54,0.42,2026-10-03,1546,N20,VIIRS,n,2.0NRT,292.21,2.52,N,2026-10-04 05:57:05,Sedang
-7.62313,140.59572,319.06,0.55,0.43,2026-10-03,1546,N20,VIIRS,n,2.0NRT,292.08,2.22,N,2026-10-04 05:57:05,Sedang
-7.58123,139.55879,301.17,0.42,0.46,2026-10-03,1546,N20,VIIRS,n,2.0NRT,289.71,0.92,N,2026-10-04 05:57:05,Sedang
-7.5459,140.85201,303.72,0.53,0.42,2026-10-03,1546,N20,VIIRS,n,2.0NRT,291.01,0.63,N,2026-10-04 05:57:05,Sedang
-7.49768,140.49571,308.35,0.56,0.43,2026-10-03,1546,N20,VIIRS,n,2.0NRT,292,1.64,N,2026-10-04 05:57:05,Sedang
-7.49683,140.49065,307.14,0.56,0.43,2026-10-03,1546,N20,VIIRS,n,2.0NRT,291.77,1.64,N,2026-10-04 05:57:05,Sedang
-7.49422,140.78142,303.5,0.54,0.42,2026-10-03,1546,N20,VIIRS,n,2.0NRT,290.78,1.04,N,2026-10-04 05:57:05,Sedang
-7.49153,140.77365,308.28,0.54,0.42,2026-10-03,1546,N20,VIIRS,n,2.0NRT,291.42,2.18,N,2026-10-04 05:57:05,Sedang
-7.48587,140.49768,304.9,0.56,0.43,2026-10-03,1546,N20,VIIRS,n,2.0NRT,291.24,1.65,N,2026-10-04 05:57:05,Sedang
-7.475,140.26465,302.13,0.39,0.44,2026-10-03,1546,N20,VIIRS,n,2.0NRT,290.62,0.58,N,2026-10-04 05:57:05,Sedang
-7.46678,139.92166,325.71,0.4,0.45,2026-10-03,1546,N20,VIIRS,n,2.0NRT,290.1,1.69,N,2026-10-04 05:57:05,Sedang
-7.46395,139.92963,306.37,0.4,0.44,2026-10-03,1546,N20,VIIRS,n,2.0NRT,290.81,0.84,N,2026-10-04 05:57:05,Sedang
-7.46269,139.92235,310.84,0.4,0.45,2026-10-03,1546,N20,VIIRS,n,2.0NRT,290.81,1.69,N,2026-10-04 05:57:05,Sedang
-7.45961,140.27078,302.84,0.38,0.44,2026-10-03,1546,N20,VIIRS,n,2.0NRT,290.54,0.79,N,2026-10-04 05:57:05,Sedang
-7.45681,140.08281,303.17,0.4,0.44,2026-10-03,1546,N20,VIIRS,n,2.0NRT,291.03,1.01,N,2026-10-04 05:57:05,Sedang
-7.44732,140.67543,305.31,0.55,0.42,2026-10-03,1546,N20,VIIRS,n,2.0NRT,291.16,0.81,N,2026-10-04 05:57:05,Sedang
-7.41927,139.29587,315.89,0.44,0.46,2026-10-03,1546,N20,VIIRS,n,2.0NRT,289.01,1.83,N,2026-10-04 05:57:05,Sedang
-7.41331,139.07852,297.64,0.46,0.47,2026-10-03,1546,N20,VIIRS,n,2.0NRT,287.06,2.11,N,2026-10-04 05:57:05,Sedang
-7.41076,139.29735,306.61,0.44,0.46,2026-10-03,1546,N20,VIIRS,n,2.0NRT,288.49,1.84,N,2026-10-04 05:57:05,Sedang
-7.39778,140.25592,305.14,0.39,0.44,2026-10-03,1546,N20,VIIRS,n,2.0NRT,291.31,1.37,N,2026-10-04 05:57:05,Sedang
-7.3972,140.25243,309.58,0.39,0.44,2026-10-03,1546,N20,VIIRS,n,2.0NRT,291.01,1.84,N,2026-10-04 05:57:05,Sedang
-7.39611,140.6333,331.02,0.55,0.43,2026-10-03,1546,N20,VIIRS,n,2.0NRT,292.07,3.9,N,2026-10-04 05:57:05,Sedang
-7.3941,140.59775,309.57,0.55,0.43,2026-10-03,1546,N20,VIIRS,n,2.0NRT,291.5,1.96,N,2026-10-04 05:57:05,Sedang
-7.3932,140.78053,331.39,0.54,0.42,2026-10-03,1546,N20,VIIRS,n,2.0NRT,290.73,4.2,N,2026-10-04 05:57:05,Sedang
-7.3892,140.25381,304.09,0.39,0.44,2026-10-03,1546,N20,VIIRS,n,2.0NRT,290.9,0.62,N,2026-10-04 05:57:05,Sedang
-7.38703,140.29005,323.45,0.38,0.44,2026-10-03,1546,N20,VIIRS,n,2.0NRT,291.2,2.35,N,2026-10-04 05:57:05,Sedang
-7.37992,140.7728,304.35,0.54,0.42,2026-10-03,1546,N20,VIIRS,n,2.0NRT,290.86,1.26,N,2026-10-04 05:57:05,Sedang
-7.3574,140.45334,303.89,0.56,0.43,2026-10-03,1546,N20,VIIRS,n,2.0NRT,290.11,1.56,N,2026-10-04 05:57:05,Sedang
-7.34288,140.60324,305.6,0.55,0.43,2026-10-03,1546,N20,VIIRS,n,2.0NRT,291.14,0.97,N,2026-10-04 05:57:05,Sedang
-7.31071,140.67538,316.66,0.55,0.43,2026-10-03,1546,N20,VIIRS,n,2.0NRT,290.47,6.48,N,2026-10-04 05:57:05,Sedang
-7.29932,140.43884,305.41,0.57,0.43,2026-10-03,1546,N20,VIIRS,n,2.0NRT,290.6,1.27,N,2026-10-04 05:57:05,Sedang
-7.29356,140.5497,315.15,0.56,0.43,2026-10-03,1546,N20,VIIRS,n,2.0NRT,291.03,2.59,N,2026-10-04 05:57:05,Sedang
-7.27554,139.62555,312.44,0.42,0.46,2026-10-03,1546,N20,VIIRS,n,2.0NRT,287.02,1.35,N,2026-10-04 05:57:05,Sedang
-7.20456,140.76201,305.31,0.54,0.42,2026-10-03,1546,N20,VIIRS,n,2.0NRT,289.34,1.94,N,2026-10-04 05:57:05,Sedang
-7.19208,140.75909,302.74,0.54,0.42,2026-10-03,1546,N20,VIIRS,n,2.0NRT,289.34,1.42,N,2026-10-04 05:57:05,Sedang
-7.18265,140.56068,307.21,0.56,0.43,2026-10-03,1546,N20,VIIRS,n,2.0NRT,290.36,1.2,N,2026-10-04 05:57:05,Sedang
-7.13142,140.99547,309.38,0.53,0.42,2026-10-03,1546,N20,VIIRS,n,2.0NRT,291.07,1.94,N,2026-10-04 05:57:05,Sedang
-7.1273,139.95969,304.57,0.41,0.45,2026-10-03,1546,N20,VIIRS,n,2.0NRT,291.09,0.71,N,2026-10-04 05:57:05,Sedang
-7.11428,139.66866,317,0.42,0.46,2026-10-03,1546,N20,VIIRS,n,2.0NRT,290.49,2.43,N,2026-10-04 05:57:05,Sedang
-7.05242,140.11081,305.86,0.4,0.44,2026-10-03,1546,N20,VIIRS,n,2.0NRT,290.81,1.07,N,2026-10-04 05:57:05,Sedang
-7.05111,140.20309,304.43,0.39,0.44,2026-10-03,1546,N20,VIIRS,n,2.0NRT,290.76,0.61,N,2026-10-04 05:57:05,Sedang
-7.0437,140.10858,303.94,0.4,0.44,2026-10-03,1546,N20,VIIRS,n,2.0NRT,290.05,0.92,N,2026-10-04 05:57:05,Sedang
-7.0304,140.97104,310.92,0.53,0.42,2026-10-03,1546,N20,VIIRS,n,2.0NRT,290.66,2.05,N,2026-10-04 05:57:05,Sedang
-7.03018,140.17734,303.54,0.4,0.44,2026-10-03,1546,N20,VIIRS,n,2.0NRT,289.99,0.54,N,2026-10-04 05:57:05,Sedang
-7.02107,140.19731,304.44,0.39,0.44,2026-10-03,1546,N20,VIIRS,n,2.0NRT,290.33,0.9,N,2026-10-04 05:57:05,Sedang
-7.00172,139.51991,304.01,0.44,0.46,2026-10-03,1546,N20,VIIRS,n,2.0NRT,289.92,0.64,N,2026-10-04 05:57:05,Sedang
-6.98671,140.16641,318.79,0.4,0.44,2026-10-03,1546,N20,VIIRS,n,2.0NRT,289.58,1.51,N,2026-10-04 05:57:05,Sedang
-6.96888,140.91217,304.01,0.54,0.42,2026-10-03,1546,N20,VIIRS,n,2.0NRT,290.92,1.09,N,2026-10-04 05:57:05,Sedang
-6.96667,140.2433,312.79,0.39,0.44,2026-10-03,1546,N20,VIIRS,n,2.0NRT,290.86,1.4,N,2026-10-04 05:57:05,Sedang
-6.94108,140.9677,309.5,0.53,0.42,2026-10-03,1546,N20,VIIRS,n,2.0NRT,290.96,1.56,N,2026-10-04 05:57:05,Sedang
-6.92049,139.42262,303.27,0.44,0.46,2026-10-03,1546,N20,VIIRS,n,2.0NRT,290.34,0.87,N,2026-10-04 05:57:05,Sedang
-6.90677,140.66512,312.08,0.56,0.43,2026-10-03,1546,N20,VIIRS,n,2.0NRT,291.47,1.34,N,2026-10-04 05:57:05,Sedang
-6.90374,140.9342,321.98,0.54,0.42,2026-10-03,1546,N20,VIIRS,n,2.0NRT,290.88,1.7,N,2026-10-04 05:57:05,Sedang
-6.90285,140.66579,306.51,0.56,0.43,2026-10-03,1546,N20,VIIRS,n,2.0NRT,291.74,1.34,N,2026-10-04 05:57:05,Sedang
-6.89416,140.66212,305.73,0.56,0.43,2026-10-03,1546,N20,VIIRS,n,2.0NRT,291.35,1.69,N,2026-10-04 05:57:05,Sedang
-6.87984,140.64899,305.28,0.56,0.43,2026-10-03,1546,N20,VIIRS,n,2.0NRT,291.15,1.13,N,2026-10-04 05:57:05,Sedang
-6.87328,140.56136,304.36,0.57,0.43,2026-10-03,1546,N20,VIIRS,n,2.0NRT,291.29,3.89,N,2026-10-04 05:57:05,Sedang
-6.80001,139.90884,306.53,0.41,0.45,2026-10-03,1546,N20,VIIRS,n,2.0NRT,291.22,1.5,N,2026-10-04 05:57:05,Sedang
-6.79696,139.90385,305.89,0.42,0.45,2026-10-03,1546,N20,VIIRS,n,2.0NRT,290.92,1.51,N,2026-10-04 05:57:05,Sedang
-6.79654,140.82457,329.07,0.55,0.42,2026-10-03,1546,N20,VIIRS,n,2.0NRT,291.06,3.87,N,2026-10-04 05:57:05,Sedang
-6.79283,139.9046,304.58,0.42,0.45,2026-10-03,1546,N20,VIIRS,n,2.0NRT,291.22,1.51,N,2026-10-04 05:57:05,Sedang
-6.78486,140.82655,317.57,0.55,0.42,2026-10-03,1546,N20,VIIRS,n,2.0NRT,291.32,2.4,N,2026-10-04 05:57:05,Sedang
-6.78272,140.69389,305.5,0.56,0.43,2026-10-03,1546,N20,VIIRS,n,2.0NRT,290.76,1.13,N,2026-10-04 05:57:05,Sedang
-6.76755,140.95992,303.31,0.54,0.42,2026-10-03,1546,N20,VIIRS,n,2.0NRT,290.64,1.08,N,2026-10-04 05:57:05,Sedang
-6.76369,140.96057,306.83,0.54,0.42,2026-10-03,1546,N20,VIIRS,n,2.0NRT,291.24,1.08,N,2026-10-04 05:57:05,Sedang
-6.76115,140.73354,332.14,0.55,0.43,2026-10-03,1546,N20,VIIRS,n,2.0NRT,291.57,3.12,N,2026-10-04 05:57:05,Sedang
-6.75586,140.55763,306.16,0.57,0.43,2026-10-03,1546,N20,VIIRS,n,2.0NRT,290.67,2.1,N,2026-10-04 05:57:05,Sedang
-6.75189,140.55829,303.04,0.57,0.43,2026-10-03,1546,N20,VIIRS,n,2.0NRT,289.99,2.1,N,2026-10-04 05:57:05,Sedang
-6.72671,140.88876,317.97,0.54,0.42,2026-10-03,1546,N20,VIIRS,n,2.0NRT,290.71,2.6,N,2026-10-04 05:57:05,Sedang
-6.72502,140.75693,304.76,0.55,0.43,2026-10-03,1546,N20,VIIRS,n,2.0NRT,290.88,1.33,N,2026-10-04 05:57:05,Sedang
-6.72452,140.75505,311.86,0.55,0.43,2026-10-03,1546,N20,VIIRS,n,2.0NRT,291.64,2.5,N,2026-10-04 05:57:05,Sedang
-6.7242,140.75192,311.86,0.55,0.43,2026-10-03,1546,N20,VIIRS,n,2.0NRT,291.04,1.33,N,2026-10-04 05:57:05,Sedang
-6.71883,140.7682,311.2,0.55,0.43,2026-10-03,1546,N20,VIIRS,n,2.0NRT,290.89,1.15,N,2026-10-04 05:57:05,Sedang
-6.71219,140.92143,312.1,0.54,0.42,2026-10-03,1546,N20,VIIRS,n,2.0NRT,291.33,2.18,N,2026-10-04 05:57:05,Sedang
-6.70771,140.94232,306.78,0.54,0.42,2026-10-03,1546,N20,VIIRS,n,2.0NRT,291.39,2.18,N,2026-10-04 05:57:05,Sedang
-6.70462,140.75526,305.3,0.55,0.43,2026-10-03,1546,N20,VIIRS,n,2.0NRT,291.24,1.64,N,2026-10-04 05:57:05,Sedang
-6.70139,140.9283,310.55,0.54,0.42,2026-10-03,1546,N20,VIIRS,n,2.0NRT,291.42,1.67,N,2026-10-04 05:57:05,Sedang
-6.70056,140.9234,305.13,0.54,0.42,2026-10-03,1546,N20,VIIRS,n,2.0NRT,291.06,0.96,N,2026-10-04 05:57:05,Sedang
-6.69259,140.8996,304.25,0.54,0.42,2026-10-03,1546,N20,VIIRS,n,2.0NRT,290.27,0.62,N,2026-10-04 05:57:05,Sedang
-6.68479,140.73296,308.86,0.56,0.43,2026-10-03,1546,N20,VIIRS,n,2.0NRT,289.52,3.97,N,2026-10-04 05:57:05,Sedang
-6.65064,140.76961,306.71,0.55,0.43,2026-10-03,1546,N20,VIIRS,n,2.0NRT,291.16,3.18,N,2026-10-04 05:57:05,Sedang
-6.62832,140.804,317.5,0.55,0.43,2026-10-03,1546,N20,VIIRS,n,2.0NRT,291.57,2.59,N,2026-10-04 05:57:05,Sedang
-6.60452,140.73361,310.45,0.56,0.43,2026-10-03,1546,N20,VIIRS,n,2.0NRT,290.98,4.08,N,2026-10-04 05:57:05,Sedang
-6.60148,138.815,302.47,0.49,0.49,2026-10-03,1546,N20,VIIRS,n,2.0NRT,289.59,2.95,N,2026-10-04 05:57:05,Sedang
-6.56879,140.85741,310.79,0.55,0.43,2026-10-03,1546,N20,VIIRS,n,2.0NRT,291.15,1.85,N,2026-10-04 05:57:05,Sedang
-6.5649,140.85808,319.03,0.55,0.43,2026-10-03,1546,N20,VIIRS,n,2.0NRT,291.1,2.64,N,2026-10-04 05:57:05,Sedang
-6.56299,140.82291,313.12,0.55,0.43,2026-10-03,1546,N20,VIIRS,n,2.0NRT,291.88,4.3,N,2026-10-04 05:57:05,Sedang
-6.56236,140.91418,305.73,0.54,0.42,2026-10-03,1546,N20,VIIRS,n,2.0NRT,291.52,3.07,N,2026-10-04 05:57:05,Sedang
-6.50417,139.17387,301.08,0.47,0.48,2026-10-03,1546,N20,VIIRS,n,2.0NRT,289.47,1,N,2026-10-04 05:57:05,Sedang
-6.46386,140.90257,309.21,0.55,0.42,2026-10-03,1546,N20,VIIRS,n,2.0NRT,290.02,1.02,N,2026-10-04 05:57:05,Sedang
-6.45386,138.5509,303.14,0.51,0.5,2026-10-03,1546,N20,VIIRS,n,2.0NRT,286.77,1.13,N,2026-10-04 05:57:05,Sedang
-6.448,140.80841,304.61,0.55,0.43,2026-10-03,1546,N20,VIIRS,n,2.0NRT,291.45,3.56,N,2026-10-04 05:57:05,Sedang
-6.44438,140.83464,308.54,0.55,0.43,2026-10-03,1546,N20,VIIRS,n,2.0NRT,291.35,2.55,N,2026-10-04 05:57:05,Sedang
-6.40889,140.88818,308.33,0.55,0.43,2026-10-03,1546,N20,VIIRS,n,2.0NRT,291.11,1.37,N,2026-10-04 05:57:05,Sedang
-6.35625,140.86139,315.87,0.55,0.43,2026-10-03,1546,N20,VIIRS,n,2.0NRT,291.5,2.08,N,2026-10-04 05:57:05,Sedang
-3.93669,137.6507,299.61,0.33,0.55,2026-10-03,1546,N20,VIIRS,n,2.0NRT,281.32,0.75,N,2026-10-04 05:57:05,Sedang
-3.48281,133.71149,349.62,0.62,0.71,2026-10-03,1546,N20,VIIRS,n,2.0NRT,292.61,6.72,N,2026-10-04 05:57:05,Sedang
-3.35975,134.04468,320.59,0.59,0.7,2026-10-03,1546,N20,VIIRS,n,2.0NRT,290.63,2.44,N,2026-10-04 05:57:05,Sedang
-3.35185,133.88333,320.37,0.61,0.71,2026-10-03,1546,N20,VIIRS,n,2.0NRT,290.96,2.87,N,2026-10-04 05:57:05,Sedang
-3.31463,133.89914,303.72,0.6,0.71,2026-10-03,1546,N20,VIIRS,n,2.0NRT,290.89,3.25,N,2026-10-04 05:57:05,Sedang
-3.30556,133.92484,313.01,0.6,0.71,2026-10-03,1546,N20,VIIRS,n,2.0NRT,290.63,1.97,N,2026-10-04 05:57:05,Sedang
-3.30191,133.86555,313.29,0.61,0.71,2026-10-03,1546,N20,VIIRS,n,2.0NRT,291.27,1.38,N,2026-10-04 05:57:05,Sedang
-3.29884,133.92427,307.01,0.6,0.71,2026-10-03,1546,N20,VIIRS,n,2.0NRT,290.64,2.17,N,2026-10-04 05:57:05,Sedang
0.40388,123.25045,305.79,0.41,0.37,2026-10-03,1724,N20,VIIRS,n,2.0NRT,293.57,0.76,N,2026-10-04 05:57:05,Sedang
0.48999,127.98101,319.46,0.48,0.48,2026-10-03,1724,N20,VIIRS,n,2.0NRT,268.95,2.17,N,2026-10-04 05:57:05,Sedang
0.56601,122.03462,304.26,0.39,0.36,2026-10-03,1724,N20,VIIRS,n,2.0NRT,293.22,0.8,N,2026-10-04 05:57:05,Sedang
0.58219,121.84716,310.2,0.38,0.36,2026-10-03,1724,N20,VIIRS,n,2.0NRT,293.75,1.22,N,2026-10-04 05:57:05,Sedang
0.59983,121.86401,305.06,0.38,0.36,2026-10-03,1724,N20,VIIRS,n,2.0NRT,293.28,0.62,N,2026-10-04 05:57:05,Sedang
0.62708,127.91398,295.28,0.48,0.48,2026-10-03,1724,N20,VIIRS,n,2.0NRT,268.59,1.11,N,2026-10-04 05:57:05,Sedang
0.63387,123.10573,306.27,0.4,0.37,2026-10-03,1724,N20,VIIRS,n,2.0NRT,293.42,0.88,N,2026-10-04 05:57:05,Sedang
0.66655,123.03004,308.4,0.4,0.37,2026-10-03,1724,N20,VIIRS,n,2.0NRT,294.09,0.82,N,2026-10-04 05:57:05,Sedang
0.71583,123.62791,303.91,0.42,0.37,2026-10-03,1724,N20,VIIRS,n,2.0NRT,290.74,1.1,N,2026-10-04 05:57:05,Sedang
0.71686,123.64279,305.45,0.42,0.37,2026-10-03,1724,N20,VIIRS,n,2.0NRT,291.85,1.15,N,2026-10-04 05:57:05,Sedang
0.72373,121.96114,323.51,0.38,0.36,2026-10-03,1724,N20,VIIRS,n,2.0NRT,293.4,2.49,N,2026-10-04 05:57:05,Sedang
0.7245,123.61715,303.85,0.41,0.37,2026-10-03,1724,N20,VIIRS,n,2.0NRT,289.58,0.94,N,2026-10-04 05:57:05,Sedang
0.75469,123.95915,308.1,0.43,0.38,2026-10-03,1724,N20,VIIRS,n,2.0NRT,292.17,0.81,N,2026-10-04 05:57:05,Sedang
0.75526,123.95556,304.49,0.43,0.38,2026-10-03,1724,N20,VIIRS,n,2.0NRT,292.58,0.81,N,2026-10-04 05:57:05,Sedang
0.76676,122.91093,308.82,0.4,0.37,2026-10-03,1724,N20,VIIRS,n,2.0NRT,295.16,0.71,N,2026-10-04 05:57:05,Sedang
0.77376,123.95064,309.18,0.43,0.38,2026-10-03,1724,N20,VIIRS,n,2.0NRT,293.23,0.93,N,2026-10-04 05:57:05,Sedang
0.78517,123.54395,305.14,0.41,0.37,2026-10-03,1724,N20,VIIRS,n,2.0NRT,282.04,1.43,N,2026-10-04 05:57:05,Sedang
0.78555,124.60978,302.21,0.45,0.39,2026-10-03,1724,N20,VIIRS,n,2.0NRT,283.43,0.78,N,2026-10-04 05:57:05,Sedang
0.78565,123.56297,302.4,0.41,0.37,2026-10-03,1724,N20,VIIRS,n,2.0NRT,281.87,0.73,N,2026-10-04 05:57:05,Sedang
0.79417,123.55331,302,0.41,0.37,2026-10-03,1724,N20,VIIRS,n,2.0NRT,280.91,0.79,N,2026-10-04 05:57:05,Sedang
0.82282,123.70445,313.17,0.42,0.37,2026-10-03,1724,N20,VIIRS,n,2.0NRT,290.56,1.42,N,2026-10-04 05:57:05,Sedang
0.83031,122.97852,307.44,0.4,0.37,2026-10-03,1724,N20,VIIRS,n,2.0NRT,294.58,0.94,N,2026-10-04 05:57:05,Sedang
0.83683,123.72652,305.01,0.42,0.37,2026-10-03,1724,N20,VIIRS,n,2.0NRT,287.83,0.79,N,2026-10-04 05:57:05,Sedang
0.84203,122.99122,309.83,0.4,0.37,2026-10-03,1724,N20,VIIRS,n,2.0NRT,295.04,1.39,N,2026-10-04 05:57:05,Sedang
0.84367,124.10737,303.02,0.43,0.38,2026-10-03,1724,N20,VIIRS,n,2.0NRT,281.33,0.79,N,2026-10-04 05:57:05,Sedang
0.84458,123.41081,304.83,0.41,0.37,2026-10-03,1724,N20,VIIRS,n,2.0NRT,293.17,1.19,N,2026-10-04 05:57:05,Sedang
0.84739,123.41502,306.23,0.41,0.37,2026-10-03,1724,N20,VIIRS,n,2.0NRT,293.08,0.81,N,2026-10-04 05:57:05,Sedang
0.84851,123.40795,312.11,0.41,0.37,2026-10-03,1724,N20,VIIRS,n,2.0NRT,294.22,1.19,N,2026-10-04 05:57:05,Sedang
0.85106,127.32477,306.74,0.43,0.46,2026-10-03,1724,N20,VIIRS,n,2.0NRT,289.84,1.03,N,2026-10-04 05:57:05,Sedang
0.85361,124.41243,299.36,0.44,0.39,2026-10-03,1724,N20,VIIRS,n,2.0NRT,285.19,0.41,N,2026-10-04 05:57:05,Sedang
0.8765,121.44746,310.51,0.38,0.36,2026-10-03,1724,N20,VIIRS,n,2.0NRT,293.9,1.36,N,2026-10-04 05:57:05,Sedang
0.87708,121.46515,313.21,0.38,0.36,2026-10-03,1724,N20,VIIRS,n,2.0NRT,293.77,1.62,N,2026-10-04 05:57:05,Sedang
0.88976,121.47065,306.43,0.38,0.36,2026-10-03,1724,N20,VIIRS,n,2.0NRT,294.66,1.3,N,2026-10-04 05:57:05,Sedang
0.8909,120.84085,305.36,0.39,0.36,2026-10-03,1724,N20,VIIRS,n,2.0NRT,292.09,0.54,N,2026-10-04 05:57:05,Sedang
0.90045,122.43305,304.05,0.39,0.36,2026-10-03,1724,N20,VIIRS,n,2.0NRT,291.81,1.17,N,2026-10-04 05:57:05,Sedang
0.9076,122.43084,303.36,0.39,0.36,2026-10-03,1724,N20,VIIRS,n,2.0NRT,292.38,1.06,N,2026-10-04 05:57:05,Sedang
0.91249,122.63474,313.98,0.39,0.36,2026-10-03,1724,N20,VIIRS,n,2.0NRT,294.92,1.64,N,2026-10-04 05:57:05,Sedang
0.91611,121.43251,308.75,0.38,0.36,2026-10-03,1724,N20,VIIRS,n,2.0NRT,293.45,1.39,N,2026-10-04 05:57:05,Sedang
0.91887,121.43648,310.55,0.38,0.36,2026-10-03,1724,N20,VIIRS,n,2.0NRT,294.12,0.98,N,2026-10-04 05:57:05,Sedang
0.9245,121.50774,307.9,0.38,0.36,2026-10-03,1724,N20,VIIRS,n,2.0NRT,293.69,1.06,N,2026-10-04 05:57:05,Sedang
0.93585,121.39336,307.23,0.38,0.36,2026-10-03,1724,N20,VIIRS,n,2.0NRT,293.2,1.12,N,2026-10-04 05:57:05,Sedang
0.94483,121.48627,304.46,0.38,0.36,2026-10-03,1724,N20,VIIRS,n,2.0NRT,293.81,0.82,N,2026-10-04 05:57:05,Sedang
0.94593,121.47938,318.55,0.38,0.36,2026-10-03,1724,N20,VIIRS,n,2.0NRT,293.62,1.56,N,2026-10-04 05:57:05,Sedang
0.9598,122.29421,327,0.39,0.36,2026-10-03,1724,N20,VIIRS,n,2.0NRT,296.19,1.14,N,2026-10-04 05:57:05,Sedang
0.96151,122.30485,303.12,0.39,0.36,2026-10-03,1724,N20,VIIRS,n,2.0NRT,292.81,0.64,N,2026-10-04 05:57:05,Sedang
0.98122,124.36197,308.4,0.44,0.38,2026-10-03,1724,N20,VIIRS,n,2.0NRT,294.67,1.39,N,2026-10-04 05:57:05,Sedang
0.9912,121.56013,307.15,0.38,0.36,2026-10-03,1724,N20,VIIRS,n,2.0NRT,292.89,0.82,N,2026-10-04 05:57:05,Sedang
1.01796,122.11987,315.48,0.39,0.36,2026-10-03,1724,N20,VIIRS,n,2.0NRT,294.06,1.42,N,2026-10-04 05:57:05,Sedang
1.07484,121.2245,309.71,0.39,0.36,2026-10-03,1724,N20,VIIRS,n,2.0NRT,292.77,0.81,N,2026-10-04 05:57:05,Sedang
1.1413,124.65253,300.98,0.45,0.39,2026-10-03,1724,N20,VIIRS,n,2.0NRT,285.89,0.73,N,2026-10-04 05:57:05,Sedang
1.31515,117.57876,316.14,0.53,0.42,2026-10-03,1724,N20,VIIRS,n,2.0NRT,288.04,3.83,N,2026-10-04 05:57:05,Sedang
1.32048,117.56989,302.98,0.53,0.42,2026-10-03,1724,N20,VIIRS,n,2.0NRT,288.42,3.21,N,2026-10-04 05:57:05,Sedang
1.3863,127.87491,307.58,0.46,0.47,2026-10-03,1724,N20,VIIRS,n,2.0NRT,289.64,1.17,N,2026-10-04 05:57:05,Sedang
1.39759,124.8447,299.07,0.46,0.39,2026-10-03,1724,N20,VIIRS,n,2.0NRT,275.22,0.8,N,2026-10-04 05:57:05,Sedang
1.41486,127.72541,309.04,0.45,0.47,2026-10-03,1724,N20,VIIRS,n,2.0NRT,286.67,1.28,N,2026-10-04 05:57:05,Sedang
1.48186,117.20918,303.55,0.56,0.43,2026-10-03,1724,N20,VIIRS,n,2.0NRT,281.9,1.83,N,2026-10-04 05:57:05,Sedang
1.49423,127.63643,315.87,0.44,0.46,2026-10-03,1724,N20,VIIRS,n,2.0NRT,281.09,6.75,N,2026-10-04 05:57:05,Sedang
1.59887,118.08666,305.16,0.5,0.41,2026-10-03,1724,N20,VIIRS,n,2.0NRT,275.77,1.14,N,2026-10-04 05:57:05,Sedang
1.60043,118.08481,302.32,0.5,0.41,2026-10-03,1724,N20,VIIRS,n,2.0NRT,275.1,1.41,N,2026-10-04 05:57:05,Sedang
1.89379,127.78904,305.14,0.45,0.47,2026-10-03,1724,N20,VIIRS,n,2.0NRT,267.68,0.81,N,2026-10-04 05:57:05,Sedang
2.78049,125.4092,325.02,0.47,0.4,2026-10-03,1724,N20,VIIRS,n,2.0NRT,285.81,2.74,N,2026-10-04 05:57:05,Sedang
3.28111,113.07053,305.69,0.37,0.58,2026-10-03,1724,N20,VIIRS,n,2.0NRT,264.68,2.33,N,2026-10-04 05:57:05,Sedang
3.28498,113.08131,327.24,0.37,0.58,2026-10-03,1724,N20,VIIRS,n,2.0NRT,264.21,1.64,N,2026-10-04 05:57:05,Sedang
3.28549,113.07792,304.85,0.37,0.58,2026-10-03,1724,N20,VIIRS,n,2.0NRT,263.73,1.64,N,2026-10-04 05:57:05,Sedang
3.28984,113.08544,295.37,0.37,0.58,2026-10-03,1724,N20,VIIRS,n,2.0NRT,264.9,2.85,N,2026-10-04 05:57:05,Sedang
4.66517,114.46124,301.47,0.63,0.54,2026-10-03,1724,N20,VIIRS,n,2.0NRT,282.5,4.75,N,2026-10-04 05:57:05,Sedang
5.22316,120.07394,308.99,0.44,0.38,2026-10-03,1724,N20,VIIRS,n,2.0NRT,287.21,0.93,N,2026-10-04 05:57:05,Sedang
-5.21316,119.88567,299.06,0.39,0.36,2026-10-03,1726,N20,VIIRS,n,2.0NRT,287.56,0.75,N,2026-10-04 05:57:05,Sedang
-4.9873,120.1966,298.98,0.38,0.36,2026-10-03,1726,N20,VIIRS,n,2.0NRT,286.46,0.71,N,2026-10-04 05:57:05,Sedang
-4.90662,120.16028,297.72,0.38,0.36,2026-10-03,1726,N20,VIIRS,n,2.0NRT,284.72,0.98,N,2026-10-04 05:57:05,Sedang
-4.87322,122.17027,301.25,0.41,0.37,2026-10-03,1726,N20,VIIRS,n,2.0NRT,280.65,0.42,N,2026-10-04 05:57:05,Sedang
-4.82021,119.57316,307.97,0.39,0.36,2026-10-03,1726,N20,VIIRS,n,2.0NRT,296.16,0.68,N,2026-10-04 05:57:05,Sedang
-4.67002,121.85261,302.55,0.4,0.37,2026-10-03,1726,N20,VIIRS,n,2.0NRT,277.81,0.57,N,2026-10-04 05:57:05,Sedang
-4.58391,121.55701,303.72,0.39,0.36,2026-10-03,1726,N20,VIIRS,n,2.0NRT,272.85,0.7,N,2026-10-04 05:57:05,Sedang
-4.55457,119.95379,312.05,0.39,0.36,2026-10-03,1726,N20,VIIRS,n,2.0NRT,286.97,0.6,N,2026-10-04 05:57:05,Sedang
-4.50447,121.76517,307.44,0.4,0.37,2026-10-03,1726,N20,VIIRS,n,2.0NRT,281.7,1.24,N,2026-10-04 05:57:05,Sedang
-4.42859,121.67529,301.56,0.39,0.37,2026-10-03,1726,N20,VIIRS,n,2.0NRT,281.66,0.49,N,2026-10-04 05:57:05,Sedang
-4.30334,119.84818,303.4,0.39,0.36,2026-10-03,1726,N20,VIIRS,n,2.0NRT,291.75,0.62,N,2026-10-04 05:57:05,Sedang
-4.16791,119.8307,306.21,0.39,0.36,2026-10-03,1726,N20,VIIRS,n,2.0NRT,291.36,0.65,N,2026-10-04 05:57:05,Sedang
-4.0657,122.56366,299.07,0.42,0.37,2026-10-03,1726,N20,VIIRS,n,2.0NRT,278.26,0.46,N,2026-10-04 05:57:05,Sedang
-3.99078,119.72231,316.94,0.39,0.36,2026-10-03,1726,N20,VIIRS,n,2.0NRT,291.63,0.76,N,2026-10-04 05:57:05,Sedang
-3.90233,122.41492,320.99,0.41,0.37,2026-10-03,1726,N20,VIIRS,n,2.0NRT,284.66,1.73,N,2026-10-04 05:57:05,Sedang
-3.87396,122.38931,303.96,0.41,0.37,2026-10-03,1726,N20,VIIRS,n,2.0NRT,282.87,1.03,N,2026-10-04 05:57:05,Sedang
-3.8724,116.25069,310.57,0.54,0.42,2026-10-03,1726,N20,VIIRS,n,2.0NRT,291.89,1.13,N,2026-10-04 05:57:05,Sedang
-3.84037,115.25753,308.63,0.41,0.45,2026-10-03,1726,N20,VIIRS,n,2.0NRT,292.41,2.02,N,2026-10-04 05:57:05,Sedang
-3.81937,115.07954,301.29,0.42,0.46,2026-10-03,1726,N20,VIIRS,n,2.0NRT,287.76,0.95,N,2026-10-04 05:57:05,Sedang
-3.80435,116.10898,305.89,0.55,0.43,2026-10-03,1726,N20,VIIRS,n,2.0NRT,291.79,0.88,N,2026-10-04 05:57:05,Sedang
-3.80159,115.32057,305.17,0.41,0.45,2026-10-03,1726,N20,VIIRS,n,2.0NRT,293.65,0.74,N,2026-10-04 05:57:05,Sedang
-3.77811,116.16899,303.69,0.55,0.42,2026-10-03,1726,N20,VIIRS,n,2.0NRT,292.4,1.49,N,2026-10-04 05:57:05,Sedang
-3.77582,122.10001,296.44,0.4,0.37,2026-10-03,1726,N20,VIIRS,n,2.0NRT,274.91,0.35,N,2026-10-04 05:57:05,Sedang
-3.76038,115.42858,303.65,0.4,0.45,2026-10-03,1726,N20,VIIRS,n,2.0NRT,291.77,1.5,N,2026-10-04 05:57:05,Sedang
-3.70578,114.64725,322.14,0.45,0.47,2026-10-03,1726,N20,VIIRS,n,2.0NRT,293.41,2.16,N,2026-10-04 05:57:05,Sedang
-3.70438,114.65303,306.46,0.45,0.47,2026-10-03,1726,N20,VIIRS,n,2.0NRT,293.19,1.81,N,2026-10-04 05:57:05,Sedang
-3.6381,115.29455,305.7,0.41,0.45,2026-10-03,1726,N20,VIIRS,n,2.0NRT,290.77,0.82,N,2026-10-04 05:57:05,Sedang
-3.6015,115.9197,307.68,0.57,0.43,2026-10-03,1726,N20,VIIRS,n,2.0NRT,284.63,1.3,N,2026-10-04 05:57:05,Sedang
-3.5951,126.79958,302.8,0.46,0.47,2026-10-03,1726,N20,VIIRS,n,2.0NRT,278.77,1.49,N,2026-10-04 05:57:05,Sedang
-3.5862,115.561,304.09,0.4,0.44,2026-10-03,1726,N20,VIIRS,n,2.0NRT,291.26,1,N,2026-10-04 05:57:05,Sedang
-3.57867,115.56591,307.86,0.4,0.44,2026-10-03,1726,N20,VIIRS,n,2.0NRT,291.23,1.5,N,2026-10-04 05:57:05,Sedang
-3.56936,114.66504,307.67,0.46,0.47,2026-10-03,1726,N20,VIIRS,n,2.0NRT,291.3,1.62,N,2026-10-04 05:57:05,Sedang
-3.56886,119.80406,306.7,0.39,0.36,2026-10-03,1726,N20,VIIRS,n,2.0NRT,290.84,0.75,N,2026-10-04 05:57:05,Sedang
-3.53407,126.36342,300.34,0.43,0.46,2026-10-03,1726,N20,VIIRS,n,2.0NRT,272.63,0.74,N,2026-10-04 05:57:05,Sedang
-3.49924,121.44269,299.21,0.39,0.36,2026-10-03,1726,N20,VIIRS,n,2.0NRT,281.7,0.73,N,2026-10-04 05:57:05,Sedang
-3.49534,126.33395,333.47,0.43,0.46,2026-10-03,1726,N20,VIIRS,n,2.0NRT,277.63,3.91,N,2026-10-04 05:57:05,Sedang
-3.49417,126.33305,328.29,0.43,0.46,2026-10-03,1726,N20,VIIRS,n,2.0NRT,276.77,3.19,N,2026-10-04 05:57:05,Sedang
-3.4937,121.45065,326.48,0.39,0.36,2026-10-03,1726,N20,VIIRS,n,2.0NRT,282.25,2.56,N,2026-10-04 05:57:05,Sedang
-3.49337,116.29636,311.15,0.54,0.42,2026-10-03,1726,N20,VIIRS,n,2.0NRT,292.89,2.69,N,2026-10-04 05:57:05,Sedang
-3.49282,119.5163,317.99,0.4,0.37,2026-10-03,1726,N20,VIIRS,n,2.0NRT,291.68,2.26,N,2026-10-04 05:57:05,Sedang
-3.49258,116.29148,306.87,0.54,0.42,2026-10-03,1726,N20,VIIRS,n,2.0NRT,292.2,2.41,N,2026-10-04 05:57:05,Sedang
-3.4856,133.71365,305.9,0.7,0.75,2026-10-03,1726,N20,VIIRS,n,2.0NRT,291.1,2.14,N,2026-10-04 05:57:05,Sedang
-3.48349,115.1699,299.24,0.42,0.45,2026-10-03,1726,N20,VIIRS,n,2.0NRT,286.58,0.32,N,2026-10-04 05:57:05,Sedang
-3.46141,115.06352,303.97,0.43,0.46,2026-10-03,1726,N20,VIIRS,n,2.0NRT,290.04,0.93,N,2026-10-04 05:57:05,Sedang
-3.44388,114.66769,300.57,0.46,0.47,2026-10-03,1726,N20,VIIRS,n,2.0NRT,284.99,0.93,N,2026-10-04 05:57:05,Sedang
-3.44229,115.72925,306.11,0.39,0.44,2026-10-03,1726,N20,VIIRS,n,2.0NRT,289.95,0.45,N,2026-10-04 05:57:05,Sedang
-3.43953,115.91563,306.09,0.57,0.43,2026-10-03,1726,N20,VIIRS,n,2.0NRT,292.13,1.83,N,2026-10-04 05:57:05,Sedang
-3.43574,115.20074,301.86,0.42,0.45,2026-10-03,1726,N20,VIIRS,n,2.0NRT,289.01,0.61,N,2026-10-04 05:57:05,Sedang
-3.43565,133.7135,302.49,0.69,0.74,2026-10-03,1726,N20,VIIRS,n,2.0NRT,291.73,4.88,N,2026-10-04 05:57:05,Sedang
-3.42677,115.91245,307.36,0.57,0.43,2026-10-03,1726,N20,VIIRS,n,2.0NRT,291.93,1.52,N,2026-10-04 05:57:05,Sedang
-3.4207,115.59468,303.03,0.4,0.44,2026-10-03,1726,N20,VIIRS,n,2.0NRT,291.39,0.65,N,2026-10-04 05:57:05,Sedang
-3.41503,114.68092,298.19,0.46,0.47,2026-10-03,1726,N20,VIIRS,n,2.0NRT,282.67,1.02,N,2026-10-04 05:57:05,Sedang
-3.41434,114.6768,306.73,0.46,0.47,2026-10-03,1726,N20,VIIRS,n,2.0NRT,286.04,1.02,N,2026-10-04 05:57:05,Sedang
-3.37884,113.90317,313,0.52,0.5,2026-10-03,1726,N20,VIIRS,n,2.0NRT,292.37,1.59,N,2026-10-04 05:57:05,Sedang
-3.37802,114.61923,302.41,0.46,0.47,2026-10-03,1726,N20,VIIRS,n,2.0NRT,286.63,1.92,N,2026-10-04 05:57:05,Sedang
-3.3743,113.90171,305.25,0.52,0.5,2026-10-03,1726,N20,VIIRS,n,2.0NRT,292.07,1.87,N,2026-10-04 05:57:05,Sedang
-3.34047,119.71487,300.31,0.39,0.36,2026-10-03,1726,N20,VIIRS,n,2.0NRT,286.19,1.06,N,2026-10-04 05:57:05,Sedang
-3.3398,111.86004,303.48,0.36,0.57,2026-10-03,1726,N20,VIIRS,n,2.0NRT,292.47,0.8,N,2026-10-04 05:57:05,Sedang
-3.3325,126.68355,298.2,0.45,0.47,2026-10-03,1726,N20,VIIRS,n,2.0NRT,267.48,1.01,N,2026-10-04 05:57:05,Sedang
-3.32825,111.85542,306.59,0.36,0.57,2026-10-03,1726,N20,VIIRS,n,2.0NRT,293.53,2.47,N,2026-10-04 05:57:05,Sedang
-3.32736,133.88504,306.43,0.71,0.75,2026-10-03,1726,N20,VIIRS,n,2.0NRT,289.39,16.39,N,2026-10-04 05:57:05,Sedang
-3.32709,119.4603,303.95,0.4,0.37,2026-10-03,1726,N20,VIIRS,n,2.0NRT,287.57,0.54,N,2026-10-04 05:57:05,Sedang
-3.32373,119.46075,298.81,0.4,0.37,2026-10-03,1726,N20,VIIRS,n,2.0NRT,287.35,0.54,N,2026-10-04 05:57:05,Sedang
-3.30707,114.11692,324.54,0.5,0.49,2026-10-03,1726,N20,VIIRS,n,2.0NRT,292.73,3.61,N,2026-10-04 05:57:05,Sedang
-3.30616,112.21332,307.3,0.34,0.56,2026-10-03,1726,N20,VIIRS,n,2.0NRT,291.17,0.44,N,2026-10-04 05:57:05,Sedang
-3.30353,112.22945,305.27,0.34,0.56,2026-10-03,1726,N20,VIIRS,n,2.0NRT,291.78,1.57,N,2026-10-04 05:57:05,Sedang
-3.30283,119.81828,303,0.39,0.36,2026-10-03,1726,N20,VIIRS,n,2.0NRT,284.59,0.64,N,2026-10-04 05:57:05,Sedang
-3.29542,126.04766,298.6,0.41,0.45,2026-10-03,1726,N20,VIIRS,n,2.0NRT,278.62,1.2,N,2026-10-04 05:57:05,Sedang
-3.29179,112.22203,305.16,0.34,0.56,2026-10-03,1726,N20,VIIRS,n,2.0NRT,291.47,0.93,N,2026-10-04 05:57:05,Sedang
-3.28879,112.2038,312.23,0.34,0.56,2026-10-03,1726,N20,VIIRS,n,2.0NRT,291.65,1.16,N,2026-10-04 05:57:05,Sedang
-3.2806,113.84779,306.36,0.52,0.5,2026-10-03,1726,N20,VIIRS,n,2.0NRT,293.32,1.5,N,2026-10-04 05:57:05,Sedang
-3.27046,112.59225,310.54,0.32,0.54,2026-10-03,1726,N20,VIIRS,n,2.0NRT,291.82,2.1,N,2026-10-04 05:57:05,Sedang
-3.26892,111.85568,308.24,0.36,0.57,2026-10-03,1726,N20,VIIRS,n,2.0NRT,293.54,1.48,N,2026-10-04 05:57:05,Sedang
-3.26792,112.1412,320.76,0.34,0.56,2026-10-03,1726,N20,VIIRS,n,2.0NRT,293.4,1.76,N,2026-10-04 05:57:05,Sedang
-3.26531,111.86623,303.25,0.36,0.57,2026-10-03,1726,N20,VIIRS,n,2.0NRT,292.07,1.05,N,2026-10-04 05:57:05,Sedang
-3.26367,111.85659,313.62,0.36,0.57,2026-10-03,1726,N20,VIIRS,n,2.0NRT,293.81,2.23,N,2026-10-04 05:57:05,Sedang
-3.26203,111.84692,311.78,0.36,0.57,2026-10-03,1726,N20,VIIRS,n,2.0NRT,294.63,2.36,N,2026-10-04 05:57:05,Sedang
-3.26155,119.70943,308.51,0.39,0.36,2026-10-03,1726,N20,VIIRS,n,2.0NRT,290.23,0.53,N,2026-10-04 05:57:05,Sedang
-3.25472,112.59097,307.7,0.32,0.54,2026-10-03,1726,N20,VIIRS,n,2.0NRT,292.56,1.16,N,2026-10-04 05:57:05,Sedang
-3.25311,111.88842,309.31,0.36,0.57,2026-10-03,1726,N20,VIIRS,n,2.0NRT,293.71,1.44,N,2026-10-04 05:57:05,Sedang
-3.25233,111.88496,304.59,0.36,0.57,2026-10-03,1726,N20,VIIRS,n,2.0NRT,293.41,0.97,N,2026-10-04 05:57:05,Sedang
-3.25094,112.13462,306.33,0.34,0.56,2026-10-03,1726,N20,VIIRS,n,2.0NRT,293.24,2.61,N,2026-10-04 05:57:05,Sedang
-3.25049,111.90536,302.98,0.36,0.57,2026-10-03,1726,N20,VIIRS,n,2.0NRT,292.41,1.29,N,2026-10-04 05:57:05,Sedang
-3.24889,112.12228,307.23,0.34,0.56,2026-10-03,1726,N20,VIIRS,n,2.0NRT,292.61,1.42,N,2026-10-04 05:57:05,Sedang
-3.24421,119.36401,309.79,0.4,0.37,2026-10-03,1726,N20,VIIRS,n,2.0NRT,286.72,0.94,N,2026-10-04 05:57:05,Sedang
-3.24108,111.91357,302.64,0.35,0.57,2026-10-03,1726,N20,VIIRS,n,2.0NRT,292.27,0.65,N,2026-10-04 05:57:05,Sedang
-3.24037,115.33199,305.33,0.42,0.45,2026-10-03,1726,N20,VIIRS,n,2.0NRT,288.84,1.29,N,2026-10-04 05:57:05,Sedang
-3.23435,118.92625,310.34,0.41,0.37,2026-10-03,1726,N20,VIIRS,n,2.0NRT,289.06,0.49,N,2026-10-04 05:57:05,Sedang
-3.23258,115.51678,306.93,0.41,0.45,2026-10-03,1726,N20,VIIRS,n,2.0NRT,288.51,0.91,N,2026-10-04 05:57:05,Sedang
-3.23134,112.11254,304.46,0.34,0.56,2026-10-03,1726,N20,VIIRS,n,2.0NRT,292.11,1.31,N,2026-10-04 05:57:05,Sedang
-3.22602,111.98479,300.8,0.35,0.57,2026-10-03,1726,N20,VIIRS,n,2.0NRT,281.21,0.81,N,2026-10-04 05:57:05,Sedang
-3.22498,111.97849,298.4,0.35,0.57,2026-10-03,1726,N20,VIIRS,n,2.0NRT,283.81,0.43,N,2026-10-04 05:57:05,Sedang
-3.22333,115.35773,301.22,0.42,0.45,2026-10-03,1726,N20,VIIRS,n,2.0NRT,286.56,0.42,N,2026-10-04 05:57:05,Sedang
-3.22269,112.34204,306.68,0.33,0.55,2026-10-03,1726,N20,VIIRS,n,2.0NRT,289.31,1.13,N,2026-10-04 05:57:05,Sedang
-3.21946,112.10505,303.77,0.34,0.56,2026-10-03,1726,N20,VIIRS,n,2.0NRT,291.17,1.46,N,2026-10-04 05:57:05,Sedang
-3.21774,111.99932,299.81,0.35,0.57,2026-10-03,1726,N20,VIIRS,n,2.0NRT,273.79,0.63,N,2026-10-04 05:57:05,Sedang
-3.21742,112.12445,310.02,0.34,0.56,2026-10-03,1726,N20,VIIRS,n,2.0NRT,293.33,1.76,N,2026-10-04 05:57:05,Sedang
-3.2162,115.44306,304.83,0.41,0.45,2026-10-03,1726,N20,VIIRS,n,2.0NRT,288.04,0.9,N,2026-10-04 05:57:05,Sedang
-3.21413,115.48153,302.03,0.41,0.45,2026-10-03,1726,N20,VIIRS,n,2.0NRT,290.35,0.94,N,2026-10-04 05:57:05,Sedang
-3.2127,115.44743,307.38,0.41,0.45,2026-10-03,1726,N20,VIIRS,n,2.0NRT,289.91,0.9,N,2026-10-04 05:57:05,Sedang
-3.2121,115.44382,307.52,0.41,0.45,2026-10-03,1726,N20,VIIRS,n,2.0NRT,289.24,0.9,N,2026-10-04 05:57:05,Sedang
-3.21127,114.20599,304.97,0.5,0.49,2026-10-03,1726,N20,VIIRS,n,2.0NRT,291.61,0.71,N,2026-10-04 05:57:05,Sedang
-3.20519,115.3765,307.95,0.42,0.45,2026-10-03,1726,N20,VIIRS,n,2.0NRT,287.9,1.05,N,2026-10-04 05:57:05,Sedang
-3.20501,112.11388,306.53,0.34,0.56,2026-10-03,1726,N20,VIIRS,n,2.0NRT,291.92,1.13,N,2026-10-04 05:57:05,Sedang
-3.20214,115.58312,305.21,0.4,0.44,2026-10-03,1726,N20,VIIRS,n,2.0NRT,291.7,0.94,N,2026-10-04 05:57:05,Sedang
-3.20192,115.33099,309.46,0.42,0.45,2026-10-03,1726,N20,VIIRS,n,2.0NRT,291.95,1.07,N,2026-10-04 05:57:05,Sedang
-3.20066,115.52155,301.11,0.41,0.45,2026-10-03,1726,N20,VIIRS,n,2.0NRT,289.42,0.61,N,2026-10-04 05:57:05,Sedang
-3.19617,119.55073,304.88,0.4,0.37,2026-10-03,1726,N20,VIIRS,n,2.0NRT,285,1,N,2026-10-04 05:57:05,Sedang
-3.19446,119.66936,308.23,0.39,0.36,2026-10-03,1726,N20,VIIRS,n,2.0NRT,289.13,1.21,N,2026-10-04 05:57:05,Sedang
-3.1887,115.37936,302.15,0.42,0.45,2026-10-03,1726,N20,VIIRS,n,2.0NRT,286.33,0.84,N,2026-10-04 05:57:05,Sedang
-3.18718,112.04009,310.98,0.35,0.57,2026-10-03,1726,N20,VIIRS,n,2.0NRT,290.85,1.43,N,2026-10-04 05:57:05,Sedang
-3.18464,112.09641,304.59,0.35,0.56,2026-10-03,1726,N20,VIIRS,n,2.0NRT,290.22,2.16,N,2026-10-04 05:57:05,Sedang
-3.18109,112.07456,302.92,0.35,0.56,2026-10-03,1726,N20,VIIRS,n,2.0NRT,287.88,1.32,N,2026-10-04 05:57:05,Sedang
-3.17859,115.51491,303.95,0.41,0.45,2026-10-03,1726,N20,VIIRS,n,2.0NRT,288.7,0.58,N,2026-10-04 05:57:05,Sedang
-3.17812,111.98669,306.55,0.35,0.57,2026-10-03,1726,N20,VIIRS,n,2.0NRT,290.67,1.39,N,2026-10-04 05:57:05,Sedang
-3.17784,112.04797,305.72,0.35,0.57,2026-10-03,1726,N20,VIIRS,n,2.0NRT,288.23,0.92,N,2026-10-04 05:57:05,Sedang
-3.17709,115.40032,305.95,0.41,0.45,2026-10-03,1726,N20,VIIRS,n,2.0NRT,284.98,0.54,N,2026-10-04 05:57:05,Sedang
-3.1759,115.3536,304.37,0.42,0.45,2026-10-03,1726,N20,VIIRS,n,2.0NRT,288.96,0.73,N,2026-10-04 05:57:05,Sedang
-3.17489,112.06922,301.96,0.35,0.56,2026-10-03,1726,N20,VIIRS,n,2.0NRT,287.25,0.65,N,2026-10-04 05:57:05,Sedang
-3.17386,115.51165,298.89,0.41,0.45,2026-10-03,1726,N20,VIIRS,n,2.0NRT,287.74,0.58,N,2026-10-04 05:57:05,Sedang
-3.17384,115.35329,309.46,0.42,0.45,2026-10-03,1726,N20,VIIRS,n,2.0NRT,289.05,1.54,N,2026-10-04 05:57:05,Sedang
-3.17312,115.48088,305.98,0.41,0.45,2026-10-03,1726,N20,VIIRS,n,2.0NRT,291.79,0.75,N,2026-10-04 05:57:05,Sedang
-3.17265,112.04885,307.74,0.35,0.57,2026-10-03,1726,N20,VIIRS,n,2.0NRT,289.78,0.92,N,2026-10-04 05:57:05,Sedang
-3.17125,112.61398,310.46,0.32,0.54,2026-10-03,1726,N20,VIIRS,n,2.0NRT,291.67,0.71,N,2026-10-04 05:57:05,Sedang
-3.16884,114.99901,304.79,0.44,0.46,2026-10-03,1726,N20,VIIRS,n,2.0NRT,285.6,0.66,N,2026-10-04 05:57:05,Sedang
-3.16784,119.69583,301.99,0.39,0.36,2026-10-03,1726,N20,VIIRS,n,2.0NRT,287.91,0.33,N,2026-10-04 05:57:05,Sedang
-3.16373,115.44886,303.57,0.41,0.45,2026-10-03,1726,N20,VIIRS,n,2.0NRT,291.6,0.95,N,2026-10-04 05:57:05,Sedang
-3.15522,112.82777,305.8,0.62,0.54,2026-10-03,1726,N20,VIIRS,n,2.0NRT,294.11,1.48,N,2026-10-04 05:57:05,Sedang
-3.15438,115.44328,308.43,0.41,0.45,2026-10-03,1726,N20,VIIRS,n,2.0NRT,292.08,1.04,N,2026-10-04 05:57:05,Sedang
-3.15219,113.64124,303.6,0.54,0.51,2026-10-03,1726,N20,VIIRS,n,2.0NRT,286.65,0.66,N,2026-10-04 05:57:05,Sedang
-3.14109,115.46548,304.05,0.41,0.45,2026-10-03,1726,N20,VIIRS,n,2.0NRT,290.67,1.04,N,2026-10-04 05:57:05,Sedang
-3.13872,119.62074,303.13,0.39,0.37,2026-10-03,1726,N20,VIIRS,n,2.0NRT,288.36,0.45,N,2026-10-04 05:57:05,Sedang
-3.13599,119.56073,316.65,0.4,0.37,2026-10-03,1726,N20,VIIRS,n,2.0NRT,284.39,1.2,N,2026-10-04 05:57:05,Sedang
-3.13446,112.08254,344.99,0.35,0.56,2026-10-03,1726,N20,VIIRS,n,2.0NRT,286.52,3.07,N,2026-10-04 05:57:05,Sedang
-3.13397,115.47351,303.08,0.41,0.45,2026-10-03,1726,N20,VIIRS,n,2.0NRT,292.02,0.83,N,2026-10-04 05:57:05,Sedang
-3.13034,134.02968,301.37,0.72,0.76,2026-10-03,1726,N20,VIIRS,n,2.0NRT,289.79,1.98,N,2026-10-04 05:57:05,Sedang
-3.12367,112.63638,306.74,0.64,0.54,2026-10-03,1726,N20,VIIRS,n,2.0NRT,292.25,2.42,N,2026-10-04 05:57:05,Sedang
-3.12331,128.00475,300.83,0.55,0.51,2026-10-03,1726,N20,VIIRS,n,2.0NRT,280.55,1,N,2026-10-04 05:57:05,Sedang
-3.11447,107.8231,322.5,0.68,0.74,2026-10-03,1726,N20,VIIRS,n,2.0NRT,289.4,2.91,N,2026-10-04 05:57:05,Sedang
-3.11179,112.59554,310.41,0.32,0.55,2026-10-03,1726,N20,VIIRS,n,2.0NRT,287.19,0.5,N,2026-10-04 05:57:05,Sedang
-3.10417,112.32771,313.45,0.33,0.56,2026-10-03,1726,N20,VIIRS,n,2.0NRT,290.81,1.67,N,2026-10-04 05:57:05,Sedang
-3.09761,113.96367,313.25,0.52,0.5,2026-10-03,1726,N20,VIIRS,n,2.0NRT,288.6,2.38,N,2026-10-04 05:57:05,Sedang
-3.09704,112.63055,308.09,0.32,0.54,2026-10-03,1726,N20,VIIRS,n,2.0NRT,290.54,1.35,N,2026-10-04 05:57:05,Sedang
-3.08711,112.02302,304.56,0.35,0.57,2026-10-03,1726,N20,VIIRS,n,2.0NRT,273.39,0.72,N,2026-10-04 05:57:05,Sedang
-3.08485,115.12072,304.4,0.43,0.46,2026-10-03,1726,N20,VIIRS,n,2.0NRT,291.32,1.01,N,2026-10-04 05:57:05,Sedang
-3.07819,112.73165,297.39,0.63,0.54,2026-10-03,1726,N20,VIIRS,n,2.0NRT,282.5,0.84,N,2026-10-04 05:57:05,Sedang
-3.0674,115.67898,315.21,0.4,0.44,2026-10-03,1726,N20,VIIRS,n,2.0NRT,292.93,1.83,N,2026-10-04 05:57:05,Sedang
-3.06213,121.96941,297.67,0.39,0.37,2026-10-03,1726,N20,VIIRS,n,2.0NRT,277.42,0.76,N,2026-10-04 05:57:05,Sedang
-3.04764,111.88529,306.72,0.36,0.57,2026-10-03,1726,N20,VIIRS,n,2.0NRT,291.75,1.64,N,2026-10-04 05:57:05,Sedang
-3.04184,112.39371,305.37,0.33,0.55,2026-10-03,1726,N20,VIIRS,n,2.0NRT,290.86,1.18,N,2026-10-04 05:57:05,Sedang
-3.04061,113.96175,305,0.52,0.5,2026-10-03,1726,N20,VIIRS,n,2.0NRT,288.08,2.54,N,2026-10-04 05:57:05,Sedang
-3.03771,115.15215,304.48,0.43,0.46,2026-10-03,1726,N20,VIIRS,n,2.0NRT,291.65,1.09,N,2026-10-04 05:57:05,Sedang
-3.03401,115.1531,308.26,0.43,0.46,2026-10-03,1726,N20,VIIRS,n,2.0NRT,291.04,1.51,N,2026-10-04 05:57:05,Sedang
-3.03149,113.96327,302.94,0.52,0.5,2026-10-03,1726,N20,VIIRS,n,2.0NRT,287.88,1.43,N,2026-10-04 05:57:05,Sedang
-3.02955,112.87379,304.51,0.61,0.54,2026-10-03,1726,N20,VIIRS,n,2.0NRT,289.53,2.29,N,2026-10-04 05:57:05,Sedang
-3.02871,119.65628,303.86,0.39,0.37,2026-10-03,1726,N20,VIIRS,n,2.0NRT,289.44,0.51,N,2026-10-04 05:57:05,Sedang
-3.02695,115.16584,305.52,0.43,0.46,2026-10-03,1726,N20,VIIRS,n,2.0NRT,291.91,1.65,N,2026-10-04 05:57:05,Sedang
-3.02296,119.5344,309.48,0.4,0.37,2026-10-03,1726,N20,VIIRS,n,2.0NRT,287.28,0.93,N,2026-10-04 05:57:05,Sedang
-3.00663,111.00404,307.29,0.41,0.61,2026-10-03,1726,N20,VIIRS,n,2.0NRT,291.52,0.77,N,2026-10-04 05:57:05,Sedang
-2.99695,115.8102,301.84,0.39,0.44,2026-10-03,1726,N20,VIIRS,n,2.0NRT,290.34,0.39,N,2026-10-04 05:57:05,Sedang
-2.99478,115.20683,306.37,0.43,0.46,2026-10-03,1726,N20,VIIRS,n,2.0NRT,293.58,2.33,N,2026-10-04 05:57:05,Sedang
-2.98705,113.14771,300.82,0.59,0.53,2026-10-03,1726,N20,VIIRS,n,2.0NRT,283.32,0.97,N,2026-10-04 05:57:05,Sedang
-2.98396,121.36359,297.17,0.39,0.36,2026-10-03,1726,N20,VIIRS,n,2.0NRT,276.91,0.99,N,2026-10-04 05:57:05,Sedang
-2.97915,113.16,306.92,0.59,0.53,2026-10-03,1726,N20,VIIRS,n,2.0NRT,290.44,2.17,N,2026-10-04 05:57:05,Sedang
-2.97714,113.62867,301.47,0.55,0.51,2026-10-03,1726,N20,VIIRS,n,2.0NRT,282.09,0.98,N,2026-10-04 05:57:05,Sedang
-2.97634,113.62378,298.31,0.55,0.51,2026-10-03,1726,N20,VIIRS,n,2.0NRT,279.66,0.94,N,2026-10-04 05:57:05,Sedang
-2.9752,113.16608,304.36,0.59,0.53,2026-10-03,1726,N20,VIIRS,n,2.0NRT,291.83,1.79,N,2026-10-04 05:57:05,Sedang
-2.97433,113.1608,308.73,0.59,0.53,2026-10-03,1726,N20,VIIRS,n,2.0NRT,291.22,1.79,N,2026-10-04 05:57:05,Sedang
-2.96455,112.69986,304.49,0.63,0.54,2026-10-03,1726,N20,VIIRS,n,2.0NRT,292,1.21,N,2026-10-04 05:57:05,Sedang
-2.95503,113.16406,306.83,0.59,0.53,2026-10-03,1726,N20,VIIRS,n,2.0NRT,292.1,3.48,N,2026-10-04 05:57:05,Sedang
-2.95452,119.65737,305.38,0.4,0.37,2026-10-03,1726,N20,VIIRS,n,2.0NRT,286.02,0.75,N,2026-10-04 05:57:05,Sedang
-2.95415,113.15878,315.6,0.59,0.53,2026-10-03,1726,N20,VIIRS,n,2.0NRT,291.78,2.33,N,2026-10-04 05:57:05,Sedang
-2.94449,113.16041,308,0.59,0.53,2026-10-03,1726,N20,VIIRS,n,2.0NRT,292.33,1.81,N,2026-10-04 05:57:05,Sedang
-2.94445,111.58593,306.8,0.38,0.59,2026-10-03,1726,N20,VIIRS,n,2.0NRT,287.58,1.03,N,2026-10-04 05:57:05,Sedang
-2.94389,111.58254,304.9,0.38,0.59,2026-10-03,1726,N20,VIIRS,n,2.0NRT,286.92,1.03,N,2026-10-04 05:57:05,Sedang
-2.94235,113.32427,312.17,0.57,0.52,2026-10-03,1726,N20,VIIRS,n,2.0NRT,286.27,3.54,N,2026-10-04 05:57:05,Sedang
-2.93995,115.23966,307.9,0.43,0.46,2026-10-03,1726,N20,VIIRS,n,2.0NRT,293.42,1.63,N,2026-10-04 05:57:05,Sedang
-2.93361,112.4231,316.67,0.33,0.55,2026-10-03,1726,N20,VIIRS,n,2.0NRT,291.13,1.4,N,2026-10-04 05:57:05,Sedang
-2.93201,121.31553,305.16,0.39,0.36,2026-10-03,1726,N20,VIIRS,n,2.0NRT,281.28,1.58,N,2026-10-04 05:57:05,Sedang
-2.93196,113.32069,306.82,0.57,0.52,2026-10-03,1726,N20,VIIRS,n,2.0NRT,289.27,3.74,N,2026-10-04 05:57:05,Sedang
-2.93147,121.31208,319.73,0.39,0.36,2026-10-03,1726,N20,VIIRS,n,2.0NRT,282.32,1.58,N,2026-10-04 05:57:05,Sedang
-2.92586,115.23702,319.12,0.43,0.46,2026-10-03,1726,N20,VIIRS,n,2.0NRT,294.11,2.4,N,2026-10-04 05:57:05,Sedang
-2.92186,119.51707,304.03,0.4,0.37,2026-10-03,1726,N20,VIIRS,n,2.0NRT,287.08,0.57,N,2026-10-04 05:57:05,Sedang
-2.92063,112.7131,306.08,0.63,0.54,2026-10-03,1726,N20,VIIRS,n,2.0NRT,292.95,3.58,N,2026-10-04 05:57:05,Sedang
-2.92062,112.89758,299.6,0.61,0.54,2026-10-03,1726,N20,VIIRS,n,2.0NRT,286.9,1.68,N,2026-10-04 05:57:05,Sedang
-2.9201,121.51923,295.98,0.39,0.36,2026-10-03,1726,N20,VIIRS,n,2.0NRT,271.36,0.7,N,2026-10-04 05:57:05,Sedang
-2.91737,121.50194,302.74,0.39,0.36,2026-10-03,1726,N20,VIIRS,n,2.0NRT,271.62,0.67,N,2026-10-04 05:57:05,Sedang
-2.91571,115.87693,309.43,0.39,0.44,2026-10-03,1726,N20,VIIRS,n,2.0NRT,292.36,1.34,N,2026-10-04 05:57:05,Sedang
-2.91568,121.51281,296.76,0.39,0.36,2026-10-03,1726,N20,VIIRS,n,2.0NRT,270.91,0.82,N,2026-10-04 05:57:05,Sedang
-2.91392,115.24297,305.56,0.43,0.46,2026-10-03,1726,N20,VIIRS,n,2.0NRT,294.1,1.34,N,2026-10-04 05:57:05,Sedang
-2.9137,113.32906,313.94,0.57,0.52,2026-10-03,1726,N20,VIIRS,n,2.0NRT,290.81,3.4,N,2026-10-04 05:57:05,Sedang
-2.91067,112.71479,316.27,0.63,0.54,2026-10-03,1726,N20,VIIRS,n,2.0NRT,293.32,11.71,N,2026-10-04 05:57:05,Sedang
-2.90666,133.99361,301.07,0.71,0.75,2026-10-03,1726,N20,VIIRS,n,2.0NRT,290.58,1.7,N,2026-10-04 05:57:05,Sedang
-2.90553,112.83745,305.83,0.62,0.54,2026-10-03,1726,N20,VIIRS,n,2.0NRT,293.27,1.48,N,2026-10-04 05:57:05,Sedang
-2.90173,121.57521,295.44,0.39,0.36,2026-10-03,1726,N20,VIIRS,n,2.0NRT,266.65,0.33,N,2026-10-04 05:57:05,Sedang
-2.89878,111.54462,311.07,0.38,0.59,2026-10-03,1726,N20,VIIRS,n,2.0NRT,286.16,2.57,N,2026-10-04 05:57:05,Sedang
-2.89454,111.55235,321.16,0.38,0.59,2026-10-03,1726,N20,VIIRS,n,2.0NRT,286.56,4.38,N,2026-10-04 05:57:05,Sedang
-2.8799,110.69508,305.73,0.44,0.62,2026-10-03,1726,N20,VIIRS,n,2.0NRT,292.29,2.45,N,2026-10-04 05:57:05,Sedang
-2.87734,111.51643,301.21,0.38,0.59,2026-10-03,1726,N20,VIIRS,n,2.0NRT,282.32,1.52,N,2026-10-04 05:57:05,Sedang
-2.8766,133.09224,302.38,0.62,0.71,2026-10-03,1726,N20,VIIRS,n,2.0NRT,291.81,2.08,N,2026-10-04 05:57:05,Sedang
-2.87252,111.52075,300.59,0.38,0.59,2026-10-03,1726,N20,VIIRS,n,2.0NRT,284.14,1.19,N,2026-10-04 05:57:05,Sedang
-2.87183,110.71667,305.1,0.43,0.62,2026-10-03,1726,N20,VIIRS,n,2.0NRT,291.71,1.98,N,2026-10-04 05:57:05,Sedang
-2.87078,110.74503,304.64,0.43,0.62,2026-10-03,1726,N20,VIIRS,n,2.0NRT,291.07,1.54,N,2026-10-04 05:57:05,Sedang
-2.86958,111.5035,302.49,0.38,0.59,2026-10-03,1726,N20,VIIRS,n,2.0NRT,286.31,2.29,N,2026-10-04 05:57:05,Sedang
-2.86377,110.73824,308.76,0.43,0.62,2026-10-03,1726,N20,VIIRS,n,2.0NRT,291.85,1.65,N,2026-10-04 05:57:05,Sedang
-2.86352,111.51233,300.72,0.38,0.59,2026-10-03,1726,N20,VIIRS,n,2.0NRT,284.75,0.92,N,2026-10-04 05:57:05,Sedang
-2.8611,110.72257,305.46,0.43,0.62,2026-10-03,1726,N20,VIIRS,n,2.0NRT,291.74,2.81,N,2026-10-04 05:57:05,Sedang
-2.85594,112.22341,306.88,0.34,0.56,2026-10-03,1726,N20,VIIRS,n,2.0NRT,292.08,1.07,N,2026-10-04 05:57:05,Sedang
-2.85009,110.98397,353.91,0.42,0.61,2026-10-03,1726,N20,VIIRS,n,2.0NRT,292.73,5.96,N,2026-10-04 05:57:05,Sedang
-2.84658,113.78233,301.56,0.54,0.51,2026-10-03,1726,N20,VIIRS,n,2.0NRT,276.92,0.88,N,2026-10-04 05:57:05,Sedang
-2.84468,111.66669,309.41,0.37,0.58,2026-10-03,1726,N20,VIIRS,n,2.0NRT,285.5,2.43,N,2026-10-04 05:57:05,Sedang
-2.84449,110.98494,354.47,0.42,0.61,2026-10-03,1726,N20,VIIRS,n,2.0NRT,294.06,5.96,N,2026-10-04 05:57:05,Sedang
-2.84195,113.7831,302.47,0.54,0.51,2026-10-03,1726,N20,VIIRS,n,2.0NRT,278.13,0.93,N,2026-10-04 05:57:05,Sedang
-2.83598,112.69861,305.77,0.32,0.54,2026-10-03,1726,N20,VIIRS,n,2.0NRT,293,0.48,N,2026-10-04 05:57:05,Sedang
-2.8311,110.83472,305.67,0.43,0.62,2026-10-03,1726,N20,VIIRS,n,2.0NRT,291.7,1.64,N,2026-10-04 05:57:05,Sedang
-2.82681,110.48628,302.91,0.45,0.63,2026-10-03,1726,N20,VIIRS,n,2.0NRT,291.16,0.45,N,2026-10-04 05:57:05,Sedang
-2.82614,113.30275,310.6,0.58,0.52,2026-10-03,1726,N20,VIIRS,n,2.0NRT,294.11,4.39,N,2026-10-04 05:57:05,Sedang
-2.82553,112.69742,304.23,0.32,0.54,2026-10-03,1726,N20,VIIRS,n,2.0NRT,293.83,1.65,N,2026-10-04 05:57:05,Sedang
-2.82135,113.30355,314.38,0.58,0.52,2026-10-03,1726,N20,VIIRS,n,2.0NRT,294.64,2.08,N,2026-10-04 05:57:05,Sedang
-2.81515,113.06353,309.59,0.6,0.53,2026-10-03,1726,N20,VIIRS,n,2.0NRT,294.27,3.23,N,2026-10-04 05:57:05,Sedang
-2.81149,112.70567,313.68,0.32,0.54,2026-10-03,1726,N20,VIIRS,n,2.0NRT,294.46,1.7,N,2026-10-04 05:57:05,Sedang
-2.80492,110.42493,304.92,0.46,0.63,2026-10-03,1726,N20,VIIRS,n,2.0NRT,291.58,0.66,N,2026-10-04 05:57:05,Sedang
-2.80472,110.42674,306.62,0.46,0.63,2026-10-03,1726,N20,VIIRS,n,2.0NRT,291.1,0.81,N,2026-10-04 05:57:05,Sedang
-2.80208,111.54404,307.27,0.38,0.59,2026-10-03,1726,N20,VIIRS,n,2.0NRT,288.94,1.7,N,2026-10-04 05:57:05,Sedang
-2.7975,114.05509,307.66,0.51,0.5,2026-10-03,1726,N20,VIIRS,n,2.0NRT,291.33,3.47,N,2026-10-04 05:57:05,Sedang
-2.79675,114.05048,300.15,0.51,0.5,2026-10-03,1726,N20,VIIRS,n,2.0NRT,282.99,2.23,N,2026-10-04 05:57:05,Sedang
-2.79523,114.04124,304.93,0.52,0.5,2026-10-03,1726,N20,VIIRS,n,2.0NRT,286.07,3.06,N,2026-10-04 05:57:05,Sedang
-2.79392,110.61067,311.06,0.44,0.63,2026-10-03,1726,N20,VIIRS,n,2.0NRT,291.33,1.17,N,2026-10-04 05:57:05,Sedang
-2.79051,114.95871,318.41,0.45,0.47,2026-10-03,1726,N20,VIIRS,n,2.0NRT,288.62,2.57,N,2026-10-04 05:57:05,Sedang
-2.78726,121.66766,334.63,0.39,0.36,2026-10-03,1726,N20,VIIRS,n,2.0NRT,275.81,3.39,N,2026-10-04 05:57:05,Sedang
-2.78684,110.60367,311.29,0.44,0.63,2026-10-03,1726,N20,VIIRS,n,2.0NRT,291.12,2.29,N,2026-10-04 05:57:05,Sedang
-2.78609,114.01416,305.79,0.52,0.5,2026-10-03,1726,N20,VIIRS,n,2.0NRT,285.63,2.67,N,2026-10-04 05:57:05,Sedang
-2.78432,110.79901,302.42,0.43,0.62,2026-10-03,1726,N20,VIIRS,n,2.0NRT,291.22,0.79,N,2026-10-04 05:57:05,Sedang
-2.78408,113.05759,306.71,0.6,0.53,2026-10-03,1726,N20,VIIRS,n,2.0NRT,294,1.95,N,2026-10-04 05:57:05,Sedang
-2.78394,121.6682,328.53,0.39,0.36,2026-10-03,1726,N20,VIIRS,n,2.0NRT,276.28,3.39,N,2026-10-04 05:57:05,Sedang
-2.78383,114.02885,305.33,0.52,0.5,2026-10-03,1726,N20,VIIRS,n,2.0NRT,280.11,1.7,N,2026-10-04 05:57:05,Sedang
-2.78316,113.05215,317.5,0.6,0.53,2026-10-03,1726,N20,VIIRS,n,2.0NRT,294.81,4.27,N,2026-10-04 05:57:05,Sedang
-2.7796,114.9729,312.88,0.45,0.47,2026-10-03,1726,N20,VIIRS,n,2.0NRT,289.5,2.44,N,2026-10-04 05:57:05,Sedang
-2.77297,112.99223,311.59,0.61,0.53,2026-10-03,1726,N20,VIIRS,n,2.0NRT,293.91,1.69,N,2026-10-04 05:57:05,Sedang
-2.77169,114.04038,306.42,0.52,0.5,2026-10-03,1726,N20,VIIRS,n,2.0NRT,291.69,2.63,N,2026-10-04 05:57:05,Sedang
-2.77123,113.32793,308.38,0.58,0.52,2026-10-03,1726,N20,VIIRS,n,2.0NRT,293.74,2.38,N,2026-10-04 05:57:05,Sedang
-2.76132,121.69663,300.64,0.39,0.36,2026-10-03,1726,N20,VIIRS,n,2.0NRT,269.43,0.97,N,2026-10-04 05:57:05,Sedang
-2.74973,112.98621,311.5,0.61,0.53,2026-10-03,1726,N20,VIIRS,n,2.0NRT,294.01,3.21,N,2026-10-04 05:57:05,Sedang
-2.74782,113.33422,311.83,0.58,0.52,2026-10-03,1726,N20,VIIRS,n,2.0NRT,294.13,2.82,N,2026-10-04 05:57:05,Sedang
-2.74206,113.30067,307.58,0.58,0.52,2026-10-03,1726,N20,VIIRS,n,2.0NRT,293.95,2.99,N,2026-10-04 05:57:05,Sedang
-2.74029,121.69283,323.87,0.39,0.36,2026-10-03,1726,N20,VIIRS,n,2.0NRT,271.71,2.47,N,2026-10-04 05:57:05,Sedang
-2.73587,114.08171,302.16,0.51,0.5,2026-10-03,1726,N20,VIIRS,n,2.0NRT,273.8,2.24,N,2026-10-04 05:57:05,Sedang
-2.73548,114.1944,301.46,0.5,0.49,2026-10-03,1726,N20,VIIRS,n,2.0NRT,278.69,2.34,N,2026-10-04 05:57:05,Sedang
-2.73142,121.70133,295.01,0.39,0.36,2026-10-03,1726,N20,VIIRS,n,2.0NRT,271.4,0.44,N,2026-10-04 05:57:05,Sedang
-2.72801,114.17699,306.55,0.51,0.49,2026-10-03,1726,N20,VIIRS,n,2.0NRT,281.14,3.71,N,2026-10-04 05:57:05,Sedang
-2.72727,114.17244,307.12,0.51,0.49,2026-10-03,1726,N20,VIIRS,n,2.0NRT,282.43,2.47,N,2026-10-04 05:57:05,Sedang
-2.72335,114.23357,296.26,0.5,0.49,2026-10-03,1726,N20,VIIRS,n,2.0NRT,272.29,1.07,N,2026-10-04 05:57:05,Sedang
-2.72202,114.16866,308.71,0.51,0.49,2026-10-03,1726,N20,VIIRS,n,2.0NRT,281.48,2.47,N,2026-10-04 05:57:05,Sedang
-2.71202,112.32497,319.41,0.34,0.56,2026-10-03,1726,N20,VIIRS,n,2.0NRT,292.55,2.94,N,2026-10-04 05:57:05,Sedang
-2.70914,115.91492,305.88,0.39,0.44,2026-10-03,1726,N20,VIIRS,n,2.0NRT,292.1,0.86,N,2026-10-04 05:57:05,Sedang
-2.70531,113.02194,305.1,0.61,0.53,2026-10-03,1726,N20,VIIRS,n,2.0NRT,294.05,3.07,N,2026-10-04 05:57:05,Sedang
-2.69929,113.0306,311.3,0.61,0.53,2026-10-03,1726,N20,VIIRS,n,2.0NRT,294.33,2.92,N,2026-10-04 05:57:05,Sedang
-2.69478,114.3119,298.15,0.5,0.49,2026-10-03,1726,N20,VIIRS,n,2.0NRT,266.46,1.41,N,2026-10-04 05:57:05,Sedang
-2.68811,114.18827,295.49,0.51,0.49,2026-10-03,1726,N20,VIIRS,n,2.0NRT,267.24,0.99,N,2026-10-04 05:57:05,Sedang
-2.68792,112.33852,308.61,0.34,0.56,2026-10-03,1726,N20,VIIRS,n,2.0NRT,292.87,0.83,N,2026-10-04 05:57:05,Sedang
-2.68736,114.18373,306.56,0.51,0.49,2026-10-03,1726,N20,VIIRS,n,2.0NRT,265.96,0.99,N,2026-10-04 05:57:05,Sedang
-2.6848,113.01966,310.61,0.61,0.53,2026-10-03,1726,N20,VIIRS,n,2.0NRT,294.28,3.86,N,2026-10-04 05:57:05,Sedang
-2.68433,114.30447,301.84,0.5,0.49,2026-10-03,1726,N20,VIIRS,n,2.0NRT,275.21,1.75,N,2026-10-04 05:57:05,Sedang
-2.683,114.31124,305.54,0.5,0.49,2026-10-03,1726,N20,VIIRS,n,2.0NRT,276.05,2.04,N,2026-10-04 05:57:05,Sedang
-2.68284,114.18448,303,0.51,0.49,2026-10-03,1726,N20,VIIRS,n,2.0NRT,267.29,1.44,N,2026-10-04 05:57:05,Sedang
-2.67462,114.30149,306.86,0.5,0.49,2026-10-03,1726,N20,VIIRS,n,2.0NRT,277.82,4.03,N,2026-10-04 05:57:05,Sedang
-2.67333,114.30827,302.44,0.5,0.49,2026-10-03,1726,N20,VIIRS,n,2.0NRT,279.23,1.94,N,2026-10-04 05:57:05,Sedang
-2.66817,113.02461,311.59,0.61,0.53,2026-10-03,1726,N20,VIIRS,n,2.0NRT,294.22,3.58,N,2026-10-04 05:57:05,Sedang
-2.66708,112.18358,305.37,0.35,0.56,2026-10-03,1726,N20,VIIRS,n,2.0NRT,289.66,1.44,N,2026-10-04 05:57:05,Sedang
-2.6646,113.00261,329.21,0.61,0.53,2026-10-03,1726,N20,VIIRS,n,2.0NRT,295.13,5.94,N,2026-10-04 05:57:05,Sedang
-2.66452,112.20001,316.31,0.35,0.56,2026-10-03,1726,N20,VIIRS,n,2.0NRT,290.79,1.06,N,2026-10-04 05:57:05,Sedang
-2.66426,111.56206,304.09,0.38,0.59,2026-10-03,1726,N20,VIIRS,n,2.0NRT,290.19,1.9,N,2026-10-04 05:57:05,Sedang
-2.65585,121.71659,301.8,0.39,0.36,2026-10-03,1726,N20,VIIRS,n,2.0NRT,272.52,0.87,N,2026-10-04 05:57:05,Sedang
-2.65507,115.98782,308.69,0.39,0.44,2026-10-03,1726,N20,VIIRS,n,2.0NRT,293.38,0.85,N,2026-10-04 05:57:05,Sedang
-2.65463,111.57079,352.2,0.38,0.59,2026-10-03,1726,N20,VIIRS,n,2.0NRT,299.9,35.93,N,2026-10-04 05:57:05,Sedang
-2.65441,111.58222,328.38,0.38,0.59,2026-10-03,1726,N20,VIIRS,n,2.0NRT,291.31,3.45,N,2026-10-04 05:57:05,Sedang
-2.65345,111.5639,323.86,0.38,0.59,2026-10-03,1726,N20,VIIRS,n,2.0NRT,291.23,2.24,N,2026-10-04 05:57:05,Sedang
-2.65263,111.08838,318.81,0.41,0.61,2026-10-03,1726,N20,VIIRS,n,2.0NRT,291.53,1.51,N,2026-10-04 05:57:05,Sedang
-2.65258,112.19242,305.81,0.35,0.56,2026-10-03,1726,N20,VIIRS,n,2.0NRT,290.44,0.68,N,2026-10-04 05:57:05,Sedang
-2.65113,115.93861,305.77,0.39,0.44,2026-10-03,1726,N20,VIIRS,n,2.0NRT,294.1,1.39,N,2026-10-04 05:57:05,Sedang
-2.64882,111.203,313.76,0.41,0.6,2026-10-03,1726,N20,VIIRS,n,2.0NRT,292.11,4.92,N,2026-10-04 05:57:05,Sedang
-2.64855,112.8952,306.68,0.62,0.54,2026-10-03,1726,N20,VIIRS,n,2.0NRT,293.41,1.84,N,2026-10-04 05:57:05,Sedang
-2.6476,112.88962,309.78,0.62,0.54,2026-10-03,1726,N20,VIIRS,n,2.0NRT,293.51,2.79,N,2026-10-04 05:57:05,Sedang
-2.64365,115.94334,305.36,0.39,0.44,2026-10-03,1726,N20,VIIRS,n,2.0NRT,293.82,1.85,N,2026-10-04 05:57:05,Sedang
-2.64328,111.20396,310.74,0.41,0.6,2026-10-03,1726,N20,VIIRS,n,2.0NRT,292.82,4.92,N,2026-10-04 05:57:05,Sedang
-2.64318,111.6825,323.27,0.38,0.58,2026-10-03,1726,N20,VIIRS,n,2.0NRT,292.45,2.44,N,2026-10-04 05:57:05,Sedang
-2.63332,115.95567,305.95,0.39,0.44,2026-10-03,1726,N20,VIIRS,n,2.0NRT,293.21,1.24,N,2026-10-04 05:57:05,Sedang
-2.63282,111.20951,312.9,0.41,0.6,2026-10-03,1726,N20,VIIRS,n,2.0NRT,291.99,1.22,N,2026-10-04 05:57:05,Sedang
-2.6307,114.32908,297.61,0.5,0.49,2026-10-03,1726,N20,VIIRS,n,2.0NRT,274.51,1.61,N,2026-10-04 05:57:05,Sedang
-2.62722,115.13154,311.75,0.44,0.46,2026-10-03,1726,N20,VIIRS,n,2.0NRT,289.98,1.36,N,2026-10-04 05:57:05,Sedang
-2.62493,115.90479,302.81,0.39,0.44,2026-10-03,1726,N20,VIIRS,n,2.0NRT,291.84,0.29,N,2026-10-04 05:57:05,Sedang
-2.62454,112.66,309.76,0.32,0.55,2026-10-03,1726,N20,VIIRS,n,2.0NRT,292.86,0.7,N,2026-10-04 05:57:05,Sedang
-2.61515,114.29034,299.08,0.5,0.49,2026-10-03,1726,N20,VIIRS,n,2.0NRT,278.45,1.75,N,2026-10-04 05:57:05,Sedang
-2.6124,112.86885,303.38,0.62,0.54,2026-10-03,1726,N20,VIIRS,n,2.0NRT,292.54,0.96,N,2026-10-04 05:57:05,Sedang
-2.6114,114.29557,306.13,0.5,0.49,2026-10-03,1726,N20,VIIRS,n,2.0NRT,280.46,2.93,N,2026-10-04 05:57:05,Sedang
-2.60771,114.27313,304.25,0.5,0.49,2026-10-03,1726,N20,VIIRS,n,2.0NRT,279.73,2.14,N,2026-10-04 05:57:05,Sedang
-2.60469,114.28286,301.48,0.5,0.49,2026-10-03,1726,N20,VIIRS,n,2.0NRT,281.12,2.61,N,2026-10-04 05:57:05,Sedang
-2.60418,121.51886,308.22,0.39,0.36,2026-10-03,1726,N20,VIIRS,n,2.0NRT,284.3,0.81,N,2026-10-04 05:57:05,Sedang
-2.59563,113.04233,304.79,0.61,0.53,2026-10-03,1726,N20,VIIRS,n,2.0NRT,294.08,1.72,N,2026-10-04 05:57:05,Sedang
-2.59471,113.03683,305.51,0.61,0.53,2026-10-03,1726,N20,VIIRS,n,2.0NRT,294.68,1.72,N,2026-10-04 05:57:05,Sedang
-2.58868,114.9242,300.9,0.45,0.47,2026-10-03,1726,N20,VIIRS,n,2.0NRT,280.09,1.62,N,2026-10-04 05:57:05,Sedang
-2.58637,121.12624,303.73,0.38,0.36,2026-10-03,1726,N20,VIIRS,n,2.0NRT,286.05,0.47,N,2026-10-04 05:57:05,Sedang
-2.58523,114.27685,302.89,0.5,0.49,2026-10-03,1726,N20,VIIRS,n,2.0NRT,279.44,2.4,N,2026-10-04 05:57:05,Sedang
-2.58483,113.0511,327.53,0.61,0.53,2026-10-03,1726,N20,VIIRS,n,2.0NRT,295.31,2.93,N,2026-10-04 05:57:05,Sedang
-2.58372,114.29555,303.85,0.5,0.49,2026-10-03,1726,N20,VIIRS,n,2.0NRT,282.93,1.92,N,2026-10-04 05:57:05,Sedang
-2.5828,113.05582,310.31,0.61,0.53,2026-10-03,1726,N20,VIIRS,n,2.0NRT,293.73,2.78,N,2026-10-04 05:57:05,Sedang
-2.58147,114.30972,310.49,0.5,0.49,2026-10-03,1726,N20,VIIRS,n,2.0NRT,285.13,3.12,N,2026-10-04 05:57:05,Sedang
-2.58145,114.33722,306.84,0.5,0.49,2026-10-03,1726,N20,VIIRS,n,2.0NRT,287.23,2.2,N,2026-10-04 05:57:05,Sedang
-2.58122,121.37372,302.6,0.39,0.36,2026-10-03,1726,N20,VIIRS,n,2.0NRT,286.21,1.09,N,2026-10-04 05:57:05,Sedang
-2.58096,113.0449,305.32,0.61,0.53,2026-10-03,1726,N20,VIIRS,n,2.0NRT,293.87,2.81,N,2026-10-04 05:57:05,Sedang
-2.57789,121.67542,308.55,0.39,0.36,2026-10-03,1726,N20,VIIRS,n,2.0NRT,282.72,1.64,N,2026-10-04 05:57:05,Sedang
-2.57462,113.01885,320.53,0.61,0.53,2026-10-03,1726,N20,VIIRS,n,2.0NRT,294.07,4.88,N,2026-10-04 05:57:05,Sedang
-2.57422,113.03477,317.36,0.61,0.53,2026-10-03,1726,N20,VIIRS,n,2.0NRT,295.16,3.07,N,2026-10-04 05:57:05,Sedang
-2.57416,113.04729,307.49,0.61,0.53,2026-10-03,1726,N20,VIIRS,n,2.0NRT,294.04,2.94,N,2026-10-04 05:57:05,Sedang
-2.5737,114.33178,321.48,0.5,0.49,2026-10-03,1726,N20,VIIRS,n,2.0NRT,288.96,2.59,N,2026-10-04 05:57:05,Sedang
-2.57302,113.05746,305.01,0.61,0.53,2026-10-03,1726,N20,VIIRS,n,2.0NRT,293.45,1.62,N,2026-10-04 05:57:05,Sedang
-2.57239,113.03632,309.54,0.61,0.53,2026-10-03,1726,N20,VIIRS,n,2.0NRT,294.21,4.49,N,2026-10-04 05:57:05,Sedang
-2.5699,121.53835,301.96,0.39,0.36,2026-10-03,1726,N20,VIIRS,n,2.0NRT,284.79,1.24,N,2026-10-04 05:57:05,Sedang
-2.56443,113.03647,304.95,0.61,0.53,2026-10-03,1726,N20,VIIRS,n,2.0NRT,293.77,2.54,N,2026-10-04 05:57:05,Sedang
-2.56437,113.04895,306.84,0.61,0.53,2026-10-03,1726,N20,VIIRS,n,2.0NRT,293.63,2.35,N,2026-10-04 05:57:05,Sedang
-2.56351,113.031,313.43,0.61,0.53,2026-10-03,1726,N20,VIIRS,n,2.0NRT,294.67,2.54,N,2026-10-04 05:57:05,Sedang
-2.55882,114.32507,306.92,0.5,0.49,2026-10-03,1726,N20,VIIRS,n,2.0NRT,288,2.67,N,2026-10-04 05:57:05,Sedang
-2.55728,113.39965,305.01,0.58,0.52,2026-10-03,1726,N20,VIIRS,n,2.0NRT,293.9,3.03,N,2026-10-04 05:57:05,Sedang
-2.55434,114.32583,310.44,0.5,0.49,2026-10-03,1726,N20,VIIRS,n,2.0NRT,288.24,2.44,N,2026-10-04 05:57:05,Sedang
-2.55413,111.6134,319.9,0.38,0.59,2026-10-03,1726,N20,VIIRS,n,2.0NRT,290.32,2.61,N,2026-10-04 05:57:05,Sedang
-2.55369,113.04513,315.32,0.61,0.53,2026-10-03,1726,N20,VIIRS,n,2.0NRT,294.17,1.81,N,2026-10-04 05:57:05,Sedang
-2.5528,113.03964,304.66,0.61,0.53,2026-10-03,1726,N20,VIIRS,n,2.0NRT,293.82,1.81,N,2026-10-04 05:57:05,Sedang
-2.5502,110.87204,311.95,0.43,0.62,2026-10-03,1726,N20,VIIRS,n,2.0NRT,290.14,2.23,N,2026-10-04 05:57:05,Sedang
-2.54819,121.10065,301.78,0.38,0.36,2026-10-03,1726,N20,VIIRS,n,2.0NRT,285.51,0.66,N,2026-10-04 05:57:05,Sedang
-2.5439,110.86913,300.67,0.43,0.62,2026-10-03,1726,N20,VIIRS,n,2.0NRT,289.85,0.84,N,2026-10-04 05:57:05,Sedang
-2.54089,114.32806,313.86,0.5,0.49,2026-10-03,1726,N20,VIIRS,n,2.0NRT,286.19,3.39,N,2026-10-04 05:57:05,Sedang
-2.53568,114.32433,301.2,0.5,0.49,2026-10-03,1726,N20,VIIRS,n,2.0NRT,283.55,1.75,N,2026-10-04 05:57:05,Sedang
-2.53375,114.25533,303.75,0.5,0.49,2026-10-03,1726,N20,VIIRS,n,2.0NRT,283.03,0.76,N,2026-10-04 05:57:05,Sedang
-2.53192,114.32955,323.2,0.5,0.49,2026-10-03,1726,N20,VIIRS,n,2.0NRT,284.52,1.75,N,2026-10-04 05:57:05,Sedang
-2.52149,114.3221,300.06,0.5,0.49,2026-10-03,1726,N20,VIIRS,n,2.0NRT,282.7,1.47,N,2026-10-04 05:57:05,Sedang
-2.51645,114.26283,309.96,0.5,0.49,2026-10-03,1726,N20,VIIRS,n,2.0NRT,286.61,3.9,N,2026-10-04 05:57:05,Sedang
-2.51471,114.33698,303.63,0.5,0.49,2026-10-03,1726,N20,VIIRS,n,2.0NRT,277.76,2.97,N,2026-10-04 05:57:05,Sedang
-2.51121,114.25906,304.91,0.5,0.49,2026-10-03,1726,N20,VIIRS,n,2.0NRT,286.68,3.12,N,2026-10-04 05:57:05,Sedang
-2.50466,111.56131,303.46,0.39,0.59,2026-10-03,1726,N20,VIIRS,n,2.0NRT,288.21,0.59,N,2026-10-04 05:57:05,Sedang
-2.50281,114.3206,301.32,0.5,0.49,2026-10-03,1726,N20,VIIRS,n,2.0NRT,278.98,3.77,N,2026-10-04 05:57:05,Sedang
-2.49934,112.18161,298.09,0.35,0.57,2026-10-03,1726,N20,VIIRS,n,2.0NRT,285.63,0.34,N,2026-10-04 05:57:05,Sedang
-2.49843,114.26582,308.85,0.5,0.49,2026-10-03,1726,N20,VIIRS,n,2.0NRT,287.47,3.21,N,2026-10-04 05:57:05,Sedang
-2.49779,116.37745,314.25,0.55,0.43,2026-10-03,1726,N20,VIIRS,n,2.0NRT,292.6,1.99,N,2026-10-04 05:57:05,Sedang
-2.49685,114.31242,303.8,0.5,0.49,2026-10-03,1726,N20,VIIRS,n,2.0NRT,281.52,0.92,N,2026-10-04 05:57:05,Sedang
-2.49467,114.27109,306.35,0.5,0.49,2026-10-03,1726,N20,VIIRS,n,2.0NRT,285.99,3.21,N,2026-10-04 05:57:05,Sedang
-2.49457,114.32656,330.21,0.5,0.49,2026-10-03,1726,N20,VIIRS,n,2.0NRT,281.54,3.47,N,2026-10-04 05:57:05,Sedang
-2.49384,114.32211,309.97,0.5,0.49,2026-10-03,1726,N20,VIIRS,n,2.0NRT,280.48,3.47,N,2026-10-04 05:57:05,Sedang
-2.49269,121.0495,310.15,0.38,0.36,2026-10-03,1726,N20,VIIRS,n,2.0NRT,284.31,0.93,N,2026-10-04 05:57:05,Sedang
-2.49236,114.31318,299.64,0.5,0.49,2026-10-03,1726,N20,VIIRS,n,2.0NRT,280.04,0.92,N,2026-10-04 05:57:05,Sedang
-2.49166,114.28089,313.23,0.5,0.49,2026-10-03,1726,N20,VIIRS,n,2.0NRT,287.28,2.21,N,2026-10-04 05:57:05,Sedang
-2.48718,114.25373,297.71,0.5,0.49,2026-10-03,1726,N20,VIIRS,n,2.0NRT,278.91,1.22,N,2026-10-04 05:57:05,Sedang
-2.48686,111.52126,299.45,0.39,0.59,2026-10-03,1726,N20,VIIRS,n,2.0NRT,285.93,0.67,N,2026-10-04 05:57:05,Sedang
-2.4857,111.51427,300.45,0.39,0.59,2026-10-03,1726,N20,VIIRS,n,2.0NRT,287.21,0.83,N,2026-10-04 05:57:05,Sedang
-2.48486,114.32359,306.51,0.5,0.49,2026-10-03,1726,N20,VIIRS,n,2.0NRT,278.91,4.57,N,2026-10-04 05:57:05,Sedang
-2.48267,114.25447,299.91,0.5,0.49,2026-10-03,1726,N20,VIIRS,n,2.0NRT,280.32,1.22,N,2026-10-04 05:57:05,Sedang
-2.48008,111.54764,301.03,0.39,0.59,2026-10-03,1726,N20,VIIRS,n,2.0NRT,286.59,0.27,N,2026-10-04 05:57:05,Sedang
-2.47862,112.9269,306.85,0.62,0.54,2026-10-03,1726,N20,VIIRS,n,2.0NRT,292.73,2.51,N,2026-10-04 05:57:05,Sedang
-2.47795,113.27425,308.44,0.59,0.53,2026-10-03,1726,N20,VIIRS,n,2.0NRT,293.88,3.15,N,2026-10-04 05:57:05,Sedang
-2.47481,111.71446,301.04,0.38,0.58,2026-10-03,1726,N20,VIIRS,n,2.0NRT,286.99,0.53,N,2026-10-04 05:57:05,Sedang
-2.47226,113.26978,306.51,0.59,0.53,2026-10-03,1726,N20,VIIRS,n,2.0NRT,293.67,0.99,N,2026-10-04 05:57:05,Sedang
-2.46326,116.01579,309.59,0.39,0.44,2026-10-03,1726,N20,VIIRS,n,2.0NRT,294.67,0.88,N,2026-10-04 05:57:05,Sedang
-2.45478,114.43659,301.85,0.49,0.49,2026-10-03,1726,N20,VIIRS,n,2.0NRT,272.63,1.79,N,2026-10-04 05:57:05,Sedang
-2.45406,114.43217,302.06,0.49,0.49,2026-10-03,1726,N20,VIIRS,n,2.0NRT,274.5,3.04,N,2026-10-04 05:57:05,Sedang
-2.44656,111.4812,301.87,0.39,0.59,2026-10-03,1726,N20,VIIRS,n,2.0NRT,290.65,0.73,N,2026-10-04 05:57:05,Sedang
-2.44293,115.91599,303.58,0.39,0.44,2026-10-03,1726,N20,VIIRS,n,2.0NRT,292.33,0.54,N,2026-10-04 05:57:05,Sedang
-2.44237,115.05816,301.53,0.45,0.47,2026-10-03,1726,N20,VIIRS,n,2.0NRT,285.62,1.28,N,2026-10-04 05:57:05,Sedang
-2.4417,111.48566,302.6,0.39,0.59,2026-10-03,1726,N20,VIIRS,n,2.0NRT,291.07,0.73,N,2026-10-04 05:57:05,Sedang
-2.44111,111.48215,306.6,0.39,0.59,2026-10-03,1726,N20,VIIRS,n,2.0NRT,291.29,0.73,N,2026-10-04 05:57:05,Sedang
-2.43503,114.51183,299.68,0.49,0.48,2026-10-03,1726,N20,VIIRS,n,2.0NRT,273.38,1.23,N,2026-10-04 05:57:05,Sedang
-2.43237,116.00302,306.24,0.39,0.44,2026-10-03,1726,N20,VIIRS,n,2.0NRT,294.38,1.16,N,2026-10-04 05:57:05,Sedang
-2.42101,114.50965,308.27,0.49,0.48,2026-10-03,1726,N20,VIIRS,n,2.0NRT,280.04,1.69,N,2026-10-04 05:57:05,Sedang
-2.40925,114.49364,309.56,0.49,0.48,2026-10-03,1726,N20,VIIRS,n,2.0NRT,281.45,2.96,N,2026-10-04 05:57:05,Sedang
-2.4092,111.49913,314.25,0.39,0.59,2026-10-03,1726,N20,VIIRS,n,2.0NRT,293.24,1.61,N,2026-10-04 05:57:05,Sedang
-2.40781,114.48489,306.26,0.49,0.48,2026-10-03,1726,N20,VIIRS,n,2.0NRT,279.94,1.51,N,2026-10-04 05:57:05,Sedang
-2.40481,114.49437,323.34,0.49,0.48,2026-10-03,1726,N20,VIIRS,n,2.0NRT,283,2.96,N,2026-10-04 05:57:05,Sedang
-2.40375,111.50005,304.33,0.39,0.59,2026-10-03,1726,N20,VIIRS,n,2.0NRT,292.28,1.61,N,2026-10-04 05:57:05,Sedang
-2.40331,114.5909,300.61,0.48,0.48,2026-10-03,1726,N20,VIIRS,n,2.0NRT,282.94,1.15,N,2026-10-04 05:57:05,Sedang
-2.40264,114.48124,304.09,0.49,0.48,2026-10-03,1726,N20,VIIRS,n,2.0NRT,280.97,1.51,N,2026-10-04 05:57:05,Sedang
-2.39674,114.4732,303.37,0.49,0.49,2026-10-03,1726,N20,VIIRS,n,2.0NRT,282.07,2.93,N,2026-10-04 05:57:05,Sedang
-2.39394,114.50309,305.21,0.49,0.48,2026-10-03,1726,N20,VIIRS,n,2.0NRT,283.6,1.69,N,2026-10-04 05:57:05,Sedang
-2.39255,114.49433,308.85,0.49,0.48,2026-10-03,1726,N20,VIIRS,n,2.0NRT,282.58,2.11,N,2026-10-04 05:57:05,Sedang
-2.38079,114.56341,309.53,0.48,0.48,2026-10-03,1726,N20,VIIRS,n,2.0NRT,282.07,3.91,N,2026-10-04 05:57:05,Sedang
-2.37706,114.56847,303.87,0.48,0.48,2026-10-03,1726,N20,VIIRS,n,2.0NRT,283.01,1.58,N,2026-10-04 05:57:05,Sedang
-2.37194,114.56487,305.79,0.48,0.48,2026-10-03,1726,N20,VIIRS,n,2.0NRT,281.51,1.58,N,2026-10-04 05:57:05,Sedang
-2.37025,114.02937,303.68,0.52,0.5,2026-10-03,1726,N20,VIIRS,n,2.0NRT,269.92,1.76,N,2026-10-04 05:57:05,Sedang
-2.36752,114.5656,315.4,0.48,0.48,2026-10-03,1726,N20,VIIRS,n,2.0NRT,281.89,2.79,N,2026-10-04 05:57:05,Sedang
-2.36476,113.33253,309.8,0.59,0.53,2026-10-03,1726,N20,VIIRS,n,2.0NRT,293.81,2.29,N,2026-10-04 05:57:05,Sedang
-2.36309,114.56631,306.25,0.48,0.48,2026-10-03,1726,N20,VIIRS,n,2.0NRT,280.63,2.79,N,2026-10-04 05:57:05,Sedang
-2.36262,114.04036,306.33,0.52,0.5,2026-10-03,1726,N20,VIIRS,n,2.0NRT,275.62,2.55,N,2026-10-04 05:57:05,Sedang
-2.3624,114.56199,321.47,0.48,0.48,2026-10-03,1726,N20,VIIRS,n,2.0NRT,280.63,2.08,N,2026-10-04 05:57:05,Sedang
-2.36108,114.03094,314.83,0.52,0.5,2026-10-03,1726,N20,VIIRS,n,2.0NRT,274.32,2.1,N,2026-10-04 05:57:05,Sedang
-2.35425,114.56777,310.58,0.48,0.48,2026-10-03,1726,N20,VIIRS,n,2.0NRT,278.7,2.56,N,2026-10-04 05:57:05,Sedang
-2.35354,114.56343,316.73,0.48,0.48,2026-10-03,1726,N20,VIIRS,n,2.0NRT,279.73,2.37,N,2026-10-04 05:57:05,Sedang
-2.3519,114.03246,315.17,0.52,0.5,2026-10-03,1726,N20,VIIRS,n,2.0NRT,277.81,4.33,N,2026-10-04 05:57:05,Sedang
-2.34508,114.07688,305.06,0.52,0.5,2026-10-03,1726,N20,VIIRS,n,2.0NRT,281.6,1.58,N,2026-10-04 05:57:05,Sedang
-2.34243,113.34712,304.39,0.58,0.52,2026-10-03,1726,N20,VIIRS,n,2.0NRT,293.61,2.75,N,2026-10-04 05:57:05,Sedang
-2.34137,110.7533,307.03,0.44,0.62,2026-10-03,1726,N20,VIIRS,n,2.0NRT,285.42,1.25,N,2026-10-04 05:57:05,Sedang
-2.34132,116.13365,311.04,0.38,0.43,2026-10-03,1726,N20,VIIRS,n,2.0NRT,293.92,1.59,N,2026-10-04 05:57:05,Sedang
-2.34127,114.08228,316.66,0.52,0.5,2026-10-03,1726,N20,VIIRS,n,2.0NRT,283.05,5.27,N,2026-10-04 05:57:05,Sedang
-2.33921,114.18269,298.06,0.51,0.5,2026-10-03,1726,N20,VIIRS,n,2.0NRT,280.67,0.8,N,2026-10-04 05:57:05,Sedang
-2.33889,114.03935,319,0.52,0.5,2026-10-03,1726,N20,VIIRS,n,2.0NRT,278.57,2.74,N,2026-10-04 05:57:05,Sedang
-2.33811,114.03461,307.72,0.52,0.5,2026-10-03,1726,N20,VIIRS,n,2.0NRT,277.95,2.74,N,2026-10-04 05:57:05,Sedang
-2.33438,114.06901,312.97,0.52,0.5,2026-10-03,1726,N20,VIIRS,n,2.0NRT,283.39,4.29,N,2026-10-04 05:57:05,Sedang
-2.3343,114.04008,323.45,0.52,0.5,2026-10-03,1726,N20,VIIRS,n,2.0NRT,279.38,2.54,N,2026-10-04 05:57:05,Sedang
-2.33128,111.43592,306.28,0.4,0.6,2026-10-03,1726,N20,VIIRS,n,2.0NRT,292.2,1.02,N,2026-10-04 05:57:05,Sedang
-2.33048,114.04552,315.39,0.52,0.5,2026-10-03,1726,N20,VIIRS,n,2.0NRT,280.15,4.04,N,2026-10-04 05:57:05,Sedang
-2.33045,120.77637,298.62,0.38,0.36,2026-10-03,1726,N20,VIIRS,n,2.0NRT,285.06,0.4,N,2026-10-04 05:57:05,Sedang
-2.32824,114.06037,304.17,0.52,0.5,2026-10-03,1726,N20,VIIRS,n,2.0NRT,283.08,2.91,N,2026-10-04 05:57:05,Sedang
-2.32658,114.02197,309.74,0.53,0.5,2026-10-03,1726,N20,VIIRS,n,2.0NRT,278.87,2.22,N,2026-10-04 05:57:05,Sedang
-2.32619,119.54775,301.81,0.4,0.37,2026-10-03,1726,N20,VIIRS,n,2.0NRT,284.46,0.6,N,2026-10-04 05:57:05,Sedang
-2.32607,112.81311,305.63,0.32,0.54,2026-10-03,1726,N20,VIIRS,n,2.0NRT,291.19,1.52,N,2026-10-04 05:57:05,Sedang
-2.32514,114.21564,313.44,0.51,0.49,2026-10-03,1726,N20,VIIRS,n,2.0NRT,285.83,3.79,N,2026-10-04 05:57:05,Sedang
-2.32443,114.06581,308.15,0.52,0.5,2026-10-03,1726,N20,VIIRS,n,2.0NRT,284.29,4.08,N,2026-10-04 05:57:05,Sedang
-2.32425,114.06312,334.75,0.52,0.5,2026-10-03,1726,N20,VIIRS,n,2.0NRT,285.17,5.91,N,2026-10-04 05:57:05,Sedang
-2.32061,114.21641,312.15,0.51,0.49,2026-10-03,1726,N20,VIIRS,n,2.0NRT,286.68,2.54,N,2026-10-04 05:57:05,Sedang
-2.32041,114.01327,302.8,0.53,0.5,2026-10-03,1726,N20,VIIRS,n,2.0NRT,279.04,2.39,N,2026-10-04 05:57:05,Sedang
-2.32031,111.43777,306.58,0.4,0.6,2026-10-03,1726,N20,VIIRS,n,2.0NRT,292.38,1.98,N,2026-10-04 05:57:05,Sedang
-2.31925,114.17882,311.8,0.51,0.5,2026-10-03,1726,N20,VIIRS,n,2.0NRT,278.14,1.85,N,2026-10-04 05:57:05,Sedang
-2.31851,114.17419,311.3,0.51,0.5,2026-10-03,1726,N20,VIIRS,n,2.0NRT,278.62,2.72,N,2026-10-04 05:57:05,Sedang
-2.31752,115.96358,305.12,0.39,0.44,2026-10-03,1726,N20,VIIRS,n,2.0NRT,289.78,1.29,N,2026-10-04 05:57:05,Sedang
-2.31677,114.01591,304.32,0.53,0.5,2026-10-03,1726,N20,VIIRS,n,2.0NRT,281.31,1.27,N,2026-10-04 05:57:05,Sedang
-2.3147,114.17958,297.23,0.51,0.5,2026-10-03,1726,N20,VIIRS,n,2.0NRT,280.95,1.2,N,2026-10-04 05:57:05,Sedang
-2.31423,111.43513,307.1,0.4,0.6,2026-10-03,1726,N20,VIIRS,n,2.0NRT,292.41,1.29,N,2026-10-04 05:57:05,Sedang
-2.31387,111.43459,309.33,0.4,0.6,2026-10-03,1726,N20,VIIRS,n,2.0NRT,292.4,1.47,N,2026-10-04 05:57:05,Sedang
-2.31377,112.80043,309.22,0.32,0.55,2026-10-03,1726,N20,VIIRS,n,2.0NRT,292.4,1.04,N,2026-10-04 05:57:05,Sedang
-2.31045,113.3277,305.25,0.59,0.53,2026-10-03,1726,N20,VIIRS,n,2.0NRT,293.89,2.71,N,2026-10-04 05:57:05,Sedang
-2.31006,114.20872,316.2,0.51,0.49,2026-10-03,1726,N20,VIIRS,n,2.0NRT,287.8,4.18,N,2026-10-04 05:57:05,Sedang
-2.30932,114.20413,308.75,0.51,0.49,2026-10-03,1726,N20,VIIRS,n,2.0NRT,286.74,2.83,N,2026-10-04 05:57:05,Sedang
-2.30735,113.31487,305.27,0.59,0.53,2026-10-03,1726,N20,VIIRS,n,2.0NRT,294.13,1.88,N,2026-10-04 05:57:05,Sedang
-2.30709,114.19032,320.32,0.51,0.5,2026-10-03,1726,N20,VIIRS,n,2.0NRT,287.43,2.99,N,2026-10-04 05:57:05,Sedang
-2.30478,114.20489,321.91,0.51,0.49,2026-10-03,1726,N20,VIIRS,n,2.0NRT,289.89,2.83,N,2026-10-04 05:57:05,Sedang
-2.30441,114.05674,307.64,0.52,0.5,2026-10-03,1726,N20,VIIRS,n,2.0NRT,285.36,1.67,N,2026-10-04 05:57:05,Sedang
-2.30374,114.05474,307.37,0.52,0.5,2026-10-03,1726,N20,VIIRS,n,2.0NRT,285.15,1.5,N,2026-10-04 05:57:05,Sedang
-2.30307,113.31247,319.32,0.59,0.53,2026-10-03,1726,N20,VIIRS,n,2.0NRT,293.67,6.54,N,2026-10-04 05:57:05,Sedang
-2.30267,111.43346,305.42,0.4,0.6,2026-10-03,1726,N20,VIIRS,n,2.0NRT,292.06,1.58,N,2026-10-04 05:57:05,Sedang
-2.30255,114.19106,312.88,0.51,0.5,2026-10-03,1726,N20,VIIRS,n,2.0NRT,289.18,2.99,N,2026-10-04 05:57:05,Sedang
-2.29946,113.47427,304.19,0.57,0.52,2026-10-03,1726,N20,VIIRS,n,2.0NRT,292.76,1.08,N,2026-10-04 05:57:05,Sedang
-2.29737,112.79439,304.28,0.32,0.55,2026-10-03,1726,N20,VIIRS,n,2.0NRT,293.15,0.72,N,2026-10-04 05:57:05,Sedang
-2.29686,114.0095,301.43,0.53,0.5,2026-10-03,1726,N20,VIIRS,n,2.0NRT,282.41,2.08,N,2026-10-04 05:57:05,Sedang
-2.29426,113.31939,318.84,0.59,0.53,2026-10-03,1726,N20,VIIRS,n,2.0NRT,294.62,3.68,N,2026-10-04 05:57:05,Sedang
-2.29302,114.01499,314.47,0.53,0.5,2026-10-03,1726,N20,VIIRS,n,2.0NRT,283.3,2.08,N,2026-10-04 05:57:05,Sedang
-2.28889,113.88098,300.66,0.54,0.51,2026-10-03,1726,N20,VIIRS,n,2.0NRT,285.19,1.5,N,2026-10-04 05:57:05,Sedang
-2.28478,116.4511,305.26,0.55,0.43,2026-10-03,1726,N20,VIIRS,n,2.0NRT,293.45,1.15,N,2026-10-04 05:57:05,Sedang
-2.28447,116.25092,305.15,0.57,0.43,2026-10-03,1726,N20,VIIRS,n,2.0NRT,292.33,1.43,N,2026-10-04 05:57:05,Sedang
-2.27332,111.49622,322.63,0.39,0.6,2026-10-03,1726,N20,VIIRS,n,2.0NRT,292.96,2.67,N,2026-10-04 05:57:05,Sedang
-2.27288,121.76684,304.95,0.39,0.36,2026-10-03,1726,N20,VIIRS,n,2.0NRT,293.15,1.3,N,2026-10-04 05:57:05,Sedang
-2.27274,111.49272,302.72,0.39,0.6,2026-10-03,1726,N20,VIIRS,n,2.0NRT,292.23,3.08,N,2026-10-04 05:57:05,Sedang
-2.26901,121.76387,306.16,0.39,0.36,2026-10-03,1726,N20,VIIRS,n,2.0NRT,293.77,1.3,N,2026-10-04 05:57:05,Sedang
-2.26312,114.31936,302.23,0.5,0.49,2026-10-03,1726,N20,VIIRS,n,2.0NRT,286.86,1.32,N,2026-10-04 05:57:05,Sedang
-2.26247,113.78033,314.21,0.55,0.51,2026-10-03,1726,N20,VIIRS,n,2.0NRT,293.19,2.03,N,2026-10-04 05:57:05,Sedang
-2.2624,111.49815,317.41,0.39,0.6,2026-10-03,1726,N20,VIIRS,n,2.0NRT,293.37,3.51,N,2026-10-04 05:57:05,Sedang
-2.26182,111.49463,340.31,0.39,0.6,2026-10-03,1726,N20,VIIRS,n,2.0NRT,294.9,2.88,N,2026-10-04 05:57:05,Sedang
-2.25954,114.59552,303.17,0.48,0.48,2026-10-03,1726,N20,VIIRS,n,2.0NRT,272.98,1.61,N,2026-10-04 05:57:05,Sedang
-2.25464,113.98234,300.88,0.53,0.5,2026-10-03,1726,N20,VIIRS,n,2.0NRT,280.99,2.06,N,2026-10-04 05:57:05,Sedang
-2.25089,111.4965,305.32,0.39,0.6,2026-10-03,1726,N20,VIIRS,n,2.0NRT,291.91,7.59,N,2026-10-04 05:57:05,Sedang
-2.2503,111.49296,310.68,0.39,0.6,2026-10-03,1726,N20,VIIRS,n,2.0NRT,291.51,7.59,N,2026-10-04 05:57:05,Sedang
-2.24956,114.64591,312.44,0.48,0.48,2026-10-03,1726,N20,VIIRS,n,2.0NRT,286.54,3.16,N,2026-10-04 05:57:05,Sedang
-2.24886,114.64159,309.6,0.48,0.48,2026-10-03,1726,N20,VIIRS,n,2.0NRT,286.28,2.39,N,2026-10-04 05:57:05,Sedang
-2.24808,114.28459,307.05,0.51,0.49,2026-10-03,1726,N20,VIIRS,n,2.0NRT,288.79,2.49,N,2026-10-04 05:57:05,Sedang
-2.24706,114.28773,308.18,0.51,0.49,2026-10-03,1726,N20,VIIRS,n,2.0NRT,289.31,1.2,N,2026-10-04 05:57:05,Sedang
-2.24684,111.02036,301.73,0.42,0.61,2026-10-03,1726,N20,VIIRS,n,2.0NRT,276.45,3.27,N,2026-10-04 05:57:05,Sedang
-2.24602,113.89999,312.81,0.54,0.51,2026-10-03,1726,N20,VIIRS,n,2.0NRT,273.76,2.47,N,2026-10-04 05:57:05,Sedang
-2.24466,114.61574,309.56,0.48,0.48,2026-10-03,1726,N20,VIIRS,n,2.0NRT,283.6,2.97,N,2026-10-04 05:57:05,Sedang
-2.24375,114.63801,323.05,0.48,0.48,2026-10-03,1726,N20,VIIRS,n,2.0NRT,287.22,4.85,N,2026-10-04 05:57:05,Sedang
-2.24353,111.01828,336.42,0.42,0.61,2026-10-03,1726,N20,VIIRS,n,2.0NRT,280.24,5.34,N,2026-10-04 05:57:05,Sedang
-2.24305,114.6337,315.56,0.48,0.48,2026-10-03,1726,N20,VIIRS,n,2.0NRT,286.74,2.58,N,2026-10-04 05:57:05,Sedang
-2.24032,114.95499,303.35,0.46,0.47,2026-10-03,1726,N20,VIIRS,n,2.0NRT,285.07,0.78,N,2026-10-04 05:57:05,Sedang
-2.22294,115.49184,306.38,0.42,0.45,2026-10-03,1726,N20,VIIRS,n,2.0NRT,291.57,1.3,N,2026-10-04 05:57:05,Sedang
-2.21958,114.62873,304.01,0.48,0.48,2026-10-03,1726,N20,VIIRS,n,2.0NRT,283.63,2.82,N,2026-10-04 05:57:05,Sedang
-2.21887,114.62441,328.16,0.48,0.48,2026-10-03,1726,N20,VIIRS,n,2.0NRT,285.45,2.82,N,2026-10-04 05:57:05,Sedang
-2.21217,114.63879,304.36,0.48,0.48,2026-10-03,1726,N20,VIIRS,n,2.0NRT,283.27,2.08,N,2026-10-04 05:57:05,Sedang
-2.21146,114.63448,315.6,0.48,0.48,2026-10-03,1726,N20,VIIRS,n,2.0NRT,285.26,2.08,N,2026-10-04 05:57:05,Sedang
-2.20945,115.49763,325.46,0.42,0.45,2026-10-03,1726,N20,VIIRS,n,2.0NRT,292.65,3.35,N,2026-10-04 05:57:05,Sedang
-2.20871,114.28001,305.1,0.51,0.49,2026-10-03,1726,N20,VIIRS,n,2.0NRT,291.26,1.91,N,2026-10-04 05:57:05,Sedang
-2.20687,113.80656,321.24,0.55,0.51,2026-10-03,1726,N20,VIIRS,n,2.0NRT,290.72,2.33,N,2026-10-04 05:57:05,Sedang
-2.2065,114.26631,305.59,0.51,0.49,2026-10-03,1726,N20,VIIRS,n,2.0NRT,291.77,2.24,N,2026-10-04 05:57:05,Sedang
-2.20606,113.80167,303.67,0.55,0.51,2026-10-03,1726,N20,VIIRS,n,2.0NRT,290.44,2.35,N,2026-10-04 05:57:05,Sedang
-2.20492,114.2853,313.73,0.51,0.49,2026-10-03,1726,N20,VIIRS,n,2.0NRT,292.02,3.03,N,2026-10-04 05:57:05,Sedang
-2.20219,113.80734,304.77,0.55,0.51,2026-10-03,1726,N20,VIIRS,n,2.0NRT,289.15,2.33,N,2026-10-04 05:57:05,Sedang
-2.2017,113.86253,303.11,0.54,0.51,2026-10-03,1726,N20,VIIRS,n,2.0NRT,283.09,1.07,N,2026-10-04 05:57:05,Sedang
-2.20074,113.82767,320.99,0.54,0.51,2026-10-03,1726,N20,VIIRS,n,2.0NRT,287.75,5.5,N,2026-10-04 05:57:05,Sedang
-2.19994,113.82278,306.15,0.55,0.51,2026-10-03,1726,N20,VIIRS,n,2.0NRT,287.9,3.09,N,2026-10-04 05:57:05,Sedang
-2.19285,113.80889,303.07,0.55,0.51,2026-10-03,1726,N20,VIIRS,n,2.0NRT,286.59,1.75,N,2026-10-04 05:57:05,Sedang
-2.19204,113.80401,302.16,0.55,0.51,2026-10-03,1726,N20,VIIRS,n,2.0NRT,288.27,0.99,N,2026-10-04 05:57:05,Sedang
-2.19097,115.92979,314.41,0.4,0.44,2026-10-03,1726,N20,VIIRS,n,2.0NRT,292.77,1.92,N,2026-10-04 05:57:05,Sedang
-2.18994,115.53574,303.58,0.42,0.45,2026-10-03,1726,N20,VIIRS,n,2.0NRT,292.71,1.52,N,2026-10-04 05:57:05,Sedang
-2.18572,115.92312,311.25,0.4,0.44,2026-10-03,1726,N20,VIIRS,n,2.0NRT,292.54,1.05,N,2026-10-04 05:57:05,Sedang
-2.1835,113.81042,308.57,0.55,0.51,2026-10-03,1726,N20,VIIRS,n,2.0NRT,288.05,1.87,N,2026-10-04 05:57:05,Sedang
-2.18207,113.83073,313.26,0.54,0.51,2026-10-03,1726,N20,VIIRS,n,2.0NRT,287.03,2.57,N,2026-10-04 05:57:05,Sedang
-2.18107,115.92014,304.72,0.4,0.44,2026-10-03,1726,N20,VIIRS,n,2.0NRT,292.82,1.05,N,2026-10-04 05:57:05,Sedang
-2.17652,115.89263,305.52,0.4,0.44,2026-10-03,1726,N20,VIIRS,n,2.0NRT,293.13,0.78,N,2026-10-04 05:57:05,Sedang
-2.17367,113.79448,307.34,0.55,0.51,2026-10-03,1726,N20,VIIRS,n,2.0NRT,291,4.24,N,2026-10-04 05:57:05,Sedang
-2.16022,116.40189,306.67,0.56,0.43,2026-10-03,1726,N20,VIIRS,n,2.0NRT,291.89,2.44,N,2026-10-04 05:57:05,Sedang
-2.15923,113.05392,302.45,0.62,0.54,2026-10-03,1726,N20,VIIRS,n,2.0NRT,290.31,1.26,N,2026-10-04 05:57:05,Sedang
-2.15916,112.17435,306.88,0.35,0.57,2026-10-03,1726,N20,VIIRS,n,2.0NRT,292.33,1.52,N,2026-10-04 05:57:05,Sedang
-2.15882,113.74883,309.16,0.55,0.51,2026-10-03,1726,N20,VIIRS,n,2.0NRT,293.36,4.54,N,2026-10-04 05:57:05,Sedang
-2.15093,115.88918,304,0.4,0.44,2026-10-03,1726,N20,VIIRS,n,2.0NRT,291.21,1.05,N,2026-10-04 05:57:05,Sedang
-2.15066,114.26615,309.46,0.51,0.49,2026-10-03,1726,N20,VIIRS,n,2.0NRT,289.3,5.16,N,2026-10-04 05:57:05,Sedang
-2.14944,113.75042,315.68,0.55,0.51,2026-10-03,1726,N20,VIIRS,n,2.0NRT,294.1,4.75,N,2026-10-04 05:57:05,Sedang
-2.14764,114.27604,303.85,0.51,0.49,2026-10-03,1726,N20,VIIRS,n,2.0NRT,286.27,1.36,N,2026-10-04 05:57:05,Sedang
-2.14474,113.75118,329.2,0.55,0.51,2026-10-03,1726,N20,VIIRS,n,2.0NRT,294.6,4.75,N,2026-10-04 05:57:05,Sedang
-2.14387,114.28131,305.01,0.51,0.49,2026-10-03,1726,N20,VIIRS,n,2.0NRT,285.06,1.51,N,2026-10-04 05:57:05,Sedang
-2.14242,113.77942,315.9,0.55,0.51,2026-10-03,1726,N20,VIIRS,n,2.0NRT,292.46,2.49,N,2026-10-04 05:57:05,Sedang
-2.14236,114.27222,303.64,0.51,0.49,2026-10-03,1726,N20,VIIRS,n,2.0NRT,286.43,1.36,N,2026-10-04 05:57:05,Sedang
-2.14163,113.77453,313.73,0.55,0.51,2026-10-03,1726,N20,VIIRS,n,2.0NRT,292.06,2.49,N,2026-10-04 05:57:05,Sedang
-2.12638,113.31618,297.77,0.59,0.53,2026-10-03,1726,N20,VIIRS,n,2.0NRT,283.47,1.01,N,2026-10-04 05:57:05,Sedang
-2.112,114.29233,299.99,0.51,0.49,2026-10-03,1726,N20,VIIRS,n,2.0NRT,278.49,1.59,N,2026-10-04 05:57:05,Sedang
-2.10972,113.81511,299.28,0.55,0.51,2026-10-03,1726,N20,VIIRS,n,2.0NRT,280.36,0.38,N,2026-10-04 05:57:05,Sedang
-2.10568,113.51862,312.97,0.57,0.52,2026-10-03,1726,N20,VIIRS,n,2.0NRT,291.26,3.56,N,2026-10-04 05:57:05,Sedang
-2.10489,113.78549,305.83,0.55,0.51,2026-10-03,1726,N20,VIIRS,n,2.0NRT,289.76,1.61,N,2026-10-04 05:57:05,Sedang
-2.10463,113.72459,310.82,0.56,0.51,2026-10-03,1726,N20,VIIRS,n,2.0NRT,289.37,2.11,N,2026-10-04 05:57:05,Sedang
-2.10092,113.40198,306.81,0.58,0.52,2026-10-03,1726,N20,VIIRS,n,2.0NRT,289.86,2.88,N,2026-10-04 05:57:05,Sedang
-2.09842,114.29452,297.44,0.51,0.49,2026-10-03,1726,N20,VIIRS,n,2.0NRT,269.27,1.87,N,2026-10-04 05:57:05,Sedang
-2.09805,112.61624,305,0.33,0.55,2026-10-03,1726,N20,VIIRS,n,2.0NRT,292.42,0.6,N,2026-10-04 05:57:05,Sedang
-2.09756,112.61326,303.26,0.33,0.55,2026-10-03,1726,N20,VIIRS,n,2.0NRT,292.24,0.6,N,2026-10-04 05:57:05,Sedang
-2.09654,114.19588,307.9,0.52,0.5,2026-10-03,1726,N20,VIIRS,n,2.0NRT,271.61,2.13,N,2026-10-04 05:57:05,Sedang
-2.09442,120.14581,304.07,0.39,0.36,2026-10-03,1726,N20,VIIRS,n,2.0NRT,281.61,0.94,N,2026-10-04 05:57:05,Sedang
-2.09199,114.19664,313.52,0.52,0.5,2026-10-03,1726,N20,VIIRS,n,2.0NRT,272.22,5.32,N,2026-10-04 05:57:05,Sedang
-2.09041,113.39832,305.17,0.59,0.52,2026-10-03,1726,N20,VIIRS,n,2.0NRT,285.12,2.06,N,2026-10-04 05:57:05,Sedang
-2.09011,115.87399,308.24,0.4,0.44,2026-10-03,1726,N20,VIIRS,n,2.0NRT,293.14,1.43,N,2026-10-04 05:57:05,Sedang
-2.08822,113.74249,312.86,0.55,0.51,2026-10-03,1726,N20,VIIRS,n,2.0NRT,291.86,2.67,N,2026-10-04 05:57:05,Sedang
-2.08518,114.18346,310.13,0.52,0.5,2026-10-03,1726,N20,VIIRS,n,2.0NRT,287.37,5.81,N,2026-10-04 05:57:05,Sedang
-2.08489,115.86765,305.49,0.4,0.44,2026-10-03,1726,N20,VIIRS,n,2.0NRT,292.08,0.81,N,2026-10-04 05:57:05,Sedang
-2.08471,113.39387,325.37,0.59,0.53,2026-10-03,1726,N20,VIIRS,n,2.0NRT,285.29,3.23,N,2026-10-04 05:57:05,Sedang
-2.08137,114.18884,316.28,0.52,0.5,2026-10-03,1726,N20,VIIRS,n,2.0NRT,288.91,2.69,N,2026-10-04 05:57:05,Sedang
-2.08062,114.1842,312.19,0.52,0.5,2026-10-03,1726,N20,VIIRS,n,2.0NRT,287.78,2.69,N,2026-10-04 05:57:05,Sedang
-2.08021,115.86454,304.71,0.4,0.44,2026-10-03,1726,N20,VIIRS,n,2.0NRT,291.91,0.81,N,2026-10-04 05:57:05,Sedang
-2.07799,113.73906,311.56,0.55,0.51,2026-10-03,1726,N20,VIIRS,n,2.0NRT,290.14,1.72,N,2026-10-04 05:57:05,Sedang
-2.07718,113.73412,313.87,0.56,0.51,2026-10-03,1726,N20,VIIRS,n,2.0NRT,290.28,1.72,N,2026-10-04 05:57:05,Sedang
-2.07512,113.78021,313.42,0.55,0.51,2026-10-03,1726,N20,VIIRS,n,2.0NRT,291.45,4.05,N,2026-10-04 05:57:05,Sedang
-2.07358,120.70041,301.35,0.38,0.36,2026-10-03,1726,N20,VIIRS,n,2.0NRT,285.19,0.9,N,2026-10-04 05:57:05,Sedang
-2.07329,113.73984,301.88,0.55,0.51,2026-10-03,1726,N20,VIIRS,n,2.0NRT,287.33,1.72,N,2026-10-04 05:57:05,Sedang
-2.07207,113.79086,306.18,0.55,0.51,2026-10-03,1726,N20,VIIRS,n,2.0NRT,286.88,3.8,N,2026-10-04 05:57:05,Sedang
-2.06838,113.71008,308.76,0.56,0.51,2026-10-03,1726,N20,VIIRS,n,2.0NRT,290.39,3.65,N,2026-10-04 05:57:05,Sedang
-2.06449,113.71585,303.52,0.56,0.51,2026-10-03,1726,N20,VIIRS,n,2.0NRT,289.83,3.48,N,2026-10-04 05:57:05,Sedang
-2.06366,113.71083,305.53,0.56,0.51,2026-10-03,1726,N20,VIIRS,n,2.0NRT,289.59,2.3,N,2026-10-04 05:57:05,Sedang
-2.06,113.74714,305.99,0.55,0.51,2026-10-03,1726,N20,VIIRS,n,2.0NRT,291.06,2.18,N,2026-10-04 05:57:05,Sedang
-2.05917,113.74218,311.05,0.55,0.51,2026-10-03,1726,N20,VIIRS,n,2.0NRT,289.79,2.4,N,2026-10-04 05:57:05,Sedang
-2.0549,112.56263,308.52,0.33,0.56,2026-10-03,1726,N20,VIIRS,n,2.0NRT,293.23,1.55,N,2026-10-04 05:57:05,Sedang
-2.05422,113.7123,303.42,0.56,0.51,2026-10-03,1726,N20,VIIRS,n,2.0NRT,287.35,2.26,N,2026-10-04 05:57:05,Sedang
-2.054,114.19332,326.54,0.52,0.5,2026-10-03,1726,N20,VIIRS,n,2.0NRT,286.2,2.8,N,2026-10-04 05:57:05,Sedang
-2.05019,114.19867,305.81,0.52,0.5,2026-10-03,1726,N20,VIIRS,n,2.0NRT,286.01,3.44,N,2026-10-04 05:57:05,Sedang
-2.04564,114.17085,314.23,0.52,0.5,2026-10-03,1726,N20,VIIRS,n,2.0NRT,286.12,2.85,N,2026-10-04 05:57:05,Sedang
-2.04487,114.1662,315.33,0.52,0.5,2026-10-03,1726,N20,VIIRS,n,2.0NRT,287.19,4.22,N,2026-10-04 05:57:05,Sedang
-2.04335,114.15689,309.12,0.52,0.5,2026-10-03,1726,N20,VIIRS,n,2.0NRT,290.22,2.33,N,2026-10-04 05:57:05,Sedang
-2.04335,114.18554,307.73,0.52,0.5,2026-10-03,1726,N20,VIIRS,n,2.0NRT,287.01,2.49,N,2026-10-04 05:57:05,Sedang
-2.03801,114.15298,309.92,0.52,0.5,2026-10-03,1726,N20,VIIRS,n,2.0NRT,290.05,3.48,N,2026-10-04 05:57:05,Sedang
-2.03648,114.14365,310.33,0.52,0.5,2026-10-03,1726,N20,VIIRS,n,2.0NRT,290.47,3.91,N,2026-10-04 05:57:05,Sedang
-2.03494,114.13427,308,0.52,0.5,2026-10-03,1726,N20,VIIRS,n,2.0NRT,290.89,1.75,N,2026-10-04 05:57:05,Sedang
-2.03465,113.95835,307.08,0.54,0.51,2026-10-03,1726,N20,VIIRS,n,2.0NRT,262.94,1.17,N,2026-10-04 05:57:05,Sedang
-2.0319,114.14439,308.79,0.52,0.5,2026-10-03,1726,N20,VIIRS,n,2.0NRT,290.79,3.91,N,2026-10-04 05:57:05,Sedang
-2.03172,113.70104,311.76,0.56,0.51,2026-10-03,1726,N20,VIIRS,n,2.0NRT,280.67,1.53,N,2026-10-04 05:57:05,Sedang
-2.02993,115.94067,304.46,0.4,0.44,2026-10-03,1726,N20,VIIRS,n,2.0NRT,290.91,0.75,N,2026-10-04 05:57:05,Sedang
-2.025,114.13106,306.49,0.52,0.5,2026-10-03,1726,N20,VIIRS,n,2.0NRT,290.77,3.6,N,2026-10-04 05:57:05,Sedang
-2.02148,113.69765,298.47,0.56,0.51,2026-10-03,1726,N20,VIIRS,n,2.0NRT,280.58,3.49,N,2026-10-04 05:57:05,Sedang
-2.01887,114.12241,308.6,0.52,0.5,2026-10-03,1726,N20,VIIRS,n,2.0NRT,288.53,3.33,N,2026-10-04 05:57:05,Sedang
-2.01638,115.80428,303.2,0.41,0.45,2026-10-03,1726,N20,VIIRS,n,2.0NRT,292.53,0.86,N,2026-10-04 05:57:05,Sedang
-2.01173,115.80143,306.39,0.41,0.45,2026-10-03,1726,N20,VIIRS,n,2.0NRT,292.24,0.86,N,2026-10-04 05:57:05,Sedang
-1.99476,113.71235,302.36,0.56,0.51,2026-10-03,1726,N20,VIIRS,n,2.0NRT,285.86,1.89,N,2026-10-04 05:57:05,Sedang
-1.98679,113.69312,314.01,0.56,0.52,2026-10-03,1726,N20,VIIRS,n,2.0NRT,286.75,6.01,N,2026-10-04 05:57:05,Sedang
-1.98451,113.70892,302.41,0.56,0.51,2026-10-03,1726,N20,VIIRS,n,2.0NRT,286.85,2.2,N,2026-10-04 05:57:05,Sedang
-1.98206,113.69388,320.59,0.56,0.52,2026-10-03,1726,N20,VIIRS,n,2.0NRT,287.78,6.82,N,2026-10-04 05:57:05,Sedang
-1.98142,113.71968,309.66,0.56,0.51,2026-10-03,1726,N20,VIIRS,n,2.0NRT,286.24,1.7,N,2026-10-04 05:57:05,Sedang
-1.97695,114.01237,296.39,0.53,0.5,2026-10-03,1726,N20,VIIRS,n,2.0NRT,259.92,1.36,N,2026-10-04 05:57:05,Sedang
-1.97423,113.70538,309.99,0.56,0.51,2026-10-03,1726,N20,VIIRS,n,2.0NRT,289.57,4.52,N,2026-10-04 05:57:05,Sedang
-1.97186,115.86562,308.19,0.4,0.44,2026-10-03,1726,N20,VIIRS,n,2.0NRT,290.63,1.11,N,2026-10-04 05:57:05,Sedang
-1.95797,116.21767,303.92,0.38,0.43,2026-10-03,1726,N20,VIIRS,n,2.0NRT,290.71,0.84,N,2026-10-04 05:57:05,Sedang
-1.95021,115.85777,302.95,0.4,0.45,2026-10-03,1726,N20,VIIRS,n,2.0NRT,290.38,1.81,N,2026-10-04 05:57:05,Sedang
-1.94802,113.42426,295.21,0.59,0.53,2026-10-03,1726,N20,VIIRS,n,2.0NRT,269.11,1.21,N,2026-10-04 05:57:05,Sedang
-1.94161,116.44151,304.79,0.56,0.43,2026-10-03,1726,N20,VIIRS,n,2.0NRT,288.68,1.14,N,2026-10-04 05:57:05,Sedang
-1.93833,114.0018,295.55,0.54,0.5,2026-10-03,1726,N20,VIIRS,n,2.0NRT,266.7,1.72,N,2026-10-04 05:57:05,Sedang
-1.93429,115.96755,309.47,0.4,0.44,2026-10-03,1726,N20,VIIRS,n,2.0NRT,290.04,0.97,N,2026-10-04 05:57:05,Sedang
-1.93217,119.49069,301.3,0.4,0.37,2026-10-03,1726,N20,VIIRS,n,2.0NRT,288.35,0.83,N,2026-10-04 05:57:05,Sedang
-1.93151,114.10568,296.31,0.53,0.5,2026-10-03,1726,N20,VIIRS,n,2.0NRT,268.77,0.99,N,2026-10-04 05:57:05,Sedang
-1.92957,113.85838,301.26,0.55,0.51,2026-10-03,1726,N20,VIIRS,n,2.0NRT,276.19,2.14,N,2026-10-04 05:57:05,Sedang
-1.92829,113.99852,295.27,0.54,0.51,2026-10-03,1726,N20,VIIRS,n,2.0NRT,266.21,1.66,N,2026-10-04 05:57:05,Sedang
-1.92748,115.84647,302.71,0.4,0.45,2026-10-03,1726,N20,VIIRS,n,2.0NRT,288.67,0.83,N,2026-10-04 05:57:05,Sedang
-1.92489,113.85914,312.88,0.55,0.51,2026-10-03,1726,N20,VIIRS,n,2.0NRT,276.89,2.14,N,2026-10-04 05:57:05,Sedang
-1.92018,114.20865,295.75,0.52,0.5,2026-10-03,1726,N20,VIIRS,n,2.0NRT,253.93,1.96,N,2026-10-04 05:57:05,Sedang
-1.91007,113.64585,307.41,0.57,0.52,2026-10-03,1726,N20,VIIRS,n,2.0NRT,281.24,1.95,N,2026-10-04 05:57:05,Sedang
-1.90361,120.33556,301.5,0.39,0.36,2026-10-03,1726,N20,VIIRS,n,2.0NRT,283.42,0.53,N,2026-10-04 05:57:05,Sedang
-1.89729,112.31902,309.46,0.35,0.57,2026-10-03,1726,N20,VIIRS,n,2.0NRT,291.76,1.48,N,2026-10-04 05:57:05,Sedang
-1.88973,115.97482,329.86,0.4,0.44,2026-10-03,1726,N20,VIIRS,n,2.0NRT,291.59,2.23,N,2026-10-04 05:57:05,Sedang
-1.87675,113.77029,303.28,0.56,0.51,2026-10-03,1726,N20,VIIRS,n,2.0NRT,284.57,1.86,N,2026-10-04 05:57:05,Sedang
-1.87575,114.36926,303.67,0.51,0.49,2026-10-03,1726,N20,VIIRS,n,2.0NRT,279.62,2.72,N,2026-10-04 05:57:05,Sedang
-1.85804,115.85775,312.61,0.4,0.45,2026-10-03,1726,N20,VIIRS,n,2.0NRT,291.57,1.29,N,2026-10-04 05:57:05,Sedang
-1.85396,115.85845,306.52,0.4,0.45,2026-10-03,1726,N20,VIIRS,n,2.0NRT,292.42,1.29,N,2026-10-04 05:57:05,Sedang
-1.84599,121.04258,318.58,0.38,0.36,2026-10-03,1726,N20,VIIRS,n,2.0NRT,287.79,2.01,N,2026-10-04 05:57:05,Sedang
-1.84326,112.25056,318.52,0.35,0.57,2026-10-03,1726,N20,VIIRS,n,2.0NRT,288.91,1.98,N,2026-10-04 05:57:05,Sedang
-1.83758,113.43969,301.3,0.59,0.53,2026-10-03,1726,N20,VIIRS,n,2.0NRT,271.2,1.68,N,2026-10-04 05:57:05,Sedang
-1.83672,113.43438,298.26,0.59,0.53,2026-10-03,1726,N20,VIIRS,n,2.0NRT,272.41,2.03,N,2026-10-04 05:57:05,Sedang
-1.83256,113.49985,298.6,0.58,0.52,2026-10-03,1726,N20,VIIRS,n,2.0NRT,269.41,1.38,N,2026-10-04 05:57:05,Sedang
-1.83213,111.03606,318.49,0.43,0.62,2026-10-03,1726,N20,VIIRS,n,2.0NRT,289.29,3.43,N,2026-10-04 05:57:05,Sedang
-1.83171,113.49464,295.58,0.58,0.52,2026-10-03,1726,N20,VIIRS,n,2.0NRT,268.54,1.38,N,2026-10-04 05:57:05,Sedang
-1.83151,111.03219,301.19,0.43,0.62,2026-10-03,1726,N20,VIIRS,n,2.0NRT,288.44,3.2,N,2026-10-04 05:57:05,Sedang
-1.8286,113.50583,301.07,0.58,0.52,2026-10-03,1726,N20,VIIRS,n,2.0NRT,264.66,2.34,N,2026-10-04 05:57:05,Sedang
-1.785,114.41982,306.22,0.5,0.49,2026-10-03,1726,N20,VIIRS,n,2.0NRT,284.8,1.28,N,2026-10-04 05:57:05,Sedang
-1.7811,113.45067,295.89,0.59,0.53,2026-10-03,1726,N20,VIIRS,n,2.0NRT,265.02,0.55,N,2026-10-04 05:57:05,Sedang
-1.76705,114.39481,305.86,0.51,0.49,2026-10-03,1726,N20,VIIRS,n,2.0NRT,284.22,2.46,N,2026-10-04 05:57:05,Sedang
-1.76549,114.41372,304.6,0.51,0.49,2026-10-03,1726,N20,VIIRS,n,2.0NRT,286.15,2.27,N,2026-10-04 05:57:05,Sedang
-1.76402,114.40469,301.56,0.51,0.49,2026-10-03,1726,N20,VIIRS,n,2.0NRT,284.72,1.94,N,2026-10-04 05:57:05,Sedang
-1.7618,114.39103,302.9,0.51,0.49,2026-10-03,1726,N20,VIIRS,n,2.0NRT,285.31,2.51,N,2026-10-04 05:57:05,Sedang
-1.74179,113.97435,311.3,0.54,0.51,2026-10-03,1726,N20,VIIRS,n,2.0NRT,279.66,2.48,N,2026-10-04 05:57:05,Sedang
-1.73551,113.32082,304.91,0.6,0.53,2026-10-03,1726,N20,VIIRS,n,2.0NRT,280.29,2.15,N,2026-10-04 05:57:05,Sedang
-1.72701,113.36106,311.29,0.6,0.53,2026-10-03,1726,N20,VIIRS,n,2.0NRT,270.03,1.61,N,2026-10-04 05:57:05,Sedang
-1.72252,113.39489,298.06,0.59,0.53,2026-10-03,1726,N20,VIIRS,n,2.0NRT,269.38,0.75,N,2026-10-04 05:57:05,Sedang
-1.71659,114.39845,314.9,0.51,0.49,2026-10-03,1726,N20,VIIRS,n,2.0NRT,278.3,2.31,N,2026-10-04 05:57:05,Sedang
-1.71584,114.3939,305.69,0.51,0.49,2026-10-03,1726,N20,VIIRS,n,2.0NRT,279.51,2.15,N,2026-10-04 05:57:05,Sedang
-1.71207,114.39919,310.94,0.51,0.49,2026-10-03,1726,N20,VIIRS,n,2.0NRT,275.44,2.31,N,2026-10-04 05:57:05,Sedang
-1.71131,114.39464,307.41,0.51,0.49,2026-10-03,1726,N20,VIIRS,n,2.0NRT,276.74,2.15,N,2026-10-04 05:57:05,Sedang
-1.70982,113.34739,321.13,0.6,0.53,2026-10-03,1726,N20,VIIRS,n,2.0NRT,274.47,4.7,N,2026-10-04 05:57:05,Sedang
-1.69445,113.97716,309.15,0.54,0.51,2026-10-03,1726,N20,VIIRS,n,2.0NRT,281.87,2.45,N,2026-10-04 05:57:05,Sedang
-1.69422,113.70641,295.65,0.57,0.52,2026-10-03,1726,N20,VIIRS,n,2.0NRT,263.08,1.61,N,2026-10-04 05:57:05,Sedang
-1.69365,113.97222,306.21,0.54,0.51,2026-10-03,1726,N20,VIIRS,n,2.0NRT,282.68,2.39,N,2026-10-04 05:57:05,Sedang
-1.69204,112.44662,303.29,0.35,0.56,2026-10-03,1726,N20,VIIRS,n,2.0NRT,291.29,1.07,N,2026-10-04 05:57:05,Sedang
-1.68639,112.44456,303.68,0.35,0.56,2026-10-03,1726,N20,VIIRS,n,2.0NRT,291.74,1.62,N,2026-10-04 05:57:05,Sedang
-1.68467,114.43855,295.08,0.5,0.49,2026-10-03,1726,N20,VIIRS,n,2.0NRT,270.91,2.13,N,2026-10-04 05:57:05,Sedang
-1.68395,113.54971,315.39,0.58,0.52,2026-10-03,1726,N20,VIIRS,n,2.0NRT,272.23,3.3,N,2026-10-04 05:57:05,Sedang
-1.66269,113.60122,300.55,0.58,0.52,2026-10-03,1726,N20,VIIRS,n,2.0NRT,278.63,2.07,N,2026-10-04 05:57:05,Sedang
-1.65443,120.97164,331.5,0.38,0.36,2026-10-03,1726,N20,VIIRS,n,2.0NRT,281.94,2.96,N,2026-10-04 05:57:05,Sedang
-1.65283,113.18344,302.42,0.62,0.54,2026-10-03,1726,N20,VIIRS,n,2.0NRT,269.74,1.53,N,2026-10-04 05:57:05,Sedang
-1.64356,114.63763,302.96,0.49,0.49,2026-10-03,1726,N20,VIIRS,n,2.0NRT,276.07,1.54,N,2026-10-04 05:57:05,Sedang
-1.64224,114.64892,306.03,0.49,0.49,2026-10-03,1726,N20,VIIRS,n,2.0NRT,280.39,1.87,N,2026-10-04 05:57:05,Sedang
-1.64098,110.44788,307.84,0.47,0.64,2026-10-03,1726,N20,VIIRS,n,2.0NRT,290.39,1,N,2026-10-04 05:57:05,Sedang
-1.63346,113.19982,301.18,0.61,0.54,2026-10-03,1726,N20,VIIRS,n,2.0NRT,266.09,5.03,N,2026-10-04 05:57:05,Sedang
-1.62854,113.159,323.13,0.62,0.54,2026-10-03,1726,N20,VIIRS,n,2.0NRT,279.97,6.91,N,2026-10-04 05:57:05,Sedang
-1.61928,114.64812,301.64,0.49,0.49,2026-10-03,1726,N20,VIIRS,n,2.0NRT,280.58,3.4,N,2026-10-04 05:57:05,Sedang
-1.6086,113.77779,302.08,0.56,0.52,2026-10-03,1726,N20,VIIRS,n,2.0NRT,260.52,1.37,N,2026-10-04 05:57:05,Sedang
-1.60405,113.72131,320.43,0.57,0.52,2026-10-03,1726,N20,VIIRS,n,2.0NRT,260.74,4.14,N,2026-10-04 05:57:05,Sedang
-1.60071,121.12711,298.93,0.38,0.36,2026-10-03,1726,N20,VIIRS,n,2.0NRT,283.99,0.4,N,2026-10-04 05:57:05,Sedang
-1.60063,115.75482,302.98,0.41,0.45,2026-10-03,1726,N20,VIIRS,n,2.0NRT,290.79,0.95,N,2026-10-04 05:57:05,Sedang
-1.57227,112.53459,303.5,0.34,0.56,2026-10-03,1726,N20,VIIRS,n,2.0NRT,292.47,0.61,N,2026-10-04 05:57:05,Sedang
-1.56765,112.53868,328.47,0.34,0.56,2026-10-03,1726,N20,VIIRS,n,2.0NRT,292.37,2.82,N,2026-10-04 05:57:05,Sedang
-1.56219,127.42749,300.8,0.48,0.48,2026-10-03,1726,N20,VIIRS,n,2.0NRT,284.95,1.7,N,2026-10-04 05:57:05,Sedang
-1.56213,114.66202,324.69,0.49,0.49,2026-10-03,1726,N20,VIIRS,n,2.0NRT,276.82,1.37,N,2026-10-04 05:57:05,Sedang
-1.55323,114.66343,299.23,0.49,0.49,2026-10-03,1726,N20,VIIRS,n,2.0NRT,278.66,0.87,N,2026-10-04 05:57:05,Sedang
-1.54467,121.11481,303.5,0.38,0.36,2026-10-03,1726,N20,VIIRS,n,2.0NRT,281.23,0.71,N,2026-10-04 05:57:05,Sedang
-1.5444,110.79908,301.72,0.45,0.63,2026-10-03,1726,N20,VIIRS,n,2.0NRT,289.24,0.62,N,2026-10-04 05:57:05,Sedang
-1.5343,112.52909,305,0.34,0.56,2026-10-03,1726,N20,VIIRS,n,2.0NRT,292.96,1.1,N,2026-10-04 05:57:05,Sedang
-1.53191,121.16242,306.26,0.38,0.36,2026-10-03,1726,N20,VIIRS,n,2.0NRT,282.43,0.86,N,2026-10-04 05:57:05,Sedang
-1.52955,127.41956,302.58,0.47,0.48,2026-10-03,1726,N20,VIIRS,n,2.0NRT,287.37,2.09,N,2026-10-04 05:57:05,Sedang
-1.52953,112.54388,326.62,0.34,0.56,2026-10-03,1726,N20,VIIRS,n,2.0NRT,292.96,2.24,N,2026-10-04 05:57:05,Sedang
-1.52653,112.54612,310.07,0.34,0.56,2026-10-03,1726,N20,VIIRS,n,2.0NRT,292.72,1.44,N,2026-10-04 05:57:05,Sedang
-1.52519,121.22669,305.05,0.38,0.36,2026-10-03,1726,N20,VIIRS,n,2.0NRT,283.14,0.84,N,2026-10-04 05:57:05,Sedang
-1.52331,114.66631,296.08,0.49,0.49,2026-10-03,1726,N20,VIIRS,n,2.0NRT,277.18,1.13,N,2026-10-04 05:57:05,Sedang
-1.52186,115.91479,302.9,0.41,0.45,2026-10-03,1726,N20,VIIRS,n,2.0NRT,288.92,1.11,N,2026-10-04 05:57:05,Sedang
-1.52032,121.17478,308.53,0.38,0.36,2026-10-03,1726,N20,VIIRS,n,2.0NRT,284.44,0.93,N,2026-10-04 05:57:05,Sedang
-1.51818,121.16108,321.44,0.38,0.36,2026-10-03,1726,N20,VIIRS,n,2.0NRT,285.04,2.11,N,2026-10-04 05:57:05,Sedang
-1.5169,122.29278,302.01,0.39,0.36,2026-10-03,1726,N20,VIIRS,n,2.0NRT,281.34,0.76,N,2026-10-04 05:57:05,Sedang
-1.49142,110.15606,303.33,0.5,0.66,2026-10-03,1726,N20,VIIRS,n,2.0NRT,290.28,0.67,N,2026-10-04 05:57:05,Sedang
-1.4888,114.50738,304.08,0.5,0.49,2026-10-03,1726,N20,VIIRS,n,2.0NRT,275.27,1.63,N,2026-10-04 05:57:05,Sedang
-1.48731,116.09068,306.76,0.4,0.44,2026-10-03,1726,N20,VIIRS,n,2.0NRT,290.49,0.89,N,2026-10-04 05:57:05,Sedang
-1.48569,114.40038,298.36,0.51,0.49,2026-10-03,1726,N20,VIIRS,n,2.0NRT,272.84,1.86,N,2026-10-04 05:57:05,Sedang
-1.482,121.19142,304.94,0.38,0.36,2026-10-03,1726,N20,VIIRS,n,2.0NRT,288.04,0.56,N,2026-10-04 05:57:05,Sedang
-1.48115,114.40108,314.64,0.51,0.49,2026-10-03,1726,N20,VIIRS,n,2.0NRT,271.87,1.86,N,2026-10-04 05:57:05,Sedang
-1.4792,121.21646,305.78,0.38,0.36,2026-10-03,1726,N20,VIIRS,n,2.0NRT,289.32,0.6,N,2026-10-04 05:57:05,Sedang
-1.47141,121.25277,323.1,0.38,0.36,2026-10-03,1726,N20,VIIRS,n,2.0NRT,289.74,1.95,N,2026-10-04 05:57:05,Sedang
-1.46901,114.69775,302.26,0.49,0.48,2026-10-03,1726,N20,VIIRS,n,2.0NRT,273.04,1.49,N,2026-10-04 05:57:05,Sedang
-1.46713,121.20428,306.84,0.38,0.36,2026-10-03,1726,N20,VIIRS,n,2.0NRT,290.89,0.89,N,2026-10-04 05:57:05,Sedang
-1.46456,114.69844,304.46,0.49,0.48,2026-10-03,1726,N20,VIIRS,n,2.0NRT,276.67,1.49,N,2026-10-04 05:57:05,Sedang
-1.46384,114.69408,297.55,0.49,0.48,2026-10-03,1726,N20,VIIRS,n,2.0NRT,276.78,1.55,N,2026-10-04 05:57:05,Sedang
-1.46383,121.2048,332.64,0.38,0.36,2026-10-03,1726,N20,VIIRS,n,2.0NRT,291.82,2.87,N,2026-10-04 05:57:05,Sedang
-1.4617,114.68097,295.91,0.49,0.49,2026-10-03,1726,N20,VIIRS,n,2.0NRT,274.98,1.83,N,2026-10-04 05:57:05,Sedang
-1.45475,121.31846,321.41,0.38,0.36,2026-10-03,1726,N20,VIIRS,n,2.0NRT,285.66,2.28,N,2026-10-04 05:57:05,Sedang
-1.42746,121.23155,302.52,0.38,0.36,2026-10-03,1726,N20,VIIRS,n,2.0NRT,288.72,0.99,N,2026-10-04 05:57:05,Sedang
-1.42362,121.22865,303.8,0.38,0.36,2026-10-03,1726,N20,VIIRS,n,2.0NRT,288.89,0.59,N,2026-10-04 05:57:05,Sedang
-1.41964,121.28894,301.51,0.38,0.36,2026-10-03,1726,N20,VIIRS,n,2.0NRT,286.84,0.66,N,2026-10-04 05:57:05,Sedang
-1.41476,121.25811,318.64,0.38,0.36,2026-10-03,1726,N20,VIIRS,n,2.0NRT,287.69,1.37,N,2026-10-04 05:57:05,Sedang
-1.40704,121.27728,307.82,0.38,0.36,2026-10-03,1726,N20,VIIRS,n,2.0NRT,288.4,0.68,N,2026-10-04 05:57:05,Sedang
-1.4065,121.27383,304.34,0.38,0.36,2026-10-03,1726,N20,VIIRS,n,2.0NRT,288.32,0.86,N,2026-10-04 05:57:05,Sedang
-1.40375,121.27778,302.53,0.38,0.36,2026-10-03,1726,N20,VIIRS,n,2.0NRT,288.09,0.68,N,2026-10-04 05:57:05,Sedang
-1.40089,114.45963,298.77,0.51,0.49,2026-10-03,1726,N20,VIIRS,n,2.0NRT,262.04,0.45,N,2026-10-04 05:57:05,Sedang
-1.3972,121.25774,308.6,0.38,0.36,2026-10-03,1726,N20,VIIRS,n,2.0NRT,288.18,1.62,N,2026-10-04 05:57:05,Sedang
-1.38998,121.87593,298.85,0.39,0.36,2026-10-03,1726,N20,VIIRS,n,2.0NRT,279.92,0.33,N,2026-10-04 05:57:05,Sedang
-1.38658,116.16428,305.92,0.39,0.44,2026-10-03,1726,N20,VIIRS,n,2.0NRT,290.92,1.03,N,2026-10-04 05:57:05,Sedang
-1.38195,116.16122,308.14,0.39,0.44,2026-10-03,1726,N20,VIIRS,n,2.0NRT,291.43,1.86,N,2026-10-04 05:57:05,Sedang
-1.37834,121.33093,300.48,0.38,0.36,2026-10-03,1726,N20,VIIRS,n,2.0NRT,286.9,0.41,N,2026-10-04 05:57:05,Sedang
-1.37692,121.21524,303.02,0.38,0.36,2026-10-03,1726,N20,VIIRS,n,2.0NRT,287.48,0.76,N,2026-10-04 05:57:05,Sedang
-1.37476,121.20155,305.16,0.38,0.36,2026-10-03,1726,N20,VIIRS,n,2.0NRT,290.21,1.1,N,2026-10-04 05:57:05,Sedang
-1.37385,116.16231,324.62,0.39,0.44,2026-10-03,1726,N20,VIIRS,n,2.0NRT,292.46,1.54,N,2026-10-04 05:57:05,Sedang
-1.37307,121.21233,301.97,0.38,0.36,2026-10-03,1726,N20,VIIRS,n,2.0NRT,287.67,0.76,N,2026-10-04 05:57:05,Sedang
-1.37032,121.21629,307.24,0.38,0.36,2026-10-03,1726,N20,VIIRS,n,2.0NRT,287.54,0.89,N,2026-10-04 05:57:05,Sedang
-1.36467,121.54394,306.77,0.38,0.36,2026-10-03,1726,N20,VIIRS,n,2.0NRT,287.71,1.26,N,2026-10-04 05:57:05,Sedang
-1.36372,121.21732,305.93,0.38,0.36,2026-10-03,1726,N20,VIIRS,n,2.0NRT,289.15,0.81,N,2026-10-04 05:57:05,Sedang
-1.335,122.02291,300.53,0.39,0.36,2026-10-03,1726,N20,VIIRS,n,2.0NRT,284.74,0.59,N,2026-10-04 05:57:05,Sedang
-1.30993,116.10278,302.44,0.4,0.44,2026-10-03,1726,N20,VIIRS,n,2.0NRT,288.96,0.53,N,2026-10-04 05:57:05,Sedang
-1.30844,116.17157,305.15,0.39,0.44,2026-10-03,1726,N20,VIIRS,n,2.0NRT,290.21,1.14,N,2026-10-04 05:57:05,Sedang
-1.3044,116.17223,313.13,0.39,0.44,2026-10-03,1726,N20,VIIRS,n,2.0NRT,290.86,1.14,N,2026-10-04 05:57:05,Sedang
-1.29797,116.20951,305.18,0.39,0.44,2026-10-03,1726,N20,VIIRS,n,2.0NRT,288.85,0.95,N,2026-10-04 05:57:05,Sedang
-1.29451,116.21365,299.97,0.39,0.44,2026-10-03,1726,N20,VIIRS,n,2.0NRT,287.48,0.79,N,2026-10-04 05:57:05,Sedang
-1.29253,115.99328,304.18,0.4,0.45,2026-10-03,1726,N20,VIIRS,n,2.0NRT,286.85,0.91,N,2026-10-04 05:57:05,Sedang
-1.29105,116.2178,300.15,0.39,0.44,2026-10-03,1726,N20,VIIRS,n,2.0NRT,287.81,1.19,N,2026-10-04 05:57:05,Sedang
-1.27826,121.94338,299.73,0.39,0.36,2026-10-03,1726,N20,VIIRS,n,2.0NRT,284.28,0.45,N,2026-10-04 05:57:05,Sedang
-1.25312,121.69944,301.93,0.39,0.36,2026-10-03,1726,N20,VIIRS,n,2.0NRT,282.4,0.52,N,2026-10-04 05:57:05,Sedang
-1.25037,121.72471,304.04,0.39,0.36,2026-10-03,1726,N20,VIIRS,n,2.0NRT,283.79,0.78,N,2026-10-04 05:57:05,Sedang
-1.24969,116.14153,311.89,0.4,0.44,2026-10-03,1726,N20,VIIRS,n,2.0NRT,292.76,1.34,N,2026-10-04 05:57:05,Sedang
-1.24605,116.80964,305.84,0.54,0.42,2026-10-03,1726,N20,VIIRS,n,2.0NRT,286.6,2.39,N,2026-10-04 05:57:05,Sedang
-1.2427,116.04756,307.27,0.4,0.44,2026-10-03,1726,N20,VIIRS,n,2.0NRT,291.36,1.86,N,2026-10-04 05:57:05,Sedang
-1.24211,116.04391,313.54,0.4,0.44,2026-10-03,1726,N20,VIIRS,n,2.0NRT,291.06,1.67,N,2026-10-04 05:57:05,Sedang
-1.22544,112.58405,333.99,0.34,0.56,2026-10-03,1726,N20,VIIRS,n,2.0NRT,291.03,2.81,N,2026-10-04 05:57:05,Sedang
-1.22452,121.96902,305.42,0.39,0.36,2026-10-03,1726,N20,VIIRS,n,2.0NRT,284.83,0.64,N,2026-10-04 05:57:05,Sedang
-1.19967,122.04713,308.39,0.39,0.36,2026-10-03,1726,N20,VIIRS,n,2.0NRT,288.89,0.7,N,2026-10-04 05:57:05,Sedang
-1.1608,117.77956,313.9,0.48,0.4,2026-10-03,1726,N20,VIIRS,n,2.0NRT,295.48,1.36,N,2026-10-04 05:57:05,Sedang
-1.14561,121.98494,303.98,0.39,0.36,2026-10-03,1726,N20,VIIRS,n,2.0NRT,289.98,1.25,N,2026-10-04 05:57:05,Sedang
-1.13873,122.11373,308.48,0.39,0.36,2026-10-03,1726,N20,VIIRS,n,2.0NRT,284.77,1.3,N,2026-10-04 05:57:05,Sedang
-1.13843,121.98254,307.29,0.39,0.36,2026-10-03,1726,N20,VIIRS,n,2.0NRT,289.62,0.72,N,2026-10-04 05:57:05,Sedang
-1.13755,122.12785,300.15,0.39,0.36,2026-10-03,1726,N20,VIIRS,n,2.0NRT,284.62,6.82,N,2026-10-04 05:57:05,Sedang
-1.13371,122.12508,299.4,0.39,0.36,2026-10-03,1726,N20,VIIRS,n,2.0NRT,284.37,0.61,N,2026-10-04 05:57:05,Sedang
-1.12971,122.20802,307,0.39,0.36,2026-10-03,1726,N20,VIIRS,n,2.0NRT,285.21,0.68,N,2026-10-04 05:57:05,Sedang
-1.12684,121.97376,305.02,0.39,0.36,2026-10-03,1726,N20,VIIRS,n,2.0NRT,288.51,1.11,N,2026-10-04 05:57:05,Sedang
-1.12634,121.94905,307.42,0.39,0.36,2026-10-03,1726,N20,VIIRS,n,2.0NRT,287.66,1.11,N,2026-10-04 05:57:05,Sedang
-1.12024,121.95351,305.88,0.39,0.36,2026-10-03,1726,N20,VIIRS,n,2.0NRT,289.18,0.81,N,2026-10-04 05:57:05,Sedang
-1.11458,116.74501,304.39,0.55,0.43,2026-10-03,1726,N20,VIIRS,n,2.0NRT,287.76,1.63,N,2026-10-04 05:57:05,Sedang
-1.11117,122.04688,311.01,0.39,0.36,2026-10-03,1726,N20,VIIRS,n,2.0NRT,287.38,0.98,N,2026-10-04 05:57:05,Sedang
-1.10036,121.9352,302.43,0.39,0.36,2026-10-03,1726,N20,VIIRS,n,2.0NRT,288.57,0.8,N,2026-10-04 05:57:05,Sedang
-1.08513,122.11839,307.05,0.39,0.36,2026-10-03,1726,N20,VIIRS,n,2.0NRT,286.74,0.82,N,2026-10-04 05:57:05,Sedang
-1.08459,122.115,300.32,0.39,0.36,2026-10-03,1726,N20,VIIRS,n,2.0NRT,286.34,1.23,N,2026-10-04 05:57:05,Sedang
-1.08199,122.03406,317.31,0.39,0.36,2026-10-03,1726,N20,VIIRS,n,2.0NRT,287.98,1.6,N,2026-10-04 05:57:05,Sedang
-1.06816,122.03269,302.93,0.39,0.36,2026-10-03,1726,N20,VIIRS,n,2.0NRT,286.82,1.07,N,2026-10-04 05:57:05,Sedang
-1.05628,121.37787,304.15,0.38,0.36,2026-10-03,1726,N20,VIIRS,n,2.0NRT,290.46,0.95,N,2026-10-04 05:57:05,Sedang
-1.05599,122.04175,306.15,0.39,0.36,2026-10-03,1726,N20,VIIRS,n,2.0NRT,289.32,0.9,N,2026-10-04 05:57:05,Sedang
-1.03201,121.80462,308.97,0.39,0.36,2026-10-03,1726,N20,VIIRS,n,2.0NRT,290.68,0.89,N,2026-10-04 05:57:05,Sedang
-1.03043,122.09528,320.29,0.39,0.36,2026-10-03,1726,N20,VIIRS,n,2.0NRT,288.49,1.67,N,2026-10-04 05:57:05,Sedang
-1.02481,115.88448,324.58,0.41,0.45,2026-10-03,1726,N20,VIIRS,n,2.0NRT,286.81,1.6,N,2026-10-04 05:57:05,Sedang
-1.02018,121.53469,314.57,0.38,0.36,2026-10-03,1726,N20,VIIRS,n,2.0NRT,287.83,1.23,N,2026-10-04 05:57:05,Sedang
-1.0173,122.01216,322.23,0.39,0.36,2026-10-03,1726,N20,VIIRS,n,2.0NRT,289.41,1.63,N,2026-10-04 05:57:05,Sedang
-1.01675,121.68699,307.47,0.39,0.36,2026-10-03,1726,N20,VIIRS,n,2.0NRT,291.6,0.79,N,2026-10-04 05:57:05,Sedang
-1.01568,122.00191,304.56,0.39,0.36,2026-10-03,1726,N20,VIIRS,n,2.0NRT,289.13,1.09,N,2026-10-04 05:57:05,Sedang
-1.01461,121.99513,320.46,0.39,0.36,2026-10-03,1726,N20,VIIRS,n,2.0NRT,290.25,1.89,N,2026-10-04 05:57:05,Sedang
-1.01381,122.09784,313.6,0.39,0.36,2026-10-03,1726,N20,VIIRS,n,2.0NRT,290.32,0.84,N,2026-10-04 05:57:05,Sedang
-1.01345,121.68751,304.62,0.39,0.36,2026-10-03,1726,N20,VIIRS,n,2.0NRT,292.52,0.79,N,2026-10-04 05:57:05,Sedang
-1.01327,122.09441,305.13,0.39,0.36,2026-10-03,1726,N20,VIIRS,n,2.0NRT,289.54,0.84,N,2026-10-04 05:57:05,Sedang
-1.01009,121.73045,313.16,0.39,0.36,2026-10-03,1726,N20,VIIRS,n,2.0NRT,293.22,1.07,N,2026-10-04 05:57:05,Sedang
-1.00967,121.98539,312.07,0.39,0.36,2026-10-03,1726,N20,VIIRS,n,2.0NRT,290.24,1.29,N,2026-10-04 05:57:05,Sedang
-1.00075,122.31422,314.33,0.39,0.36,2026-10-03,1726,N20,VIIRS,n,2.0NRT,289.38,1.22,N,2026-10-04 05:57:05,Sedang
-0.98566,115.86626,306.32,0.42,0.45,2026-10-03,1726,N20,VIIRS,n,2.0NRT,291.37,1.3,N,2026-10-04 05:57:05,Sedang
-0.98374,115.86656,306.63,0.42,0.45,2026-10-03,1726,N20,VIIRS,n,2.0NRT,291.19,1.07,N,2026-10-04 05:57:05,Sedang
-0.98372,121.97177,310.97,0.39,0.36,2026-10-03,1726,N20,VIIRS,n,2.0NRT,292.48,2.35,N,2026-10-04 05:57:05,Sedang
-0.97879,122.04686,304.45,0.39,0.36,2026-10-03,1726,N20,VIIRS,n,2.0NRT,290.41,0.62,N,2026-10-04 05:57:05,Sedang
-0.93897,110.40025,307.18,0.49,0.65,2026-10-03,1726,N20,VIIRS,n,2.0NRT,283.29,1.81,N,2026-10-04 05:57:05,Sedang
-0.85395,122.91222,314.19,0.4,0.37,2026-10-03,1726,N20,VIIRS,n,2.0NRT,292.57,1.24,N,2026-10-04 05:57:05,Sedang
-0.83166,122.64062,305.3,0.4,0.37,2026-10-03,1726,N20,VIIRS,n,2.0NRT,293.8,0.52,N,2026-10-04 05:57:05,Sedang
-0.79176,122.94389,316.09,0.4,0.37,2026-10-03,1726,N20,VIIRS,n,2.0NRT,294.21,2.34,N,2026-10-04 05:57:05,Sedang
-0.78498,122.94485,315.07,0.4,0.37,2026-10-03,1726,N20,VIIRS,n,2.0NRT,293.38,1.7,N,2026-10-04 05:57:05,Sedang
-0.78153,122.90138,311.87,0.4,0.37,2026-10-03,1726,N20,VIIRS,n,2.0NRT,294.69,1.43,N,2026-10-04 05:57:05,Sedang
-0.7161,116.8925,304.24,0.55,0.42,2026-10-03,1726,N20,VIIRS,n,2.0NRT,292.77,1.08,N,2026-10-04 05:57:05,Sedang
-0.69963,115.66788,300.21,0.43,0.46,2026-10-03,1726,N20,VIIRS,n,2.0NRT,277.9,0.57,N,2026-10-04 05:57:05,Sedang
-0.69401,117.25224,318.24,0.52,0.41,2026-10-03,1726,N20,VIIRS,n,2.0NRT,294.81,2.99,N,2026-10-04 05:57:05,Sedang
-0.68816,115.65008,306.27,0.43,0.46,2026-10-03,1726,N20,VIIRS,n,2.0NRT,279.44,1.27,N,2026-10-04 05:57:05,Sedang
-0.68495,116.92251,311.02,0.54,0.42,2026-10-03,1726,N20,VIIRS,n,2.0NRT,292.99,2.24,N,2026-10-04 05:57:05,Sedang
-0.68395,115.65077,308.11,0.43,0.46,2026-10-03,1726,N20,VIIRS,n,2.0NRT,279.35,2.09,N,2026-10-04 05:57:05,Sedang
-0.67251,116.91934,310.52,0.54,0.42,2026-10-03,1726,N20,VIIRS,n,2.0NRT,293.28,1.41,N,2026-10-04 05:57:05,Sedang
-0.66653,115.67708,304.17,0.43,0.46,2026-10-03,1726,N20,VIIRS,n,2.0NRT,284.78,1.95,N,2026-10-04 05:57:05,Sedang
-0.66114,123.06785,305.13,0.41,0.37,2026-10-03,1726,N20,VIIRS,n,2.0NRT,293.53,1.48,N,2026-10-04 05:57:05,Sedang
-0.66084,116.9211,307.49,0.54,0.42,2026-10-03,1726,N20,VIIRS,n,2.0NRT,292.76,1.39,N,2026-10-04 05:57:05,Sedang
-0.66006,116.9412,308.16,0.54,0.42,2026-10-03,1726,N20,VIIRS,n,2.0NRT,292.83,1.73,N,2026-10-04 05:57:05,Sedang
-0.63919,123.08302,308.36,0.41,0.37,2026-10-03,1726,N20,VIIRS,n,2.0NRT,293.2,1.66,N,2026-10-04 05:57:05,Sedang
-0.62904,123.08485,324.76,0.41,0.37,2026-10-03,1726,N20,VIIRS,n,2.0NRT,293.67,1.5,N,2026-10-04 05:57:05,Sedang
-0.51482,115.78669,328.88,0.43,0.46,2026-10-03,1726,N20,VIIRS,n,2.0NRT,272.76,2.29,N,2026-10-04 05:57:05,Sedang
-0.49021,112.07085,307.26,0.38,0.59,2026-10-03,1726,N20,VIIRS,n,2.0NRT,289.52,1.14,N,2026-10-04 05:57:05,Sedang
-0.48571,111.9059,301.4,0.39,0.6,2026-10-03,1726,N20,VIIRS,n,2.0NRT,288.28,0.32,N,2026-10-04 05:57:05,Sedang
-0.3988,116.42854,307.29,0.39,0.44,2026-10-03,1726,N20,VIIRS,n,2.0NRT,290.21,1,N,2026-10-04 05:57:05,Sedang
-0.39478,116.42918,306.2,0.39,0.44,2026-10-03,1726,N20,VIIRS,n,2.0NRT,290.53,1,N,2026-10-04 05:57:05,Sedang
-0.38879,111.93533,297.78,0.39,0.6,2026-10-03,1726,N20,VIIRS,n,2.0NRT,278.59,1.15,N,2026-10-04 05:57:05,Sedang
-0.23407,117.40319,306.83,0.52,0.41,2026-10-03,1726,N20,VIIRS,n,2.0NRT,292.4,0.94,N,2026-10-04 05:57:05,Sedang
-0.20748,116.37457,304.25,0.4,0.44,2026-10-03,1726,N20,VIIRS,n,2.0NRT,288.69,1.22,N,2026-10-04 05:57:05,Sedang
-0.1077,116.69645,305.36,0.57,0.43,2026-10-03,1726,N20,VIIRS,n,2.0NRT,272.84,1.46,N,2026-10-04 05:57:05,Sedang
-0.10613,116.71243,298.84,0.57,0.43,2026-10-03,1726,N20,VIIRS,n,2.0NRT,280,0.93,N,2026-10-04 05:57:05,Sedang
-0.08307,115.82054,317.53,0.43,0.46,2026-10-03,1726,N20,VIIRS,n,2.0NRT,284.5,2.31,N,2026-10-04 05:57:05,Sedang
-0.04097,116.85976,304.03,0.56,0.43,2026-10-03,1726,N20,VIIRS,n,2.0NRT,290.98,1.65,N,2026-10-04 05:57:05,Sedang
-0.01656,116.755,324.18,0.57,0.43,2026-10-03,1726,N20,VIIRS,n,2.0NRT,290.79,3.08,N,2026-10-04 05:57:05,Sedang
0.02612,115.84106,314.27,0.43,0.46,2026-10-03,1726,N20,VIIRS,n,2.0NRT,283.97,1.66,N,2026-10-04 05:57:05,Sedang
0.03838,116.32204,302.89,0.4,0.44,2026-10-03,1726,N20,VIIRS,n,2.0NRT,289.37,0.74,N,2026-10-04 05:57:05,Sedang
0.10397,116.78028,302.18,0.57,0.43,2026-10-03,1726,N20,VIIRS,n,2.0NRT,285.06,0.94,N,2026-10-04 05:57:05,Sedang
0.13259,116.75346,304.09,0.57,0.43,2026-10-03,1726,N20,VIIRS,n,2.0NRT,288.01,1.12,N,2026-10-04 05:57:05,Sedang
0.13377,116.66855,300.35,0.38,0.44,2026-10-03,1726,N20,VIIRS,n,2.0NRT,282.1,0.64,N,2026-10-04 05:57:05,Sedang
0.13813,116.64095,303.98,0.39,0.44,2026-10-03,1726,N20,VIIRS,n,2.0NRT,282.72,1.24,N,2026-10-04 05:57:05,Sedang
0.19042,116.84308,305.05,0.56,0.43,2026-10-03,1726,N20,VIIRS,n,2.0NRT,289.2,1.09,N,2026-10-04 05:57:05,Sedang
0.20544,116.85059,306.25,0.56,0.43,2026-10-03,1726,N20,VIIRS,n,2.0NRT,291.36,2.08,N,2026-10-04 05:57:05,Sedang
0.21493,116.84174,314.44,0.56,0.43,2026-10-03,1726,N20,VIIRS,n,2.0NRT,292.82,2.5,N,2026-10-04 05:57:05,Sedang
0.28903,116.7595,298.11,0.57,0.43,2026-10-03,1726,N20,VIIRS,n,2.0NRT,274.51,0.97,N,2026-10-04 05:57:05,Sedang
0.29499,116.81457,297.32,0.57,0.43,2026-10-03,1726,N20,VIIRS,n,2.0NRT,266.04,1.23,N,2026-10-04 05:57:05,Sedang
0.29577,116.75704,295.5,0.57,0.43,2026-10-03,1726,N20,VIIRS,n,2.0NRT,271.99,0.49,N,2026-10-04 05:57:05,Sedang
0.51374,116.87944,311.28,0.57,0.43,2026-10-03,1726,N20,VIIRS,n,2.0NRT,289.84,1.78,N,2026-10-04 05:57:05,Sedang
0.58372,117.20306,307.98,0.54,0.42,2026-10-03,1726,N20,VIIRS,n,2.0NRT,271.2,1.23,N,2026-10-04 05:57:05,Sedang
0.5876,117.20367,297.48,0.54,0.42,2026-10-03,1726,N20,VIIRS,n,2.0NRT,269.88,0.58,N,2026-10-04 05:57:05,Sedang
0.62058,120.40039,299.88,0.4,0.37,2026-10-03,1726,N20,VIIRS,n,2.0NRT,289.6,0.44,N,2026-10-04 05:57:05,Sedang
0.65683,117.14458,296.47,0.55,0.43,2026-10-03,1726,N20,VIIRS,n,2.0NRT,275.37,0.83,N,2026-10-04 05:57:05,Sedang
0.65839,117.44305,297.14,0.53,0.42,2026-10-03,1726,N20,VIIRS,n,2.0NRT,270.88,1.25,N,2026-10-04 05:57:05,Sedang
0.68266,117.56168,304.29,0.52,0.41,2026-10-03,1726,N20,VIIRS,n,2.0NRT,284.11,1.99,N,2026-10-04 05:57:05,Sedang
0.69252,117.54885,306.5,0.52,0.42,2026-10-03,1726,N20,VIIRS,n,2.0NRT,283.8,1.64,N,2026-10-04 05:57:05,Sedang
0.69591,117.54729,302.49,0.52,0.42,2026-10-03,1726,N20,VIIRS,n,2.0NRT,282.82,0.66,N,2026-10-04 05:57:05,Sedang
0.73164,116.73912,321.7,0.39,0.44,2026-10-03,1726,N20,VIIRS,n,2.0NRT,288.24,2.05,N,2026-10-04 05:57:05,Sedang
0.78904,116.8947,312.29,0.57,0.43,2026-10-03,1726,N20,VIIRS,n,2.0NRT,274.29,2.1,N,2026-10-04 05:57:05,Sedang
0.83802,117.01443,295.53,0.56,0.43,2026-10-03,1726,N20,VIIRS,n,2.0NRT,269.69,0.81,N,2026-10-04 05:57:05,Sedang
0.84035,117.07664,297.64,0.56,0.43,2026-10-03,1726,N20,VIIRS,n,2.0NRT,267.24,1.38,N,2026-10-04 05:57:05,Sedang
0.85366,117.29469,327.69,0.54,0.42,2026-10-03,1726,N20,VIIRS,n,2.0NRT,286.52,3.86,N,2026-10-04 05:57:05,Sedang
0.85512,117.29209,324.87,0.54,0.42,2026-10-03,1726,N20,VIIRS,n,2.0NRT,287.1,4.67,N,2026-10-04 05:57:05,Sedang
0.86606,117.72398,311.06,0.51,0.41,2026-10-03,1726,N20,VIIRS,n,2.0NRT,292.4,2.5,N,2026-10-04 05:57:05,Sedang
0.93177,118.90448,309.82,0.45,0.39,2026-10-03,1726,N20,VIIRS,n,2.0NRT,293.87,1.56,N,2026-10-04 05:57:05,Sedang
1.05899,117.65449,303.79,0.52,0.41,2026-10-03,1726,N20,VIIRS,n,2.0NRT,289.25,1.28,N,2026-10-04 05:57:05,Sedang
-9.92122,123.94084,299.46,0.56,0.43,2026-10-03,1728,N20,VIIRS,n,2.0NRT,287.81,0.54,N,2026-10-04 05:57:05,Sedang
-9.25444,125.42606,303.14,0.45,0.47,2026-10-03,1728,N20,VIIRS,n,2.0NRT,288.83,0.49,N,2026-10-04 05:57:05,Sedang
-8.65169,125.70358,302.93,0.46,0.47,2026-10-03,1728,N20,VIIRS,n,2.0NRT,285.43,0.97,N,2026-10-04 05:57:05,Sedang
-8.55907,118.55889,303.3,0.39,0.36,2026-10-03,1728,N20,VIIRS,n,2.0NRT,292.8,0.62,N,2026-10-04 05:57:05,Sedang
-8.53823,126.13158,305.64,0.49,0.49,2026-10-03,1728,N20,VIIRS,n,2.0NRT,293.91,1.29,N,2026-10-04 05:57:05,Sedang
-8.47969,118.38588,304.93,0.4,0.37,2026-10-03,1728,N20,VIIRS,n,2.0NRT,293.3,0.89,N,2026-10-04 05:57:05,Sedang
-8.4691,117.61065,314.4,0.41,0.37,2026-10-03,1728,N20,VIIRS,n,2.0NRT,294.97,0.66,N,2026-10-04 05:57:05,Sedang
-8.45186,118.15055,306.01,0.4,0.37,2026-10-03,1728,N20,VIIRS,n,2.0NRT,292.74,0.66,N,2026-10-04 05:57:05,Sedang
-8.40626,124.5274,297.03,0.39,0.44,2026-10-03,1728,N20,VIIRS,n,2.0NRT,280.5,0.31,N,2026-10-04 05:57:05,Sedang
-8.40594,118.23943,306.32,0.4,0.37,2026-10-03,1728,N20,VIIRS,n,2.0NRT,292.81,0.52,N,2026-10-04 05:57:05,Sedang
-8.39177,123.49677,311.69,0.5,0.41,2026-10-03,1728,N20,VIIRS,n,2.0NRT,291.78,1.73,N,2026-10-04 05:57:05,Sedang
-8.30804,117.87054,311.91,0.41,0.37,2026-10-03,1728,N20,VIIRS,n,2.0NRT,292.72,1.08,N,2026-10-04 05:57:05,Sedang
-8.28014,117.76385,316.41,0.41,0.37,2026-10-03,1728,N20,VIIRS,n,2.0NRT,293.66,1.61,N,2026-10-04 05:57:05,Sedang
-8.23979,113.56597,305.48,0.45,0.47,2026-10-03,1728,N20,VIIRS,n,2.0NRT,292,0.58,N,2026-10-04 05:57:05,Sedang
-7.99027,113.70026,298.6,0.45,0.47,2026-10-03,1728,N20,VIIRS,n,2.0NRT,287.54,0.49,N,2026-10-04 05:57:05,Sedang
-7.9843,113.69117,302.41,0.45,0.47,2026-10-03,1728,N20,VIIRS,n,2.0NRT,285.56,1.45,N,2026-10-04 05:57:05,Sedang
-7.89524,113.63583,298.95,0.46,0.47,2026-10-03,1728,N20,VIIRS,n,2.0NRT,285.98,0.48,N,2026-10-04 05:57:05,Sedang
-7.79686,114.11919,309.14,0.43,0.46,2026-10-03,1728,N20,VIIRS,n,2.0NRT,292.73,1.11,N,2026-10-04 05:57:05,Sedang
-7.76342,114.28393,305.45,0.42,0.45,2026-10-03,1728,N20,VIIRS,n,2.0NRT,294.03,1.13,N,2026-10-04 05:57:05,Sedang
-7.71126,113.04821,308.21,0.5,0.49,2026-10-03,1728,N20,VIIRS,n,2.0NRT,293.16,0.94,N,2026-10-04 05:57:05,Sedang
-7.70267,108.99113,316.81,0.47,0.64,2026-10-03,1728,N20,VIIRS,n,2.0NRT,289.07,2.66,N,2026-10-04 05:57:05,Sedang
-7.63346,111.6679,302.49,0.62,0.54,2026-10-03,1728,N20,VIIRS,n,2.0NRT,291.35,0.79,N,2026-10-04 05:57:05,Sedang
-7.57739,112.45004,298.58,0.55,0.51,2026-10-03,1728,N20,VIIRS,n,2.0NRT,288.38,1.87,N,2026-10-04 05:57:05,Sedang
-7.5636,112.29029,302.75,0.57,0.52,2026-10-03,1728,N20,VIIRS,n,2.0NRT,290.76,0.59,N,2026-10-04 05:57:05,Sedang
-7.53401,110.73738,322.2,0.36,0.57,2026-10-03,1728,N20,VIIRS,n,2.0NRT,292.39,1.34,N,2026-10-04 05:57:05,Sedang
-7.42338,112.61418,307.81,0.54,0.51,2026-10-03,1728,N20,VIIRS,n,2.0NRT,286.65,0.89,N,2026-10-04 05:57:05,Sedang
-7.00024,109.60233,310.42,0.44,0.62,2026-10-03,1728,N20,VIIRS,n,2.0NRT,289.03,1.64,N,2026-10-04 05:57:05,Sedang
-6.85134,111.35829,305.21,0.34,0.56,2026-10-03,1728,N20,VIIRS,n,2.0NRT,292.24,0.28,N,2026-10-04 05:57:05,Sedang
-6.53555,110.97823,311.58,0.36,0.58,2026-10-03,1728,N20,VIIRS,n,2.0NRT,292.37,0.73,N,2026-10-04 05:57:05,Sedang
-6.53458,110.97837,304.72,0.36,0.58,2026-10-03,1728,N20,VIIRS,n,2.0NRT,292.22,0.86,N,2026-10-04 05:57:05,Sedang
-6.5234,111.03314,304.06,0.36,0.57,2026-10-03,1728,N20,VIIRS,n,2.0NRT,292.35,0.83,N,2026-10-04 05:57:05,Sedang
-6.3493,107.43007,304.6,0.63,0.72,2026-10-03,1728,N20,VIIRS,n,2.0NRT,287.33,0.79,N,2026-10-04 05:57:05,Sedang
-2.79448,106.11292,304.28,0.47,0.64,2026-10-03,1906,N20,VIIRS,n,2.0NRT,284.74,0.83,N,2026-10-04 05:57:05,Sedang
-2.70198,106.65385,301.9,0.52,0.67,2026-10-03,1906,N20,VIIRS,n,2.0NRT,289.57,4.4,N,2026-10-04 05:57:05,Sedang
-2.67238,105.54499,295.51,0.43,0.62,2026-10-03,1906,N20,VIIRS,n,2.0NRT,277.02,0.57,N,2026-10-04 05:57:05,Sedang
-2.55179,106.44289,304.33,0.5,0.66,2026-10-03,1906,N20,VIIRS,n,2.0NRT,286.3,0.64,N,2026-10-04 05:57:05,Sedang
-2.26466,104.17487,300.6,0.34,0.56,2026-10-03,1906,N20,VIIRS,n,2.0NRT,288.89,2.12,N,2026-10-04 05:57:05,Sedang
-2.09866,103.79832,302.51,0.32,0.55,2026-10-03,1906,N20,VIIRS,n,2.0NRT,289,1.02,N,2026-10-04 05:57:05,Sedang
-2.06867,103.70315,300.49,0.63,0.54,2026-10-03,1906,N20,VIIRS,n,2.0NRT,287.7,1.98,N,2026-10-04 05:57:05,Sedang
-1.88998,103.93996,303.2,0.32,0.55,2026-10-03,1906,N20,VIIRS,n,2.0NRT,284.6,1.61,N,2026-10-04 05:57:05,Sedang
-1.88898,103.96684,298.95,0.33,0.55,2026-10-03,1906,N20,VIIRS,n,2.0NRT,282.79,0.77,N,2026-10-04 05:57:05,Sedang
-1.88853,103.96394,301.69,0.33,0.55,2026-10-03,1906,N20,VIIRS,n,2.0NRT,285.47,0.77,N,2026-10-04 05:57:05,Sedang
-1.88394,103.96761,297.42,0.33,0.55,2026-10-03,1906,N20,VIIRS,n,2.0NRT,283.97,1.02,N,2026-10-04 05:57:05,Sedang
-1.88305,103.9618,303.45,0.33,0.55,2026-10-03,1906,N20,VIIRS,n,2.0NRT,283.63,1.11,N,2026-10-04 05:57:05,Sedang
-1.88024,103.97707,299.02,0.33,0.55,2026-10-03,1906,N20,VIIRS,n,2.0NRT,283.63,1.4,N,2026-10-04 05:57:05,Sedang
-1.87476,103.97493,317.01,0.33,0.55,2026-10-03,1906,N20,VIIRS,n,2.0NRT,287.85,2.15,N,2026-10-04 05:57:05,Sedang
-1.87298,103.96331,298.18,0.33,0.55,2026-10-03,1906,N20,VIIRS,n,2.0NRT,285.04,1.12,N,2026-10-04 05:57:05,Sedang
-1.86868,104.0027,295.36,0.33,0.55,2026-10-03,1906,N20,VIIRS,n,2.0NRT,284.6,0.9,N,2026-10-04 05:57:05,Sedang
-1.21386,104.20123,304.47,0.33,0.55,2026-10-03,1906,N20,VIIRS,n,2.0NRT,289.32,1.6,N,2026-10-04 05:57:05,Sedang
-1.14623,101.73821,302.68,0.45,0.47,2026-10-03,1906,N20,VIIRS,n,2.0NRT,290.47,0.67,N,2026-10-04 05:57:05,Sedang
0.44419,101.89278,302.32,0.43,0.46,2026-10-03,1906,N20,VIIRS,n,2.0NRT,283.54,1.45,N,2026-10-04 05:57:05,Sedang
2.26597,102.12487,330.27,0.42,0.45,2026-10-03,1906,N20,VIIRS,n,2.0NRT,290.8,2.81,N,2026-10-04 05:57:05,Sedang
-6.46206,107.20829,301.95,0.64,0.72,2026-10-03,1908,N20,VIIRS,n,2.0NRT,287.37,0.97,N,2026-10-04 05:57:05,Sedang
-6.10624,105.4156,312.99,0.48,0.64,2026-10-03,1908,N20,VIIRS,n,2.0NRT,291.35,1.47,N,2026-10-04 05:57:05,Sedang
-6.10396,105.41396,312.01,0.48,0.64,2026-10-03,1908,N20,VIIRS,n,2.0NRT,290.33,4.06,N,2026-10-04 05:57:05,Sedang
-6.09859,106.47732,307.66,0.56,0.69,2026-10-03,1908,N20,VIIRS,n,2.0NRT,288.91,1.48,N,2026-10-04 05:57:05,Sedang
-5.99436,105.9943,304.03,0.52,0.67,2026-10-03,1908,N20,VIIRS,n,2.0NRT,289.14,0.85,N,2026-10-04 05:57:05,Sedang
-4.77823,105.69459,310.85,0.48,0.64,2026-10-03,1908,N20,VIIRS,n,2.0NRT,289.95,3.05,N,2026-10-04 05:57:05,Sedang
-4.77297,105.69978,306.84,0.48,0.64,2026-10-03,1908,N20,VIIRS,n,2.0NRT,289.7,1.32,N,2026-10-04 05:57:05,Sedang
-4.50355,104.83364,312.14,0.41,0.61,2026-10-03,1908,N20,VIIRS,n,2.0NRT,289.68,1.64,N,2026-10-04 05:57:05,Sedang
-4.46068,104.93038,304.94,0.42,0.61,2026-10-03,1908,N20,VIIRS,n,2.0NRT,289.68,0.81,N,2026-10-04 05:57:05,Sedang
-4.41969,104.08797,300.39,0.36,0.58,2026-10-03,1908,N20,VIIRS,n,2.0NRT,287.68,1.38,N,2026-10-04 05:57:05,Sedang
-4.17964,105.2238,302.98,0.43,0.62,2026-10-03,1908,N20,VIIRS,n,2.0NRT,289.92,0.73,N,2026-10-04 05:57:05,Sedang
-4.17629,104.98549,323.83,0.42,0.61,2026-10-03,1908,N20,VIIRS,n,2.0NRT,289.36,1.82,N,2026-10-04 05:57:05,Sedang
-3.87414,104.57273,301.88,0.39,0.59,2026-10-03,1908,N20,VIIRS,n,2.0NRT,288.58,0.53,N,2026-10-04 05:57:05,Sedang
-3.85497,104.56864,304.76,0.38,0.59,2026-10-03,1908,N20,VIIRS,n,2.0NRT,289.35,1.11,N,2026-10-04 05:57:05,Sedang
-3.82381,103.83121,302.48,0.34,0.56,2026-10-03,1908,N20,VIIRS,n,2.0NRT,288.66,0.41,N,2026-10-04 05:57:05,Sedang
-3.7462,105.53609,304.22,0.45,0.63,2026-10-03,1908,N20,VIIRS,n,2.0NRT,290.53,1.71,N,2026-10-04 05:57:05,Sedang
-3.74164,105.29346,300.81,0.43,0.62,2026-10-03,1908,N20,VIIRS,n,2.0NRT,288.99,0.53,N,2026-10-04 05:57:05,Sedang
-3.73235,105.13499,303.5,0.42,0.61,2026-10-03,1908,N20,VIIRS,n,2.0NRT,289.15,2.63,N,2026-10-04 05:57:05,Sedang
-3.72503,103.71481,299.19,0.33,0.56,2026-10-03,1908,N20,VIIRS,n,2.0NRT,287.55,0.94,N,2026-10-04 05:57:05,Sedang
-3.72458,103.71183,308.9,0.33,0.56,2026-10-03,1908,N20,VIIRS,n,2.0NRT,288.17,0.94,N,2026-10-04 05:57:05,Sedang
-3.68512,105.76484,309.11,0.46,0.64,2026-10-03,1908,N20,VIIRS,n,2.0NRT,290.77,2.84,N,2026-10-04 05:57:05,Sedang
-3.60582,105.27345,307.96,0.43,0.62,2026-10-03,1908,N20,VIIRS,n,2.0NRT,290.35,1.32,N,2026-10-04 05:57:05,Sedang
-3.5265,105.69469,302.38,0.46,0.63,2026-10-03,1908,N20,VIIRS,n,2.0NRT,290.15,2.78,N,2026-10-04 05:57:05,Sedang
-3.50476,105.71009,315.06,0.46,0.63,2026-10-03,1908,N20,VIIRS,n,2.0NRT,290.76,2.53,N,2026-10-04 05:57:05,Sedang
-3.49804,105.42237,309.61,0.44,0.62,2026-10-03,1908,N20,VIIRS,n,2.0NRT,289.81,2.65,N,2026-10-04 05:57:05,Sedang
-3.43686,104.7009,301.22,0.39,0.59,2026-10-03,1908,N20,VIIRS,n,2.0NRT,289,0.69,N,2026-10-04 05:57:05,Sedang
-3.41472,105.20822,309.49,0.42,0.61,2026-10-03,1908,N20,VIIRS,n,2.0NRT,290.29,1.47,N,2026-10-04 05:57:05,Sedang
-3.32322,105.27585,303.21,0.42,0.61,2026-10-03,1908,N20,VIIRS,n,2.0NRT,290.47,2.07,N,2026-10-04 05:57:05,Sedang
-3.32157,105.26452,308.56,0.42,0.61,2026-10-03,1908,N20,VIIRS,n,2.0NRT,289.63,3.31,N,2026-10-04 05:57:05,Sedang
-3.31579,105.17474,310.33,0.42,0.61,2026-10-03,1908,N20,VIIRS,n,2.0NRT,288.64,2.86,N,2026-10-04 05:57:05,Sedang
-3.31406,105.17377,301.8,0.42,0.61,2026-10-03,1908,N20,VIIRS,n,2.0NRT,288.88,1.93,N,2026-10-04 05:57:05,Sedang
-3.3117,104.85223,299.77,0.39,0.6,2026-10-03,1908,N20,VIIRS,n,2.0NRT,285.9,0.42,N,2026-10-04 05:57:05,Sedang
-3.26391,104.3177,302.74,0.36,0.57,2026-10-03,1908,N20,VIIRS,n,2.0NRT,287.7,0.77,N,2026-10-04 05:57:05,Sedang
-3.22244,103.87494,312.77,0.34,0.56,2026-10-03,1908,N20,VIIRS,n,2.0NRT,288.32,0.81,N,2026-10-04 05:57:05,Sedang
-3.1427,105.38528,301.5,0.43,0.62,2026-10-03,1908,N20,VIIRS,n,2.0NRT,286.12,1.63,N,2026-10-04 05:57:05,Sedang
-3.1392,104.09039,300.77,0.35,0.57,2026-10-03,1908,N20,VIIRS,n,2.0NRT,287.71,0.26,N,2026-10-04 05:57:05,Sedang
-3.09691,104.70205,297.51,0.38,0.59,2026-10-03,1908,N20,VIIRS,n,2.0NRT,284.32,0.25,N,2026-10-04 05:57:05,Sedang
-3.06539,104.42362,306.88,0.37,0.58,2026-10-03,1908,N20,VIIRS,n,2.0NRT,289.28,2.05,N,2026-10-04 05:57:05,Sedang
-3.02248,104.14328,306.59,0.35,0.57,2026-10-03,1908,N20,VIIRS,n,2.0NRT,287.36,1.02,N,2026-10-04 05:57:05,Sedang
-3.00873,104.01926,299.63,0.34,0.56,2026-10-03,1908,N20,VIIRS,n,2.0NRT,287.74,1.84,N,2026-10-04 05:57:05,Sedang
-2.99477,104.53162,302.88,0.37,0.58,2026-10-03,1908,N20,VIIRS,n,2.0NRT,288.14,0.43,N,2026-10-04 05:57:05,Sedang
-2.97269,103.85249,304.27,0.33,0.55,2026-10-03,1908,N20,VIIRS,n,2.0NRT,289.08,1.62,N,2026-10-04 05:57:05,Sedang
-2.86465,106.43812,324.41,0.5,0.66,2026-10-03,1908,N20,VIIRS,n,2.0NRT,289.45,4.42,N,2026-10-04 05:57:05,Sedang
-2.86399,106.43362,319.26,0.5,0.66,2026-10-03,1908,N20,VIIRS,n,2.0NRT,289.04,4.45,N,2026-10-04 05:57:05,Sedang
-2.81054,104.62498,355.08,0.37,0.58,2026-10-03,1908,N20,VIIRS,n,2.0NRT,286.42,8.11,N,2026-10-04 05:57:05,Sedang
-2.68432,103.8719,354.44,0.33,0.55,2026-10-03,1908,N20,VIIRS,n,2.0NRT,289.13,5.99,N,2026-10-04 05:57:05,Sedang
-9.02235,140.97588,,1.13,1.06,2026-10-03,1128,Terra,MODIS,69,6.1NRT,,6.95,N,2026-10-04 05:57:05,Sedang
-8.91567,140.94339,,1.13,1.06,2026-10-03,1128,Terra,MODIS,55,6.1NRT,,5.87,N,2026-10-04 05:57:05,Sedang
-8.90777,140.93195,,1.13,1.06,2026-10-03,1128,Terra,MODIS,39,6.1NRT,,5.34,N,2026-10-04 05:57:05,Sedang
-8.86204,140.80722,,1.12,1.05,2026-10-03,1128,Terra,MODIS,72,6.1NRT,,8.45,N,2026-10-04 05:57:05,Sedang
-8.8026,140.88989,,1.13,1.06,2026-10-03,1128,Terra,MODIS,71,6.1NRT,,7.5,N,2026-10-04 05:57:05,Sedang
-8.52106,140.81339,,1.13,1.06,2026-10-03,1128,Terra,MODIS,52,6.1NRT,,4.82,N,2026-10-04 05:57:05,Sedang
-8.40347,140.65787,,1.11,1.05,2026-10-03,1128,Terra,MODIS,55,6.1NRT,,4.56,N,2026-10-04 05:57:05,Sedang
-8.29965,140.4214,,1.09,1.04,2026-10-03,1128,Terra,MODIS,97,6.1NRT,,16.23,N,2026-10-04 05:57:05,Tinggi
-8.16576,138.1418,,1.01,1,2026-10-03,1128,Terra,MODIS,51,6.1NRT,,4.39,N,2026-10-04 05:57:05,Sedang
-8.02149,139.18884,,1.01,1,2026-10-03,1128,Terra,MODIS,48,6.1NRT,,3.73,N,2026-10-04 05:57:05,Sedang
-7.99215,138.99701,,1,1,2026-10-03,1128,Terra,MODIS,64,6.1NRT,,4.34,N,2026-10-04 05:57:05,Sedang
-7.95528,139.78926,,1.04,1.02,2026-10-03,1128,Terra,MODIS,56,6.1NRT,,4.65,N,2026-10-04 05:57:05,Sedang
-7.95398,139.79848,,1.04,1.02,2026-10-03,1128,Terra,MODIS,54,6.1NRT,,4.79,N,2026-10-04 05:57:05,Sedang
-7.93367,140.72025,,1.13,1.06,2026-10-03,1128,Terra,MODIS,40,6.1NRT,,5.13,N,2026-10-04 05:57:05,Sedang
-7.92567,138.0083,,1.01,1,2026-10-03,1128,Terra,MODIS,50,6.1NRT,,4.12,N,2026-10-04 05:57:05,Sedang
-7.85631,139.96783,,1.06,1.03,2026-10-03,1128,Terra,MODIS,58,6.1NRT,,5,N,2026-10-04 05:57:05,Sedang
-7.85323,140.1209,,1.07,1.03,2026-10-03,1128,Terra,MODIS,61,6.1NRT,,4.62,N,2026-10-04 05:57:05,Sedang
-7.81698,140.62538,,1.12,1.06,2026-10-03,1128,Terra,MODIS,83,6.1NRT,,10.18,N,2026-10-04 05:57:05,Tinggi
-7.80888,139.2498,,1.01,1.01,2026-10-03,1128,Terra,MODIS,67,6.1NRT,,6.16,N,2026-10-04 05:57:05,Sedang
-7.72316,140.38882,,1.1,1.05,2026-10-03,1128,Terra,MODIS,47,6.1NRT,,5.38,N,2026-10-04 05:57:05,Sedang
-7.67609,139.15134,,1.01,1.01,2026-10-03,1128,Terra,MODIS,66,6.1NRT,,5.01,N,2026-10-04 05:57:05,Sedang
-7.67484,139.16028,,1.01,1.01,2026-10-03,1128,Terra,MODIS,100,6.1NRT,,21.56,N,2026-10-04 05:57:05,Tinggi
-7.6662,139.28705,,1.02,1.01,2026-10-03,1128,Terra,MODIS,55,6.1NRT,,3.81,N,2026-10-04 05:57:05,Sedang
-7.64333,139.25629,,1.02,1.01,2026-10-03,1128,Terra,MODIS,69,6.1NRT,,6.12,N,2026-10-04 05:57:05,Sedang
-7.49826,139.10461,,1.01,1.01,2026-10-03,1128,Terra,MODIS,76,6.1NRT,,7.04,N,2026-10-04 05:57:05,Sedang
-7.46885,139.83945,,1.05,1.02,2026-10-03,1128,Terra,MODIS,65,6.1NRT,,4.83,N,2026-10-04 05:57:05,Sedang
-7.46056,139.83192,,1.05,1.02,2026-10-03,1128,Terra,MODIS,60,6.1NRT,,4.53,N,2026-10-04 05:57:05,Sedang
-7.45492,140.06732,,1.07,1.03,2026-10-03,1128,Terra,MODIS,52,6.1NRT,,5.07,N,2026-10-04 05:57:05,Sedang
-7.45223,140.08626,,1.07,1.03,2026-10-03,1128,Terra,MODIS,82,6.1NRT,,8.63,N,2026-10-04 05:57:05,Tinggi
-7.39191,140.25671,,1.09,1.04,2026-10-03,1128,Terra,MODIS,55,6.1NRT,,4.79,N,2026-10-04 05:57:05,Sedang
-7.56851,138.38562,,1,1,2026-10-03,1130,Terra,MODIS,39,6.1NRT,,3.56,N,2026-10-04 05:57:05,Sedang
-7.53753,138.48033,,1,1,2026-10-03,1130,Terra,MODIS,62,6.1NRT,,5.69,N,2026-10-04 05:57:05,Sedang
-7.4912,138.81641,,1,1,2026-10-03,1130,Terra,MODIS,56,6.1NRT,,4.16,N,2026-10-04 05:57:05,Sedang
-7.45838,139.18414,,1.01,1.01,2026-10-03,1130,Terra,MODIS,31,6.1NRT,,4.01,N,2026-10-04 05:57:05,Sedang
-7.44685,139.13683,,1.01,1.01,2026-10-03,1130,Terra,MODIS,37,6.1NRT,,3.72,N,2026-10-04 05:57:05,Sedang
-7.44578,139.20978,,1.02,1.01,2026-10-03,1130,Terra,MODIS,71,6.1NRT,,6.07,N,2026-10-04 05:57:05,Sedang
-7.44561,139.14577,,1.01,1.01,2026-10-03,1130,Terra,MODIS,56,6.1NRT,,4.35,N,2026-10-04 05:57:05,Sedang
-7.43799,139.13556,,1.01,1.01,2026-10-03,1130,Terra,MODIS,90,6.1NRT,,11.26,N,2026-10-04 05:57:05,Tinggi
-7.43302,139.17136,,1.01,1.01,2026-10-03,1130,Terra,MODIS,73,6.1NRT,,6.04,N,2026-10-04 05:57:05,Sedang
-7.42429,139.23416,,1.02,1.01,2026-10-03,1130,Terra,MODIS,56,6.1NRT,,3.81,N,2026-10-04 05:57:05,Sedang
-7.41916,139.20595,,1.02,1.01,2026-10-03,1130,Terra,MODIS,85,6.1NRT,,9.33,N,2026-10-04 05:57:05,Tinggi
-7.41762,139.08705,,1.01,1.01,2026-10-03,1130,Terra,MODIS,100,6.1NRT,,31.64,N,2026-10-04 05:57:05,Tinggi
-7.41638,139.09598,,1.01,1.01,2026-10-03,1130,Terra,MODIS,100,6.1NRT,,23.2,N,2026-10-04 05:57:05,Tinggi
-7.41028,139.20468,,1.02,1.01,2026-10-03,1130,Terra,MODIS,58,6.1NRT,,3.86,N,2026-10-04 05:57:05,Sedang
-7.40877,139.08578,,1.01,1.01,2026-10-03,1130,Terra,MODIS,100,6.1NRT,,26.49,N,2026-10-04 05:57:05,Tinggi
-7.40089,138.933,,1.01,1,2026-10-03,1130,Terra,MODIS,60,6.1NRT,,4.32,N,2026-10-04 05:57:05,Sedang
-7.39769,138.76068,,1,1,2026-10-03,1130,Terra,MODIS,69,6.1NRT,,5.92,N,2026-10-04 05:57:05,Sedang
-7.39352,138.98639,,1.01,1,2026-10-03,1130,Terra,MODIS,67,6.1NRT,,5.54,N,2026-10-04 05:57:05,Sedang
-7.31717,139.34114,,1.02,1.01,2026-10-03,1130,Terra,MODIS,98,6.1NRT,,14.18,N,2026-10-04 05:57:05,Tinggi
-7.30701,139.34889,,1.02,1.01,2026-10-03,1130,Terra,MODIS,54,6.1NRT,,6.32,N,2026-10-04 05:57:05,Sedang
-7.29936,139.33858,,1.02,1.01,2026-10-03,1130,Terra,MODIS,100,6.1NRT,,20.02,N,2026-10-04 05:57:05,Tinggi
-7.2748,138.91817,,1.01,1,2026-10-03,1130,Terra,MODIS,74,6.1NRT,,6.65,N,2026-10-04 05:57:05,Sedang
-7.27394,139.3903,,1.03,1.01,2026-10-03,1130,Terra,MODIS,40,6.1NRT,,3.63,N,2026-10-04 05:57:05,Sedang
-7.26944,138.82686,,1,1,2026-10-03,1130,Terra,MODIS,70,6.1NRT,,5.47,N,2026-10-04 05:57:05,Sedang
-7.17681,139.42599,,1.03,1.01,2026-10-03,1130,Terra,MODIS,100,6.1NRT,,23.71,N,2026-10-04 05:57:05,Tinggi
-7.17554,139.43507,,1.03,1.01,2026-10-03,1130,Terra,MODIS,100,6.1NRT,,30.33,N,2026-10-04 05:57:05,Tinggi
-7.1666,139.43379,,1.03,1.01,2026-10-03,1130,Terra,MODIS,62,6.1NRT,,4.54,N,2026-10-04 05:57:05,Sedang
-7.14829,139.29552,,1.02,1.01,2026-10-03,1130,Terra,MODIS,70,6.1NRT,,5.95,N,2026-10-04 05:57:05,Sedang
-7.13736,140.99359,,1.19,1.09,2026-10-03,1130,Terra,MODIS,62,6.1NRT,,4.92,N,2026-10-04 05:57:05,Sedang
-7.12832,139.96643,,1.07,1.03,2026-10-03,1130,Terra,MODIS,60,6.1NRT,,4.34,N,2026-10-04 05:57:05,Sedang
-7.12699,139.97588,,1.07,1.03,2026-10-03,1130,Terra,MODIS,71,6.1NRT,,6.1,N,2026-10-04 05:57:05,Sedang
-7.12401,139.67055,,1.05,1.02,2026-10-03,1130,Terra,MODIS,91,6.1NRT,,12.54,N,2026-10-04 05:57:05,Tinggi
-7.11546,139.66306,,1.05,1.02,2026-10-03,1130,Terra,MODIS,100,6.1NRT,,22.84,N,2026-10-04 05:57:05,Tinggi
-6.91578,139.77338,,1.06,1.03,2026-10-03,1130,Terra,MODIS,81,6.1NRT,,8.66,N,2026-10-04 05:57:05,Tinggi
-6.91448,139.78271,,1.06,1.03,2026-10-03,1130,Terra,MODIS,72,6.1NRT,,5.96,N,2026-10-04 05:57:05,Sedang
-6.88762,139.58026,,1.04,1.02,2026-10-03,1130,Terra,MODIS,87,6.1NRT,,9.15,N,2026-10-04 05:57:05,Tinggi
-6.88633,139.58946,,1.04,1.02,2026-10-03,1130,Terra,MODIS,89,6.1NRT,,10.12,N,2026-10-04 05:57:05,Tinggi
-6.83894,139.92516,,1.07,1.03,2026-10-03,1130,Terra,MODIS,80,6.1NRT,,8.54,N,2026-10-04 05:57:05,Tinggi
-6.58418,139.64102,,1.05,1.02,2026-10-03,1130,Terra,MODIS,33,6.1NRT,,6.85,N,2026-10-04 05:57:05,Sedang
-6.45932,139.54474,,1.05,1.02,2026-10-03,1130,Terra,MODIS,82,6.1NRT,,12.53,N,2026-10-04 05:57:05,Tinggi
-6.45803,139.55399,,1.05,1.02,2026-10-03,1130,Terra,MODIS,84,6.1NRT,,12.34,N,2026-10-04 05:57:05,Tinggi
-6.45032,139.54346,,1.05,1.02,2026-10-03,1130,Terra,MODIS,65,6.1NRT,,9.6,N,2026-10-04 05:57:05,Sedang
-6.32841,139.62361,,1.06,1.03,2026-10-03,1130,Terra,MODIS,88,6.1NRT,,11.11,N,2026-10-04 05:57:05,Tinggi
-6.3271,139.6329,,1.06,1.03,2026-10-03,1130,Terra,MODIS,79,6.1NRT,,8.12,N,2026-10-04 05:57:05,Sedang
-6.32593,139.5759,,1.05,1.02,2026-10-03,1130,Terra,MODIS,57,6.1NRT,,9.08,N,2026-10-04 05:57:05,Sedang
-6.25651,139.01518,,1.02,1.01,2026-10-03,1130,Terra,MODIS,71,6.1NRT,,6.22,N,2026-10-04 05:57:05,Sedang
-6.18044,139.49559,,1.05,1.02,2026-10-03,1130,Terra,MODIS,100,6.1NRT,,17.13,N,2026-10-04 05:57:05,Tinggi
-6.17144,139.49431,,1.05,1.02,2026-10-03,1130,Terra,MODIS,41,6.1NRT,,3.87,N,2026-10-04 05:57:05,Sedang
-3.801,136.09497,,1.08,1.04,2026-10-03,1130,Terra,MODIS,69,6.1NRT,,6.4,N,2026-10-04 05:57:05,Sedang
-3.79976,136.10413,,1.07,1.03,2026-10-03,1130,Terra,MODIS,67,6.1NRT,,6.33,N,2026-10-04 05:57:05,Sedang
-3.63644,132.907,,1.68,1.28,2026-10-03,1130,Terra,MODIS,41,6.1NRT,,9.96,N,2026-10-04 05:57:05,Sedang
-3.42815,133.70854,,1.46,1.19,2026-10-03,1130,Terra,MODIS,33,6.1NRT,,8.63,N,2026-10-04 05:57:05,Sedang
-3.38734,134.86055,,1.22,1.1,2026-10-03,1130,Terra,MODIS,68,6.1NRT,,7.09,N,2026-10-04 05:57:05,Sedang
-3.27241,134.78777,,1.23,1.1,2026-10-03,1130,Terra,MODIS,75,6.1NRT,,7.82,N,2026-10-04 05:57:05,Sedang
-3.25347,133.95679,,1.39,1.17,2026-10-03,1130,Terra,MODIS,37,6.1NRT,,9,N,2026-10-04 05:57:05,Sedang
-2.79739,133.17163,,1.56,1.23,2026-10-03,1130,Terra,MODIS,76,6.1NRT,,12.16,N,2026-10-04 05:57:05,Sedang
-1.86383,132.34767,,1.75,1.3,2026-10-03,1130,Terra,MODIS,94,6.1NRT,,29.73,N,2026-10-04 05:57:05,Tinggi
-1.86344,132.35689,,1.74,1.29,2026-10-03,1130,Terra,MODIS,100,6.1NRT,,38.12,N,2026-10-04 05:57:05,Tinggi
-1.48253,132.20276,,1.77,1.3,2026-10-03,1130,Terra,MODIS,67,6.1NRT,,12.73,N,2026-10-04 05:57:05,Sedang
1.03807,128.22035,,3.37,1.73,2026-10-03,1130,Terra,MODIS,39,6.1NRT,,30.25,N,2026-10-04 05:57:05,Sedang
-8.55456,114.15732,,1,1,2026-10-03,1306,Terra,MODIS,74,6.1NRT,,7.22,N,2026-10-04 05:57:05,Sedang
-8.5224,113.99916,,1,1,2026-10-03,1306,Terra,MODIS,92,6.1NRT,,12.84,N,2026-10-04 05:57:05,Tinggi
-8.31299,113.70689,,1,1,2026-10-03,1306,Terra,MODIS,86,6.1NRT,,9.71,N,2026-10-04 05:57:05,Tinggi
-8.01181,110.99978,,1.25,1.11,2026-10-03,1306,Terra,MODIS,60,6.1NRT,,5.37,N,2026-10-04 05:57:05,Sedang
-7.80146,112.18162,,1.08,1.04,2026-10-03,1306,Terra,MODIS,65,6.1NRT,,5.72,N,2026-10-04 05:57:05,Sedang
-7.75961,114.18493,,1,1,2026-10-03,1306,Terra,MODIS,68,6.1NRT,,4.97,N,2026-10-04 05:57:05,Sedang
-7.7587,112.29219,,1.07,1.03,2026-10-03,1306,Terra,MODIS,67,6.1NRT,,5.77,N,2026-10-04 05:57:05,Sedang
-7.73391,112.26933,,1.07,1.03,2026-10-03,1306,Terra,MODIS,90,6.1NRT,,12.53,N,2026-10-04 05:57:05,Tinggi
-7.73265,112.27882,,1.07,1.03,2026-10-03,1306,Terra,MODIS,66,6.1NRT,,5.59,N,2026-10-04 05:57:05,Sedang
-7.6793,113.96868,,1,1,2026-10-03,1306,Terra,MODIS,100,6.1NRT,,24.73,N,2026-10-04 05:57:05,Tinggi
-7.67808,113.97752,,1,1,2026-10-03,1306,Terra,MODIS,96,6.1NRT,,14.08,N,2026-10-04 05:57:05,Tinggi
-7.66172,112.39836,,1.06,1.03,2026-10-03,1306,Terra,MODIS,79,6.1NRT,,9.01,N,2026-10-04 05:57:05,Sedang
-7.61309,112.48623,,1.05,1.02,2026-10-03,1306,Terra,MODIS,60,6.1NRT,,4.63,N,2026-10-04 05:57:05,Sedang
-6.87821,108.75716,,1.73,1.29,2026-10-03,1306,Terra,MODIS,72,6.1NRT,,12.38,N,2026-10-04 05:57:05,Sedang
-4.59157,121.89494,,3.45,1.75,2026-10-03,1306,Terra,MODIS,45,6.1NRT,,41.99,N,2026-10-04 05:57:05,Sedang
-4.50306,121.75752,,3.37,1.73,2026-10-03,1306,Terra,MODIS,49,6.1NRT,,34.72,N,2026-10-04 05:57:05,Sedang
-3.61902,114.99264,,1.11,1.05,2026-10-03,1306,Terra,MODIS,74,6.1NRT,,7.06,N,2026-10-04 05:57:05,Sedang
-3.5685,115.56229,,1.19,1.09,2026-10-03,1306,Terra,MODIS,67,6.1NRT,,7.43,N,2026-10-04 05:57:05,Sedang
-3.5256,105.68064,,2.7,1.57,2026-10-03,1306,Terra,MODIS,60,6.1NRT,,18.26,N,2026-10-04 05:57:05,Sedang
-3.48848,116.28471,,1.32,1.14,2026-10-03,1306,Terra,MODIS,77,6.1NRT,,11.71,N,2026-10-04 05:57:05,Sedang
-3.33175,112.46998,,1.01,1,2026-10-03,1306,Terra,MODIS,48,6.1NRT,,5.01,N,2026-10-04 05:57:05,Sedang
-3.32545,111.84425,,1.04,1.02,2026-10-03,1306,Terra,MODIS,56,6.1NRT,,6.45,N,2026-10-04 05:57:05,Sedang
-3.25517,111.88357,,1.03,1.02,2026-10-03,1306,Terra,MODIS,96,6.1NRT,,14.18,N,2026-10-04 05:57:05,Tinggi
-3.25267,111.90165,,1.03,1.01,2026-10-03,1306,Terra,MODIS,78,6.1NRT,,7.33,N,2026-10-04 05:57:05,Sedang
-3.25092,115.37071,,1.17,1.08,2026-10-03,1306,Terra,MODIS,56,6.1NRT,,4.66,N,2026-10-04 05:57:05,Sedang
-3.21976,115.35038,,1.17,1.08,2026-10-03,1306,Terra,MODIS,46,6.1NRT,,6.06,N,2026-10-04 05:57:05,Sedang
-3.18036,115.35538,,1.17,1.08,2026-10-03,1306,Terra,MODIS,90,6.1NRT,,13.01,N,2026-10-04 05:57:05,Tinggi
-3.17787,111.98314,,1.03,1.01,2026-10-03,1306,Terra,MODIS,44,6.1NRT,,6.03,N,2026-10-04 05:57:05,Sedang
-3.1592,112.05366,,1.02,1.01,2026-10-03,1306,Terra,MODIS,47,6.1NRT,,6.06,N,2026-10-04 05:57:05,Sedang
-3.15502,112.82478,,1,1,2026-10-03,1306,Terra,MODIS,73,6.1NRT,,7.9,N,2026-10-04 05:57:05,Sedang
-3.14423,111.95424,,1.03,1.01,2026-10-03,1306,Terra,MODIS,70,6.1NRT,,5.59,N,2026-10-04 05:57:05,Sedang
-3.14135,112.25101,,1.01,1.01,2026-10-03,1306,Terra,MODIS,78,6.1NRT,,8.4,N,2026-10-04 05:57:05,Sedang
-3.12858,111.86938,,1.03,1.01,2026-10-03,1306,Terra,MODIS,55,6.1NRT,,6.06,N,2026-10-04 05:57:05,Sedang
-3.11841,111.87717,,1.03,1.01,2026-10-03,1306,Terra,MODIS,50,6.1NRT,,5.19,N,2026-10-04 05:57:05,Sedang
-3.11678,112.36493,,1.01,1,2026-10-03,1306,Terra,MODIS,51,6.1NRT,,5.64,N,2026-10-04 05:57:05,Sedang
-3.08426,111.92759,,1.03,1.01,2026-10-03,1306,Terra,MODIS,56,6.1NRT,,5.92,N,2026-10-04 05:57:05,Sedang
-3.0685,111.90073,,1.03,1.01,2026-10-03,1306,Terra,MODIS,80,6.1NRT,,7.52,N,2026-10-04 05:57:05,Tinggi
-3.06726,111.90975,,1.03,1.01,2026-10-03,1306,Terra,MODIS,80,6.1NRT,,7.83,N,2026-10-04 05:57:05,Tinggi
-3.04767,112.39444,,1.01,1,2026-10-03,1306,Terra,MODIS,56,6.1NRT,,8.2,N,2026-10-04 05:57:05,Sedang
-3.03531,113.95406,,1.03,1.02,2026-10-03,1306,Terra,MODIS,45,6.1NRT,,9.3,N,2026-10-04 05:57:05,Sedang
-2.96652,110.89383,,1.12,1.05,2026-10-03,1306,Terra,MODIS,63,6.1NRT,,5.82,N,2026-10-04 05:57:05,Sedang
-2.952,111.54462,,1.05,1.02,2026-10-03,1306,Terra,MODIS,68,6.1NRT,,4.91,N,2026-10-04 05:57:05,Sedang
-2.94702,111.58144,,1.05,1.02,2026-10-03,1306,Terra,MODIS,87,6.1NRT,,9.33,N,2026-10-04 05:57:05,Tinggi
-2.93579,111.52666,,1.05,1.02,2026-10-03,1306,Terra,MODIS,78,6.1NRT,,7.43,N,2026-10-04 05:57:05,Sedang
-2.9127,111.561,,1.05,1.02,2026-10-03,1306,Terra,MODIS,63,6.1NRT,,8.44,N,2026-10-04 05:57:05,Sedang
-2.87564,110.74526,,1.13,1.06,2026-10-03,1306,Terra,MODIS,96,6.1NRT,,15.74,N,2026-10-04 05:57:05,Tinggi
-2.86363,111.51669,,1.05,1.02,2026-10-03,1306,Terra,MODIS,42,6.1NRT,,5.97,N,2026-10-04 05:57:05,Sedang
-2.85272,111.6647,,1.04,1.02,2026-10-03,1306,Terra,MODIS,100,6.1NRT,,16.52,N,2026-10-04 05:57:05,Tinggi
-2.84961,111.82147,,1.03,1.01,2026-10-03,1306,Terra,MODIS,66,6.1NRT,,5.12,N,2026-10-04 05:57:05,Sedang
-2.84876,113.04051,,1,1,2026-10-03,1306,Terra,MODIS,87,6.1NRT,,11.07,N,2026-10-04 05:57:05,Tinggi
-2.83513,111.1156,,1.09,1.04,2026-10-03,1306,Terra,MODIS,73,6.1NRT,,7.62,N,2026-10-04 05:57:05,Sedang
-2.82919,110.47659,,1.17,1.07,2026-10-03,1306,Terra,MODIS,71,6.1NRT,,7.3,N,2026-10-04 05:57:05,Sedang
-2.82751,113.06437,,1,1,2026-10-03,1306,Terra,MODIS,65,6.1NRT,,6.2,N,2026-10-04 05:57:05,Sedang
-2.8263,113.07314,,1,1,2026-10-03,1306,Terra,MODIS,53,6.1NRT,,8.52,N,2026-10-04 05:57:05,Sedang
-2.81973,110.4753,,1.17,1.07,2026-10-03,1306,Terra,MODIS,65,6.1NRT,,8,N,2026-10-04 05:57:05,Sedang
-2.81535,110.72057,,1.13,1.06,2026-10-03,1306,Terra,MODIS,80,6.1NRT,,9.43,N,2026-10-04 05:57:05,Tinggi
-2.81236,113.30425,,1.01,1,2026-10-03,1306,Terra,MODIS,34,6.1NRT,,5.92,N,2026-10-04 05:57:05,Sedang
-2.7937,114.03756,,1.04,1.02,2026-10-03,1306,Terra,MODIS,31,6.1NRT,,5.96,N,2026-10-04 05:57:05,Sedang
-2.79267,110.7477,,1.13,1.06,2026-10-03,1306,Terra,MODIS,74,6.1NRT,,8.15,N,2026-10-04 05:57:05,Sedang
-2.75849,112.89687,,1,1,2026-10-03,1306,Terra,MODIS,74,6.1NRT,,7.08,N,2026-10-04 05:57:05,Sedang
-2.74323,113.33355,,1.01,1,2026-10-03,1306,Terra,MODIS,69,6.1NRT,,4.95,N,2026-10-04 05:57:05,Sedang
-2.7379,114.30538,,1.06,1.03,2026-10-03,1306,Terra,MODIS,75,6.1NRT,,13.53,N,2026-10-04 05:57:05,Sedang
-2.73237,114.07856,,1.05,1.02,2026-10-03,1306,Terra,MODIS,89,6.1NRT,,11.11,N,2026-10-04 05:57:05,Tinggi
-2.7221,114.08646,,1.05,1.02,2026-10-03,1306,Terra,MODIS,91,6.1NRT,,12.37,N,2026-10-04 05:57:05,Tinggi
-2.70539,114.07477,,1.05,1.02,2026-10-03,1306,Terra,MODIS,70,6.1NRT,,5.84,N,2026-10-04 05:57:05,Sedang
-2.68353,114.23139,,1.06,1.03,2026-10-03,1306,Terra,MODIS,61,6.1NRT,,7.51,N,2026-10-04 05:57:05,Sedang
-2.66597,113.02956,,1,1,2026-10-03,1306,Terra,MODIS,65,6.1NRT,,14.19,N,2026-10-04 05:57:05,Sedang
-2.65273,112.32422,,1.01,1,2026-10-03,1306,Terra,MODIS,74,6.1NRT,,6.81,N,2026-10-04 05:57:05,Sedang
-2.5967,114.85074,,1.12,1.06,2026-10-03,1306,Terra,MODIS,44,6.1NRT,,6.79,N,2026-10-04 05:57:05,Sedang
-2.58494,114.2779,,1.06,1.03,2026-10-03,1306,Terra,MODIS,54,6.1NRT,,6.27,N,2026-10-04 05:57:05,Sedang
-2.58324,114.87896,,1.13,1.06,2026-10-03,1306,Terra,MODIS,97,6.1NRT,,18.87,N,2026-10-04 05:57:05,Tinggi
-2.57842,114.32457,,1.07,1.03,2026-10-03,1306,Terra,MODIS,95,6.1NRT,,13.52,N,2026-10-04 05:57:05,Tinggi
-2.56073,113.38592,,1.01,1,2026-10-03,1306,Terra,MODIS,90,6.1NRT,,13.39,N,2026-10-04 05:57:05,Tinggi
-2.54513,114.6293,,1.1,1.05,2026-10-03,1306,Terra,MODIS,64,6.1NRT,,4.9,N,2026-10-04 05:57:05,Sedang
-2.49341,116.37662,,1.38,1.16,2026-10-03,1306,Terra,MODIS,72,6.1NRT,,9.99,N,2026-10-04 05:57:05,Sedang
-2.44614,114.41843,,1.08,1.04,2026-10-03,1306,Terra,MODIS,99,6.1NRT,,17.82,N,2026-10-04 05:57:05,Tinggi
-2.44484,114.42789,,1.08,1.04,2026-10-03,1306,Terra,MODIS,100,6.1NRT,,28.87,N,2026-10-04 05:57:05,Tinggi
-2.44354,114.43736,,1.08,1.04,2026-10-03,1306,Terra,MODIS,69,6.1NRT,,6.19,N,2026-10-04 05:57:05,Sedang
-2.43311,114.51344,,1.09,1.04,2026-10-03,1306,Terra,MODIS,100,6.1NRT,,26.87,N,2026-10-04 05:57:05,Tinggi
-2.40289,114.59704,,1.1,1.05,2026-10-03,1306,Terra,MODIS,70,6.1NRT,,6.84,N,2026-10-04 05:57:05,Sedang
-2.39926,114.35409,,1.07,1.03,2026-10-03,1306,Terra,MODIS,49,6.1NRT,,3.92,N,2026-10-04 05:57:05,Sedang
-2.38456,114.06131,,1.05,1.02,2026-10-03,1306,Terra,MODIS,48,6.1NRT,,6.29,N,2026-10-04 05:57:05,Sedang
-2.38343,114.46758,,1.09,1.04,2026-10-03,1306,Terra,MODIS,66,6.1NRT,,15.13,N,2026-10-04 05:57:05,Sedang
-2.37428,114.46629,,1.09,1.04,2026-10-03,1306,Terra,MODIS,55,6.1NRT,,8.15,N,2026-10-04 05:57:05,Sedang
-2.37162,114.02208,,1.05,1.02,2026-10-03,1306,Terra,MODIS,82,6.1NRT,,8.67,N,2026-10-04 05:57:05,Tinggi
-2.35363,114.01952,,1.05,1.02,2026-10-03,1306,Terra,MODIS,38,6.1NRT,,7.09,N,2026-10-04 05:57:05,Sedang
-2.35108,114.03787,,1.05,1.02,2026-10-03,1306,Terra,MODIS,57,6.1NRT,,10.63,N,2026-10-04 05:57:05,Sedang
-2.34901,114.57966,,1.1,1.04,2026-10-03,1306,Terra,MODIS,52,6.1NRT,,12.18,N,2026-10-04 05:57:05,Sedang
-2.34597,114.07466,,1.05,1.02,2026-10-03,1306,Terra,MODIS,90,6.1NRT,,11.58,N,2026-10-04 05:57:05,Tinggi
-2.33981,114.57836,,1.1,1.04,2026-10-03,1306,Terra,MODIS,54,6.1NRT,,9.12,N,2026-10-04 05:57:05,Sedang
-2.33824,114.06419,,1.05,1.02,2026-10-03,1306,Terra,MODIS,43,6.1NRT,,7.61,N,2026-10-04 05:57:05,Sedang
-2.337,114.20547,,1.06,1.03,2026-10-03,1306,Terra,MODIS,92,6.1NRT,,18.99,N,2026-10-04 05:57:05,Tinggi
-2.33695,114.0734,,1.05,1.02,2026-10-03,1306,Terra,MODIS,100,6.1NRT,,19.31,N,2026-10-04 05:57:05,Tinggi
-2.28806,116.24265,,1.36,1.16,2026-10-03,1306,Terra,MODIS,92,6.1NRT,,19.47,N,2026-10-04 05:57:05,Tinggi
-2.28642,116.25464,,1.37,1.16,2026-10-03,1306,Terra,MODIS,100,6.1NRT,,30.03,N,2026-10-04 05:57:05,Tinggi
-2.26464,114.59077,,1.1,1.05,2026-10-03,1306,Terra,MODIS,48,6.1NRT,,5.3,N,2026-10-04 05:57:05,Sedang
-2.25407,114.59911,,1.1,1.05,2026-10-03,1306,Terra,MODIS,75,6.1NRT,,11.21,N,2026-10-04 05:57:05,Sedang
-2.24591,114.65716,,1.11,1.05,2026-10-03,1306,Terra,MODIS,60,6.1NRT,,6.27,N,2026-10-04 05:57:05,Sedang
-3.4346,105.0762,,3.02,1.65,2026-10-03,1308,Terra,MODIS,43,6.1NRT,,39.36,N,2026-10-04 05:57:05,Sedang
-3.41492,105.0934,,3,1.65,2026-10-03,1308,Terra,MODIS,73,6.1NRT,,29.88,N,2026-10-04 05:57:05,Sedang
-3.39698,105.11751,,2.99,1.64,2026-10-03,1308,Terra,MODIS,100,6.1NRT,,129.66,N,2026-10-04 05:57:05,Tinggi
-3.38253,105.11559,,2.99,1.64,2026-10-03,1308,Terra,MODIS,95,6.1NRT,,62.99,N,2026-10-04 05:57:05,Tinggi
-3.35467,105.21642,,2.93,1.63,2026-10-03,1308,Terra,MODIS,81,6.1NRT,,38.52,N,2026-10-04 05:57:05,Tinggi
-3.33028,105.25949,,2.9,1.62,2026-10-03,1308,Terra,MODIS,52,6.1NRT,,25.66,N,2026-10-04 05:57:05,Sedang
-3.31139,105.07442,,3,1.65,2026-10-03,1308,Terra,MODIS,85,6.1NRT,,51.3,N,2026-10-04 05:57:05,Tinggi
-3.18938,105.41084,,2.8,1.6,2026-10-03,1308,Terra,MODIS,56,6.1NRT,,17.57,N,2026-10-04 05:57:05,Sedang
-3.18514,105.33547,,2.84,1.61,2026-10-03,1308,Terra,MODIS,54,6.1NRT,,17.45,N,2026-10-04 05:57:05,Sedang
-3.13951,105.35438,,2.83,1.61,2026-10-03,1308,Terra,MODIS,73,6.1NRT,,28.74,N,2026-10-04 05:57:05,Sedang
-3.13189,105.37293,,2.82,1.6,2026-10-03,1308,Terra,MODIS,98,6.1NRT,,68.39,N,2026-10-04 05:57:05,Tinggi
-3.04615,106.67159,,2.2,1.44,2026-10-03,1308,Terra,MODIS,70,6.1NRT,,16.52,N,2026-10-04 05:57:05,Sedang
-3.04287,106.68409,,2.19,1.44,2026-10-03,1308,Terra,MODIS,67,6.1NRT,,14.58,N,2026-10-04 05:57:05,Sedang
-2.97569,107.82367,,1.78,1.31,2026-10-03,1308,Terra,MODIS,84,6.1NRT,,22.33,N,2026-10-04 05:57:05,Tinggi
-2.95731,107.79991,,1.78,1.31,2026-10-03,1308,Terra,MODIS,64,6.1NRT,,13.03,N,2026-10-04 05:57:05,Sedang
-2.87663,108.1415,,1.67,1.27,2026-10-03,1308,Terra,MODIS,83,6.1NRT,,19.31,N,2026-10-04 05:57:05,Tinggi
-2.87468,108.15611,,1.67,1.27,2026-10-03,1308,Terra,MODIS,100,6.1NRT,,52.04,N,2026-10-04 05:57:05,Tinggi
-2.8657,106.45016,,2.28,1.46,2026-10-03,1308,Terra,MODIS,75,6.1NRT,,22.79,N,2026-10-04 05:57:05,Sedang
-2.82405,107.68996,,1.81,1.32,2026-10-03,1308,Terra,MODIS,56,6.1NRT,,9.76,N,2026-10-04 05:57:05,Sedang
-2.70967,106.64113,,2.19,1.43,2026-10-03,1308,Terra,MODIS,69,6.1NRT,,15.33,N,2026-10-04 05:57:05,Sedang
-2.69896,105.92996,,2.5,1.52,2026-10-03,1308,Terra,MODIS,69,6.1NRT,,21.36,N,2026-10-04 05:57:05,Sedang
-2.6691,111.11932,,1.08,1.04,2026-10-03,1308,Terra,MODIS,64,6.1NRT,,5.73,N,2026-10-04 05:57:05,Sedang
-2.6575,111.20443,,1.08,1.04,2026-10-03,1308,Terra,MODIS,89,6.1NRT,,12.12,N,2026-10-04 05:57:05,Tinggi
-2.64817,111.67989,,1.04,1.02,2026-10-03,1308,Terra,MODIS,92,6.1NRT,,12.64,N,2026-10-04 05:57:05,Tinggi
-2.64694,111.68898,,1.04,1.02,2026-10-03,1308,Terra,MODIS,91,6.1NRT,,12.08,N,2026-10-04 05:57:05,Tinggi
-2.63378,107.72194,,1.79,1.31,2026-10-03,1308,Terra,MODIS,67,6.1NRT,,13.58,N,2026-10-04 05:57:05,Sedang
-2.59784,111.17067,,1.08,1.04,2026-10-03,1308,Terra,MODIS,68,6.1NRT,,6.64,N,2026-10-04 05:57:05,Sedang
-2.5939,111.53632,,1.05,1.02,2026-10-03,1308,Terra,MODIS,50,6.1NRT,,5.05,N,2026-10-04 05:57:05,Sedang
-2.58276,110.25687,,1.19,1.09,2026-10-03,1308,Terra,MODIS,100,6.1NRT,,20.5,N,2026-10-04 05:57:05,Tinggi
-2.58136,110.26727,,1.19,1.08,2026-10-03,1308,Terra,MODIS,100,6.1NRT,,20.43,N,2026-10-04 05:57:05,Tinggi
-2.56601,111.60698,,1.04,1.02,2026-10-03,1308,Terra,MODIS,70,6.1NRT,,5.83,N,2026-10-04 05:57:05,Sedang
-2.56107,111.64342,,1.04,1.02,2026-10-03,1308,Terra,MODIS,68,6.1NRT,,5.76,N,2026-10-04 05:57:05,Sedang
-2.55466,111.61764,,1.04,1.02,2026-10-03,1308,Terra,MODIS,99,6.1NRT,,16.03,N,2026-10-04 05:57:05,Tinggi
-2.54638,110.87525,,1.11,1.05,2026-10-03,1308,Terra,MODIS,80,6.1NRT,,9.78,N,2026-10-04 05:57:05,Tinggi
-2.54239,110.90425,,1.1,1.05,2026-10-03,1308,Terra,MODIS,63,6.1NRT,,6.16,N,2026-10-04 05:57:05,Sedang
-2.52104,111.52924,,1.05,1.02,2026-10-03,1308,Terra,MODIS,64,6.1NRT,,5.13,N,2026-10-04 05:57:05,Sedang
-2.50706,111.5646,,1.04,1.02,2026-10-03,1308,Terra,MODIS,56,6.1NRT,,6.41,N,2026-10-04 05:57:05,Sedang
-2.48872,110.76176,,1.12,1.05,2026-10-03,1308,Terra,MODIS,68,6.1NRT,,7.56,N,2026-10-04 05:57:05,Sedang
-2.48259,111.54257,,1.04,1.02,2026-10-03,1308,Terra,MODIS,76,6.1NRT,,7.06,N,2026-10-04 05:57:05,Sedang
-2.46381,111.60846,,1.04,1.02,2026-10-03,1308,Terra,MODIS,68,6.1NRT,,5.27,N,2026-10-04 05:57:05,Sedang
-2.45609,111.59812,,1.04,1.02,2026-10-03,1308,Terra,MODIS,75,6.1NRT,,6.94,N,2026-10-04 05:57:05,Sedang
-2.42128,112.19246,,1.01,1,2026-10-03,1308,Terra,MODIS,67,6.1NRT,,5.15,N,2026-10-04 05:57:05,Sedang
-2.40029,111.06378,,1.08,1.04,2026-10-03,1308,Terra,MODIS,73,6.1NRT,,7.64,N,2026-10-04 05:57:05,Sedang
-2.36506,113.33733,,1.01,1,2026-10-03,1308,Terra,MODIS,31,6.1NRT,,6.26,N,2026-10-04 05:57:05,Sedang
-2.35895,113.38161,,1.01,1.01,2026-10-03,1308,Terra,MODIS,45,6.1NRT,,3.36,N,2026-10-04 05:57:05,Sedang
-2.30014,112.79634,,1,1,2026-10-03,1308,Terra,MODIS,46,6.1NRT,,5.25,N,2026-10-04 05:57:05,Sedang
-2.2988,114.0153,,1.05,1.02,2026-10-03,1308,Terra,MODIS,73,6.1NRT,,7.32,N,2026-10-04 05:57:05,Sedang
-2.27795,111.48694,,1.05,1.02,2026-10-03,1308,Terra,MODIS,88,6.1NRT,,10.35,N,2026-10-04 05:57:05,Tinggi
-2.27669,111.49608,,1.04,1.02,2026-10-03,1308,Terra,MODIS,94,6.1NRT,,12.98,N,2026-10-04 05:57:05,Tinggi
-2.24097,113.89829,,1.04,1.02,2026-10-03,1308,Terra,MODIS,34,6.1NRT,,3.68,N,2026-10-04 05:57:05,Sedang
-2.20591,114.28587,,1.07,1.03,2026-10-03,1308,Terra,MODIS,93,6.1NRT,,12.73,N,2026-10-04 05:57:05,Tinggi
-2.16706,114.43781,,1.09,1.04,2026-10-03,1308,Terra,MODIS,86,6.1NRT,,12.19,N,2026-10-04 05:57:05,Tinggi
-2.16575,114.44732,,1.09,1.04,2026-10-03,1308,Terra,MODIS,100,6.1NRT,,26.87,N,2026-10-04 05:57:05,Tinggi
-2.14853,111.02072,,1.08,1.04,2026-10-03,1308,Terra,MODIS,89,6.1NRT,,12.57,N,2026-10-04 05:57:05,Tinggi
-2.14724,111.03016,,1.08,1.04,2026-10-03,1308,Terra,MODIS,100,6.1NRT,,20.23,N,2026-10-04 05:57:05,Tinggi
-2.14081,113.75804,,1.03,1.02,2026-10-03,1308,Terra,MODIS,93,6.1NRT,,12.12,N,2026-10-04 05:57:05,Tinggi
-2.13188,113.75679,,1.03,1.02,2026-10-03,1308,Terra,MODIS,71,6.1NRT,,8.03,N,2026-10-04 05:57:05,Sedang
-2.12419,113.7465,,1.03,1.01,2026-10-03,1308,Terra,MODIS,66,6.1NRT,,7.38,N,2026-10-04 05:57:05,Sedang
-2.12314,110.46492,,1.15,1.07,2026-10-03,1308,Terra,MODIS,100,6.1NRT,,47.4,N,2026-10-04 05:57:05,Tinggi
-2.11378,114.21877,,1.07,1.03,2026-10-03,1308,Terra,MODIS,52,6.1NRT,,8.19,N,2026-10-04 05:57:05,Sedang
-2.11235,114.29506,,1.07,1.03,2026-10-03,1308,Terra,MODIS,37,6.1NRT,,5.07,N,2026-10-04 05:57:05,Sedang
-2.06184,113.99781,,1.05,1.02,2026-10-03,1308,Terra,MODIS,89,6.1NRT,,11.19,N,2026-10-04 05:57:05,Tinggi
-2.06055,114.007,,1.05,1.02,2026-10-03,1308,Terra,MODIS,74,6.1NRT,,6.37,N,2026-10-04 05:57:05,Sedang
-2.05537,112.56519,,1,1,2026-10-03,1308,Terra,MODIS,75,6.1NRT,,6.35,N,2026-10-04 05:57:05,Sedang
-2.04504,114.18421,,1.07,1.03,2026-10-03,1308,Terra,MODIS,96,6.1NRT,,13.35,N,2026-10-04 05:57:05,Tinggi
-2.04303,113.99829,,1.05,1.02,2026-10-03,1308,Terra,MODIS,51,6.1NRT,,3.37,N,2026-10-04 05:57:05,Sedang
-2.04025,110.46821,,1.14,1.07,2026-10-03,1308,Terra,MODIS,73,6.1NRT,,8.26,N,2026-10-04 05:57:05,Sedang
-2.03897,112.55399,,1,1,2026-10-03,1308,Terra,MODIS,94,6.1NRT,,11.29,N,2026-10-04 05:57:05,Tinggi
-2.03574,114.38438,,1.08,1.04,2026-10-03,1308,Terra,MODIS,82,6.1NRT,,8.6,N,2026-10-04 05:57:05,Tinggi
-2.03442,114.39388,,1.09,1.04,2026-10-03,1308,Terra,MODIS,69,6.1NRT,,7.91,N,2026-10-04 05:57:05,Sedang
-2.02659,114.38309,,1.08,1.04,2026-10-03,1308,Terra,MODIS,67,6.1NRT,,4.81,N,2026-10-04 05:57:05,Sedang
-2.02135,112.55153,,1,1,2026-10-03,1308,Terra,MODIS,68,6.1NRT,,4.79,N,2026-10-04 05:57:05,Sedang
-2.0192,113.70716,,1.03,1.01,2026-10-03,1308,Terra,MODIS,100,6.1NRT,,30.85,N,2026-10-04 05:57:05,Tinggi
-2.01027,113.70589,,1.03,1.01,2026-10-03,1308,Terra,MODIS,82,6.1NRT,,7.46,N,2026-10-04 05:57:05,Tinggi
-1.99155,111.15582,,1.07,1.03,2026-10-03,1308,Terra,MODIS,66,6.1NRT,,5.5,N,2026-10-04 05:57:05,Sedang
-1.97611,114.01704,,1.05,1.02,2026-10-03,1308,Terra,MODIS,68,6.1NRT,,5.28,N,2026-10-04 05:57:05,Sedang
-1.97554,112.28002,,1,1,2026-10-03,1308,Terra,MODIS,62,6.1NRT,,4.67,N,2026-10-04 05:57:05,Sedang
-1.96708,114.28168,,1.08,1.04,2026-10-03,1308,Terra,MODIS,55,6.1NRT,,4.42,N,2026-10-04 05:57:05,Sedang
-1.94069,114.0062,,1.05,1.02,2026-10-03,1308,Terra,MODIS,88,6.1NRT,,11.44,N,2026-10-04 05:57:05,Tinggi
-1.93499,113.78172,,1.04,1.02,2026-10-03,1308,Terra,MODIS,68,6.1NRT,,5.18,N,2026-10-04 05:57:05,Sedang
-1.93341,112.39052,,1,1,2026-10-03,1308,Terra,MODIS,62,6.1NRT,,4.74,N,2026-10-04 05:57:05,Sedang
-1.92493,113.85448,,1.04,1.02,2026-10-03,1308,Terra,MODIS,50,6.1NRT,,10.61,N,2026-10-04 05:57:05,Sedang
-1.92439,113.45311,,1.02,1.01,2026-10-03,1308,Terra,MODIS,86,6.1NRT,,9.58,N,2026-10-04 05:57:05,Tinggi
-1.92392,113.99445,,1.05,1.02,2026-10-03,1308,Terra,MODIS,60,6.1NRT,,6.29,N,2026-10-04 05:57:05,Sedang
-1.92301,114.20259,,1.07,1.03,2026-10-03,1308,Terra,MODIS,49,6.1NRT,,6.9,N,2026-10-04 05:57:05,Sedang
-1.90961,113.8989,,1.04,1.02,2026-10-03,1308,Terra,MODIS,55,6.1NRT,,7.89,N,2026-10-04 05:57:05,Sedang
-1.90874,112.29132,,1,1,2026-10-03,1308,Terra,MODIS,100,6.1NRT,,16.46,N,2026-10-04 05:57:05,Tinggi
-1.90753,112.30011,,1,1,2026-10-03,1308,Terra,MODIS,100,6.1NRT,,36.76,N,2026-10-04 05:57:05,Tinggi
-1.90749,113.64249,,1.03,1.01,2026-10-03,1308,Terra,MODIS,100,6.1NRT,,17.01,N,2026-10-04 05:57:05,Tinggi
-1.90668,114.44739,,1.09,1.04,2026-10-03,1308,Terra,MODIS,62,6.1NRT,,4.94,N,2026-10-04 05:57:05,Sedang
-1.89991,112.29011,,1,1,2026-10-03,1308,Terra,MODIS,91,6.1NRT,,10.7,N,2026-10-04 05:57:05,Tinggi
-1.89871,112.29889,,1,1,2026-10-03,1308,Terra,MODIS,100,6.1NRT,,31.89,N,2026-10-04 05:57:05,Tinggi
-1.89508,112.32523,,1,1,2026-10-03,1308,Terra,MODIS,94,6.1NRT,,11.05,N,2026-10-04 05:57:05,Tinggi
-1.89387,112.33402,,1,1,2026-10-03,1308,Terra,MODIS,65,6.1NRT,,7.27,N,2026-10-04 05:57:05,Sedang
-1.87429,112.21486,,1.01,1,2026-10-03,1308,Terra,MODIS,68,6.1NRT,,5.47,N,2026-10-04 05:57:05,Sedang
-1.87309,112.22366,,1.01,1,2026-10-03,1308,Terra,MODIS,32,6.1NRT,,4.25,N,2026-10-04 05:57:05,Sedang
-1.87231,114.36859,,1.09,1.04,2026-10-03,1308,Terra,MODIS,62,6.1NRT,,6.97,N,2026-10-04 05:57:05,Sedang
-1.87224,113.76658,,1.04,1.02,2026-10-03,1308,Terra,MODIS,64,6.1NRT,,4.48,N,2026-10-04 05:57:05,Sedang
-1.86934,111.04082,,1.08,1.04,2026-10-03,1308,Terra,MODIS,65,6.1NRT,,5.11,N,2026-10-04 05:57:05,Sedang
-1.8628,111.08835,,1.07,1.03,2026-10-03,1308,Terra,MODIS,93,6.1NRT,,12.63,N,2026-10-04 05:57:05,Tinggi
-1.86064,112.24883,,1,1,2026-10-03,1308,Terra,MODIS,62,6.1NRT,,4.44,N,2026-10-04 05:57:05,Sedang
-1.85372,111.08702,,1.07,1.03,2026-10-03,1308,Terra,MODIS,46,6.1NRT,,6.02,N,2026-10-04 05:57:05,Sedang
-1.8443,111.76204,,1.02,1.01,2026-10-03,1308,Terra,MODIS,74,6.1NRT,,7.11,N,2026-10-04 05:57:05,Sedang
-1.83515,113.49839,,1.02,1.01,2026-10-03,1308,Terra,MODIS,76,6.1NRT,,16.08,N,2026-10-04 05:57:05,Sedang
-1.83484,113.43465,,1.02,1.01,2026-10-03,1308,Terra,MODIS,39,6.1NRT,,5.44,N,2026-10-04 05:57:05,Sedang
-1.81718,114.42891,,1.09,1.04,2026-10-03,1308,Terra,MODIS,98,6.1NRT,,18.17,N,2026-10-04 05:57:05,Tinggi
-1.76961,114.37686,,1.09,1.04,2026-10-03,1308,Terra,MODIS,78,6.1NRT,,8.79,N,2026-10-04 05:57:05,Sedang
-1.76897,113.4527,,1.02,1.01,2026-10-03,1308,Terra,MODIS,41,6.1NRT,,6.31,N,2026-10-04 05:57:05,Sedang
-1.76697,114.39594,,1.09,1.04,2026-10-03,1308,Terra,MODIS,88,6.1NRT,,11.51,N,2026-10-04 05:57:05,Tinggi
-1.74225,113.9754,,1.05,1.02,2026-10-03,1308,Terra,MODIS,63,6.1NRT,,8.3,N,2026-10-04 05:57:05,Sedang
-1.7247,113.36758,,1.02,1.01,2026-10-03,1308,Terra,MODIS,52,6.1NRT,,4.43,N,2026-10-04 05:57:05,Sedang
-1.72357,114.43864,,1.1,1.04,2026-10-03,1308,Terra,MODIS,63,6.1NRT,,5.69,N,2026-10-04 05:57:05,Sedang
-1.71894,113.21308,,1.01,1,2026-10-03,1308,Terra,MODIS,46,6.1NRT,,3.85,N,2026-10-04 05:57:05,Sedang
-1.71791,114.5461,,1.11,1.05,2026-10-03,1308,Terra,MODIS,76,6.1NRT,,10.75,N,2026-10-04 05:57:05,Sedang
-1.71772,113.22193,,1.01,1,2026-10-03,1308,Terra,MODIS,95,6.1NRT,,13.48,N,2026-10-04 05:57:05,Tinggi
-1.70669,113.30169,,1.01,1.01,2026-10-03,1308,Terra,MODIS,52,6.1NRT,,3.83,N,2026-10-04 05:57:05,Sedang
-1.70237,114.40041,,1.09,1.04,2026-10-03,1308,Terra,MODIS,83,6.1NRT,,10.38,N,2026-10-04 05:57:05,Tinggi
-1.69714,113.96909,,1.05,1.02,2026-10-03,1308,Terra,MODIS,35,6.1NRT,,6.4,N,2026-10-04 05:57:05,Sedang
-1.69682,113.70206,,1.03,1.02,2026-10-03,1308,Terra,MODIS,61,6.1NRT,,4.65,N,2026-10-04 05:57:05,Sedang
-1.69585,113.9783,,1.05,1.03,2026-10-03,1308,Terra,MODIS,88,6.1NRT,,14.22,N,2026-10-04 05:57:05,Tinggi
-1.69557,113.7111,,1.04,1.02,2026-10-03,1308,Terra,MODIS,81,6.1NRT,,9.03,N,2026-10-04 05:57:05,Tinggi
-1.6945,114.38957,,1.09,1.04,2026-10-03,1308,Terra,MODIS,80,6.1NRT,,9.52,N,2026-10-04 05:57:05,Tinggi
-1.68872,110.81023,,1.1,1.04,2026-10-03,1308,Terra,MODIS,60,6.1NRT,,5.37,N,2026-10-04 05:57:05,Sedang
-1.68791,114.4375,,1.1,1.04,2026-10-03,1308,Terra,MODIS,72,6.1NRT,,8.64,N,2026-10-04 05:57:05,Sedang
-1.68412,112.45353,,1,1,2026-10-03,1308,Terra,MODIS,82,6.1NRT,,8.36,N,2026-10-04 05:57:05,Tinggi
-1.68123,113.2109,,1.01,1,2026-10-03,1308,Terra,MODIS,93,6.1NRT,,17.99,N,2026-10-04 05:57:05,Tinggi
-1.66462,113.60545,,1.03,1.01,2026-10-03,1308,Terra,MODIS,63,6.1NRT,,4.82,N,2026-10-04 05:57:05,Sedang
-1.64571,110.45029,,1.14,1.06,2026-10-03,1308,Terra,MODIS,87,6.1NRT,,12.89,N,2026-10-04 05:57:05,Tinggi
-1.64309,105.55288,,2.57,1.54,2026-10-03,1308,Terra,MODIS,69,6.1NRT,,39.49,N,2026-10-04 05:57:05,Sedang
-1.64243,113.55975,,1.03,1.01,2026-10-03,1308,Terra,MODIS,60,6.1NRT,,4.97,N,2026-10-04 05:57:05,Sedang
-1.63749,105.55766,,2.57,1.54,2026-10-03,1308,Terra,MODIS,48,6.1NRT,,31.02,N,2026-10-04 05:57:05,Sedang
-1.63256,113.63186,,1.03,1.01,2026-10-03,1308,Terra,MODIS,73,6.1NRT,,7.2,N,2026-10-04 05:57:05,Sedang
-1.62937,113.19464,,1.01,1,2026-10-03,1308,Terra,MODIS,91,6.1NRT,,11.09,N,2026-10-04 05:57:05,Tinggi
-1.61995,114.65584,,1.12,1.06,2026-10-03,1308,Terra,MODIS,100,6.1NRT,,26.9,N,2026-10-04 05:57:05,Tinggi
-1.61946,114.45729,,1.1,1.05,2026-10-03,1308,Terra,MODIS,93,6.1NRT,,15.82,N,2026-10-04 05:57:05,Tinggi
-1.6181,114.46694,,1.1,1.05,2026-10-03,1308,Terra,MODIS,67,6.1NRT,,7.6,N,2026-10-04 05:57:05,Sedang
-1.61203,114.64468,,1.12,1.06,2026-10-03,1308,Terra,MODIS,61,6.1NRT,,8.63,N,2026-10-04 05:57:05,Sedang
-1.61065,114.65453,,1.12,1.06,2026-10-03,1308,Terra,MODIS,34,6.1NRT,,7.46,N,2026-10-04 05:57:05,Sedang
-1.58896,112.34509,,1,1,2026-10-03,1308,Terra,MODIS,70,6.1NRT,,6.23,N,2026-10-04 05:57:05,Sedang
-1.58327,112.64764,,1,1,2026-10-03,1308,Terra,MODIS,93,6.1NRT,,12.7,N,2026-10-04 05:57:05,Tinggi
-1.53729,112.5253,,1,1,2026-10-03,1308,Terra,MODIS,85,6.1NRT,,9.06,N,2026-10-04 05:57:05,Tinggi
-1.52848,112.52407,,1,1,2026-10-03,1308,Terra,MODIS,79,6.1NRT,,7.09,N,2026-10-04 05:57:05,Sedang
-1.5126,113.03119,,1.01,1,2026-10-03,1308,Terra,MODIS,87,6.1NRT,,10.53,N,2026-10-04 05:57:05,Tinggi
-1.49188,113.58746,,1.03,1.01,2026-10-03,1308,Terra,MODIS,64,6.1NRT,,4.14,N,2026-10-04 05:57:05,Sedang
-1.49063,113.59647,,1.03,1.01,2026-10-03,1308,Terra,MODIS,63,6.1NRT,,4.14,N,2026-10-04 05:57:05,Sedang
-1.48491,114.5051,,1.11,1.05,2026-10-03,1308,Terra,MODIS,63,6.1NRT,,6.34,N,2026-10-04 05:57:05,Sedang
-1.47983,114.40592,,1.1,1.05,2026-10-03,1308,Terra,MODIS,71,6.1NRT,,9.61,N,2026-10-04 05:57:05,Sedang
-1.45712,112.82915,,1,1,2026-10-03,1308,Terra,MODIS,59,6.1NRT,,4.28,N,2026-10-04 05:57:05,Sedang
-1.42152,110.27856,,1.15,1.07,2026-10-03,1308,Terra,MODIS,76,6.1NRT,,8.3,N,2026-10-04 05:57:05,Sedang
-1.40068,113.44971,,1.02,1.01,2026-10-03,1308,Terra,MODIS,61,6.1NRT,,4.67,N,2026-10-04 05:57:05,Sedang
-1.39303,113.43951,,1.02,1.01,2026-10-03,1308,Terra,MODIS,57,6.1NRT,,4.33,N,2026-10-04 05:57:05,Sedang
-1.38007,113.25876,,1.01,1.01,2026-10-03,1308,Terra,MODIS,66,6.1NRT,,5.75,N,2026-10-04 05:57:05,Sedang
-1.3707,112.11729,,1.01,1,2026-10-03,1308,Terra,MODIS,65,6.1NRT,,5.62,N,2026-10-04 05:57:05,Sedang
-1.3491,113.82091,,1.05,1.02,2026-10-03,1308,Terra,MODIS,66,6.1NRT,,5.09,N,2026-10-04 05:57:05,Sedang
-1.33698,113.2437,,1.01,1.01,2026-10-03,1308,Terra,MODIS,47,6.1NRT,,3.45,N,2026-10-04 05:57:05,Sedang
-1.32036,112.69696,,1,1,2026-10-03,1308,Terra,MODIS,63,6.1NRT,,4.66,N,2026-10-04 05:57:05,Sedang
-1.3056,116.16475,,1.39,1.17,2026-10-03,1308,Terra,MODIS,40,6.1NRT,,12.68,N,2026-10-04 05:57:05,Sedang
-1.21894,113.28751,,1.02,1.01,2026-10-03,1308,Terra,MODIS,64,6.1NRT,,5.73,N,2026-10-04 05:57:05,Sedang
-1.21672,113.1063,,1.01,1,2026-10-03,1308,Terra,MODIS,64,6.1NRT,,4.45,N,2026-10-04 05:57:05,Sedang
-1.19293,113.1481,,1.01,1.01,2026-10-03,1308,Terra,MODIS,62,6.1NRT,,4.31,N,2026-10-04 05:57:05,Sedang
-1.17758,110.57514,,1.11,1.05,2026-10-03,1308,Terra,MODIS,62,6.1NRT,,4.91,N,2026-10-04 05:57:05,Sedang
-0.44411,111.89163,,1.01,1,2026-10-03,1308,Terra,MODIS,70,6.1NRT,,8.38,N,2026-10-04 05:57:05,Sedang
-0.42028,111.65741,,1.01,1.01,2026-10-03,1308,Terra,MODIS,60,6.1NRT,,4.04,N,2026-10-04 05:57:05,Sedang
-0.32576,111.67404,,1.01,1.01,2026-10-03,1308,Terra,MODIS,66,6.1NRT,,5.91,N,2026-10-04 05:57:05,Sedang
-0.32337,111.42889,,1.02,1.01,2026-10-03,1308,Terra,MODIS,64,6.1NRT,,4.48,N,2026-10-04 05:57:05,Sedang
-0.30493,111.29823,,1.03,1.01,2026-10-03,1308,Terra,MODIS,63,6.1NRT,,4.77,N,2026-10-04 05:57:05,Sedang
-0.27784,111.28851,,1.03,1.01,2026-10-03,1308,Terra,MODIS,75,6.1NRT,,7.28,N,2026-10-04 05:57:05,Sedang
-0.2766,111.2975,,1.03,1.01,2026-10-03,1308,Terra,MODIS,100,6.1NRT,,22.2,N,2026-10-04 05:57:05,Tinggi
-0.26892,111.28727,,1.03,1.01,2026-10-03,1308,Terra,MODIS,100,6.1NRT,,17.99,N,2026-10-04 05:57:05,Tinggi
-0.24488,111.32977,,1.03,1.01,2026-10-03,1308,Terra,MODIS,57,6.1NRT,,4.67,N,2026-10-04 05:57:05,Sedang
-0.12979,111.82346,,1.01,1,2026-10-03,1308,Terra,MODIS,51,6.1NRT,,3.17,N,2026-10-04 05:57:05,Sedang
-0.12582,111.78701,,1.01,1,2026-10-03,1308,Terra,MODIS,47,6.1NRT,,6.56,N,2026-10-04 05:57:05,Sedang
-0.1246,111.79581,,1.01,1,2026-10-03,1308,Terra,MODIS,79,6.1NRT,,7.7,N,2026-10-04 05:57:05,Sedang
0.03054,115.84811,,1.38,1.16,2026-10-03,1308,Terra,MODIS,42,6.1NRT,,8.41,N,2026-10-04 05:57:05,Sedang
0.78695,116.89539,,1.69,1.28,2026-10-03,1308,Terra,MODIS,89,6.1NRT,,28.33,N,2026-10-04 05:57:05,Tinggi
-8.23178,140.72572,,1.65,1.26,2026-10-03,1756,Aqua,MODIS,90,6.1NRT,,25.85,N,2026-10-04 05:57:05,Tinggi
-8.01988,139.44337,,2.1,1.41,2026-10-03,1756,Aqua,MODIS,66,6.1NRT,,18.36,N,2026-10-04 05:57:05,Sedang
-7.89703,140.73082,,1.68,1.27,2026-10-03,1756,Aqua,MODIS,61,6.1NRT,,12.26,N,2026-10-04 05:57:05,Sedang
-7.65757,140.6761,,1.71,1.28,2026-10-03,1756,Aqua,MODIS,48,6.1NRT,,13.17,N,2026-10-04 05:57:05,Sedang
0.23703,116.85612,,2.04,1.39,2026-10-03,1932,Aqua,MODIS,52,6.1NRT,,31.13,N,2026-10-04 05:57:05,Sedang
0.90015,121.46432,,1.05,1.02,2026-10-03,1932,Aqua,MODIS,68,6.1NRT,,5.8,N,2026-10-04 05:57:05,Sedang
-3.58844,126.80537,,1.76,1.3,2026-10-03,1934,Aqua,MODIS,67,6.1NRT,,18.82,N,2026-10-04 05:57:05,Sedang
-3.30718,114.13004,,2.93,1.63,2026-10-03,1934,Aqua,MODIS,56,6.1NRT,,31.13,N,2026-10-04 05:57:05,Sedang
-2.82591,122.17776,,1,1,2026-10-03,1934,Aqua,MODIS,64,6.1NRT,,4.5,N,2026-10-04 05:57:05,Sedang
-2.65465,111.59692,,4.82,2,2026-10-03,1934,Aqua,MODIS,97,6.1NRT,,152.92,N,2026-10-04 05:57:05,Tinggi
-2.40322,114.51988,,2.83,1.61,2026-10-03,1934,Aqua,MODIS,100,6.1NRT,,97.46,N,2026-10-04 05:57:05,Tinggi
-3.76596,105.58803,,3.35,1.73,2026-10-03,2112,Aqua,MODIS,79,6.1NRT,,52.21,N,2026-10-04 05:57:05,Sedang
-3.3841,105.15937,,3.05,1.66,2026-10-03,2112,Aqua,MODIS,61,6.1NRT,,39.99,N,2026-10-04 05:57:05,Sedang
-3.31514,105.08919,,3,1.65,2026-10-03,2112,Aqua,MODIS,41,6.1NRT,,22.61,N,2026-10-04 05:57:05,Sedang
-3.30438,105.11715,,3.02,1.65,2026-10-03,2112,Aqua,MODIS,40,6.1NRT,,21.87,N,2026-10-04 05:57:05,Sedang
-3.18258,105.44647,,3.19,1.69,2026-10-03,2112,Aqua,MODIS,76,6.1NRT,,45.35,N,2026-10-04 05:57:05,Sedang
-3.16397,105.42107,,3.18,1.69,2026-10-03,2112,Aqua,MODIS,98,6.1NRT,,87.84,N,2026-10-04 05:57:05,Tinggi
-1.87639,103.91128,,2.27,1.46,2026-10-03,2112,Aqua,MODIS,54,6.1NRT,,16.56,N,2026-10-04 05:57:05,Sedang
-1.87513,103.99211,,2.3,1.47,2026-10-03,2112,Aqua,MODIS,55,6.1NRT,,18.05,N,2026-10-04 05:57:05,Sedang