NamaPos,Lat,Lng,Deskripsi,NoTelp
BPBD Buru Selatan ,"-3,845029","126,723569","<iframe src=""https://www.google.com/maps/embed?pb=!1m16!1m12!1m3!1d445.0551145069958!2d126.7235897278032!3d-3.8449656401127323!2m3!1f0!2f0!3f0!3m2!1i1024!2i768!4f13.1!2m1!1sBPbd%20Buru%20selatan!5e1!3m2!1sid!2sid!4v1782063825301!5m2!1sid!2sid"" width=""600"" height=""450"" style=""border:0;"" allowfullscreen="""" loading=""lazy"" referrerpolicy=""no-referrer-when-downgrade""></iframe>",-
Damkar,"-3,837241","126,733225","<iframe src=""https://www.google.com/maps/embed?pb=!1m16!1m12!1m3!1d447.588077803202!2d126.73309512129154!3d-3.8367692463856335!2m3!1f0!2f0!3f0!3m2!1i1024!2i768!4f13.1!2m1!1sBPbd%20Buru%20selatan!5e1!3m2!1sid!2sid!4v1782064001847!5m2!1sid!2sid"" width=""600"" height=""450"" style=""border:0;"" allowfullscreen="""" loading=""lazy"" referrerpolicy=""no-referrer-when-downgrade""></iframe>",-
RSUD Namrole,"-3,83738","126,73683","5P7P+3R3, Labuang, Kec. Namrole, Kabupaten Buru Selatan, Maluku
<iframe src=""https://www.google.com/maps/embed?pb=!1m18!1m12!1m3!1d2622.875346253451!2d126.73460616576202!3d-3.837407146572433!2m3!1f0!2f0!3f0!3m2!1i1024!2i768!4f13.1!3m3!1m2!1s0x2d72dd586f10f5fb%3A0x534a32c3254558c5!2sRSUD%20Namrole!5e1!3m2!1sid!2sid!4v1782064132951!5m2!1sid!2sid"" width=""600"" height=""450"" style=""border:0;"" allowfullscreen="""" loading=""lazy"" referrerpolicy=""no-referrer-when-downgrade""></iframe>",-
POLRES BURU SELATAN,"-3,845103","126,721697","5P3C+XMQ, Jl. Kabupaten, Elfule, Kec. Namrole, Kabupaten Buru Selatan, Maluku
<iframe src=""https://www.google.com/maps/embed?pb=!1m18!1m12!1m3!1d463.0992825311018!2d126.72131333152228!3d-3.845127460154314!2m3!1f0!2f0!3f0!3m2!1i1024!2i768!4f13.1!3m3!1m2!1s0x2d72dd5bebecfe1b%3A0xe11fa56bd1f2fb59!2sPOLRES%20BURU%20SELATAN!5e1!3m2!1sid!2sid!4v1782064269841!5m2!1sid!2sid"" width=""600"" height=""450"" style=""border:0;"" allowfullscreen="""" loading=""lazy"" referrerpolicy=""no-referrer-when-downgrade""></iframe>",-
PUSKESMAS NAMROLE,"-3,845393","126,710528","5P36+V43, Elfule, Kec. Namrole, Kabupaten Buru Selatan, Maluku
<iframe src=""https://www.google.com/maps/embed?pb=!1m18!1m12!1m3!1d3224.3246137326005!2d126.70663018233206!3d-3.84602208817671!2m3!1f0!2f0!3f0!3m2!1i1024!2i768!4f13.1!3m3!1m2!1s0x2d72dc1362c90a5d%3A0x3f2efc6f57bd74b4!2sPUSKESMAS%20NAMROLE!5e1!3m2!1sid!2sid!4v1782064438951!5m2!1sid!2sid"" width=""600"" height=""450"" style=""border:0;"" allowfullscreen="""" loading=""lazy"" referrerpolicy=""no-referrer-when-downgrade""></iframe>",-
Polsek Namrole,"-3,847549","126,736144","5P2P+WCX, Labuang, Kec. Namrole, Kabupaten Buru Selatan, Maluku
<iframe src=""https://www.google.com/maps/embed?pb=!1m18!1m12!1m3!1d1111.2323184290055!2d126.73541380105848!3d-3.847927952436954!2m3!1f0!2f0!3f0!3m2!1i1024!2i768!4f13.1!3m3!1m2!1s0x2d72dc5d39709d3f%3A0xaee9a015a025cb2a!2sPolsek%20Namrole!5e1!3m2!1sid!2sid!4v1782064545161!5m2!1sid!2sid"" width=""600"" height=""450"" style=""border:0;"" allowfullscreen="""" loading=""lazy"" referrerpolicy=""no-referrer-when-downgrade""></iframe>",-
Kantor Syahbandar Namrole,"-3,849321","126,734368","5P2M+7V8, Jl. Kabupaten, Labuang, Kec. Namrole, Kabupaten Buru Selatan, Maluku
<iframe src=""https://www.google.com/maps/embed?pb=!1m18!1m12!1m3!1d1123.4437659914993!2d126.734721297812!3d-3.849707777120424!2m3!1f0!2f0!3f0!3m2!1i1024!2i768!4f13.1!3m3!1m2!1s0x2d72dc6341a9c24f%3A0x70f0af35b7c00038!2sKantor%20Syahbandar%20Namrole!5e1!3m2!1sid!2sid!4v1782064677464!5m2!1sid!2sid"" width=""600"" height=""450"" style=""border:0;"" allowfullscreen="""" loading=""lazy"" referrerpolicy=""no-referrer-when-downgrade""></iframe>",091322170
Pos Damkar Namlea,"-3,269365","127,097764","P3JX+644, A Jl. Jenderal Ahmad Yani, Namlea, Kec. Namlea, Kabupaten Buru, Maluku
<iframe src=""https://www.google.com/maps/embed?pb=!1m18!1m12!1m3!1d1577.509328062572!2d127.0956402431653!3d-3.26948587077553!2m3!1f0!2f0!3f0!3m2!1i1024!2i768!4f13.1!3m3!1m2!1s0x2d726d116b1a12af%3A0xfb521fbdd27a5b19!2sPos%20Pemadam%20Kebakaran!5e1!3m2!1sid!2sid!4v1782091666202!5m2!1sid!2sid"" width=""600"" height=""450"" style=""border:0;"" allowfullscreen="""" loading=""lazy"" referrerpolicy=""no-referrer-when-downgrade""></iframe>",081321825
Bidang Damkar Dinas Perumahan & Kawasan Permukiman,"-3,265231","127,097582","P3MX+V2X, Namlea, Kec. Namlea, Kabupaten Buru, Maluku
<iframe src=""https://www.google.com/maps/embed?pb=!1m18!1m12!1m3!1d451.08423335630613!2d127.09723802955693!3d-3.265292781936909!2m3!1f0!2f0!3f0!3m2!1i1024!2i768!4f13.1!3m3!1m2!1s0x2d726d164074cdfd%3A0x2a69d28977694137!2sBidang%20Damkar%20Dinas%20Perumahan%20%26%20Kawasan%20Permukiman!5e1!3m2!1sid!2sid!4v1782091799555!5m2!1sid!2sid"" width=""600"" height=""450"" style=""border:0;"" allowfullscreen="""" loading=""lazy"" referrerpolicy=""no-referrer-when-downgrade""></iframe>",091321852
POLSEK NAMLEA,"-3,277843","127,098574","P3CX+V9Q, Jl. Kenanga, Namlea, Kec. Namlea, Kabupaten Buru, Maluku
<iframe src=""https://www.google.com/maps/embed?pb=!1m18!1m12!1m3!1d725.0254024621473!2d127.0979873745669!3d-3.2778310675292848!2m3!1f0!2f0!3f0!3m2!1i1024!2i768!4f13.1!3m3!1m2!1s0x2d726dbb7c477f57%3A0x5c2f8fbc9ab1846d!2sPOLSEK%20NAMLEA!5e1!3m2!1sid!2sid!4v1782091971939!5m2!1sid!2sid"" width=""600"" height=""450"" style=""border:0;"" allowfullscreen="""" loading=""lazy"" referrerpolicy=""no-referrer-when-downgrade""></iframe>",081343372423
Koramil Namlea,"-3,277565","127,098472","<iframe src=""https://www.google.com/maps/embed?pb=!1m18!1m12!1m3!1d725.0254024621473!2d127.0979873745669!3d-3.2778310675292848!2m3!1f0!2f0!3f0!3m2!1i1024!2i768!4f13.1!3m3!1m2!1s0x2d726db4c0524aaf%3A0x6c3313729bb76f68!2sKoramil%20Namlea!5e1!3m2!1sid!2sid!4v1782092047595!5m2!1sid!2sid"" width=""600"" height=""450"" style=""border:0;"" allowfullscreen="""" loading=""lazy"" referrerpolicy=""no-referrer-when-downgrade""></iframe>",-
Puskesmas Namlea,"-3,276628","127,097754","<iframe src=""https://www.google.com/maps/embed?pb=!1m18!1m12!1m3!1d447.23033074884233!2d127.09714277711738!3d-3.276623971320871!2m3!1f0!2f0!3f0!3m2!1i1024!2i768!4f13.1!3m3!1m2!1s0x2d726d094b0988cf%3A0xfe3f7290f957781f!2sPuskesmas%20Namlea!5e1!3m2!1sid!2sid!4v1782092119621!5m2!1sid!2sid"" width=""600"" height=""450"" style=""border:0;"" allowfullscreen="""" loading=""lazy"" referrerpolicy=""no-referrer-when-downgrade""></iframe>",-
Kodim 1506 Namlea,"-3,278722","127,11301","<iframe src=""https://www.google.com/maps/embed?pb=!1m18!1m12!1m3!1d451.2690156817249!2d127.11276851853884!3d-3.2786571500696495!2m3!1f0!2f0!3f0!3m2!1i1024!2i768!4f13.1!3m3!1m2!1s0x2d726d77b722d317%3A0xdb5c46795079dbfa!2sKodim%201506%20Namlea!5e1!3m2!1sid!2sid!4v1782092251026!5m2!1sid!2sid"" width=""600"" height=""450"" style=""border:0;"" allowfullscreen="""" loading=""lazy"" referrerpolicy=""no-referrer-when-downgrade""></iframe>",091321060
Kantor BPBD Kab. Buru,"-3,262569","127,09866","<iframe src=""https://www.google.com/maps/embed?pb=!1m18!1m12!1m3!1d2966.0773037169324!2d127.0941064989073!3d-3.2635737084036283!2m3!1f0!2f0!3f0!3m2!1i1024!2i768!4f13.1!3m3!1m2!1s0x2d726d3ddb1ccc19%3A0x62f4fffbdd7008bb!2sKantor%20BPBD%20Kab.%20Buru!5e1!3m2!1sid!2sid!4v1782092390649!5m2!1sid!2sid"" width=""600"" height=""450"" style=""border:0;"" allowfullscreen="""" loading=""lazy"" referrerpolicy=""no-referrer-when-downgrade""></iframe>",-
Puskesmas Pembantu (PUSTU) Desa Jamilu,"-3,280425","127,023784","<iframe src=""https://www.google.com/maps/embed?pb=!1m18!1m12!1m3!1d1320.8853405287828!2d127.02260034662727!3d-3.280222970412683!2m3!1f0!2f0!3f0!3m2!1i1024!2i768!4f13.1!3m3!1m2!1s0x2d726bc24da09f0b%3A0xc2ca273fce868443!2sPuskesmas%20Pembantu%20(PUSTU)%20Desa%20Jamilu!5e1!3m2!1sid!2sid!4v1782093587986!5m2!1sid!2sid"" width=""600"" height=""450"" style=""border:0;"" allowfullscreen="""" loading=""lazy"" referrerpolicy=""no-referrer-when-downgrade""></iframe>",-
PUSKESMAS SAVANA JAYA,"-3,3034","127,017212","<iframe src=""https://www.google.com/maps/embed?pb=!1m18!1m12!1m3!1d1263.2637746521873!2d127.01628281766213!3d-3.3036052203046937!2m3!1f0!2f0!3f0!3m2!1i1024!2i768!4f13.1!3m3!1m2!1s0x2d726b002ecafe59%3A0x48d983401887878a!2sPUSKESMAS%20SAVANA%20JAYA!5e1!3m2!1sid!2sid!4v1782093780435!5m2!1sid!2sid"" width=""600"" height=""450"" style=""border:0;"" allowfullscreen="""" loading=""lazy"" referrerpolicy=""no-referrer-when-downgrade""></iframe>",-
Puskesmas Pembantu (PUSTU) Gogorea,"-3,319617","126,996752","<iframe src=""https://www.google.com/maps/embed?pb=!1m18!1m12!1m3!1d1603.0277255979045!2d126.99524816070705!3d-3.319597515441369!2m3!1f0!2f0!3f0!3m2!1i1024!2i768!4f13.1!3m3!1m2!1s0x2d7269802963c943%3A0x60b224505b2a689b!2sPuskesmas%20Pembantu%20(PUSTU)%20Gogorea!5e1!3m2!1sid!2sid!4v1782093906317!5m2!1sid!2sid"" width=""600"" height=""450"" style=""border:0;"" allowfullscreen="""" loading=""lazy"" referrerpolicy=""no-referrer-when-downgrade""></iframe>",-
Pos 4 Camp Isilali,"-3,210701","129,503349","Pos Pendakian Gunung Binaya
QGR2+FXG, Yaputih, Kec. Tehoru, Kabupaten Maluku Tengah, Maluku
<iframe src=""https://www.google.com/maps/embed?pb=!1m18!1m12!1m3!1d11727.571750071806!2d129.4945309924444!3d-3.212072678781477!2m3!1f0!2f0!3f0!3m2!1i1024!2i768!4f13.1!3m3!1m2!1s0x2d6a45ad04ae9b7d%3A0x8df96be548a23ff3!2sPos%204%20Camp%20Isilali!5e1!3m2!1sid!2sid!4v1782094992359!5m2!1sid!2sid"" width=""600"" height=""450"" style=""border:0;"" allowfullscreen="""" loading=""lazy"" referrerpolicy=""no-referrer-when-downgrade""></iframe>",-
Pos 5 Nasapeha,"-3,191416","129,49321","Pos Pendakian Gunung Binaya
QGR2+FXG, Yaputih, Kec. Tehoru, Kabupaten Maluku Tengah, Maluku
<iframe src=""https://www.google.com/maps/embed?pb=!1m18!1m12!1m3!1d12871.214807261835!2d129.4852132179702!3d-3.1939292697500554!2m3!1f0!2f0!3f0!3m2!1i1024!2i768!4f13.1!3m3!1m2!1s0x2d6a47c1d4aaaf93%3A0x5ee7bc713b034838!2sPos%205%20Nasapeha!5e1!3m2!1sid!2sid!4v1782095114228!5m2!1sid!2sid"" width=""600"" height=""450"" style=""border:0;"" allowfullscreen="""" loading=""lazy"" referrerpolicy=""no-referrer-when-downgrade""></iframe>",-
Pos 3 High Camp,"-3,231997","129,514791","Pos Pendakian Gunung Binaya
QGR2+FXG, Yaputih, Kec. Tehoru, Kabupaten Maluku Tengah, Maluku
<iframe src=""https://www.google.com/maps/embed?pb=!1m18!1m12!1m3!1d4270.5205923750855!2d129.5124090218669!3d-3.230816352402925!2m3!1f0!2f0!3f0!3m2!1i1024!2i768!4f13.1!3m3!1m2!1s0x2d6a45c2e4715fb5%3A0x97879bce59ff67f0!2sPos%203%20High%20Camp!5e1!3m2!1sid!2sid!4v1782095282275!5m2!1sid!2sid"" width=""600"" height=""450"" style=""border:0;"" allowfullscreen="""" loading=""lazy"" referrerpolicy=""no-referrer-when-downgrade""></iframe>",-
Pos 1 Yamitala,"-3,254188","129,528701","Pos Pendakian Gunung Binaya
QGR2+FXG, Yaputih, Kec. Tehoru, Kabupaten Maluku Tengah, Maluku
<iframe src=""https://www.google.com/maps/embed?pb=!1m18!1m12!1m3!1d8262.736299142854!2d129.52598653949352!3d-3.257068388822934!2m3!1f0!2f0!3f0!3m2!1i1024!2i768!4f13.1!3m3!1m2!1s0x2d6a456c7b32c8ef%3A0x5ef92c89d504332c!2sPos%201%20Yamitala!5e1!3m2!1sid!2sid!4v1782095479684!5m2!1sid!2sid"" width=""600"" height=""450"" style=""border:0;"" allowfullscreen="""" loading=""lazy"" referrerpolicy=""no-referrer-when-downgrade""></iframe>",-
Pos Pengamatan Gunungapi Semeru,"-8,156884","113,020201","R2VC+646, Sawah & Hutan, Sumberwuluh, Kec. Candipuro, Kabupaten Lumajang, Jawa Timur 67373
<iframe src=""https://www.google.com/maps/embed?pb=!1m18!1m12!1m3!1d954.1089230751721!2d113.01949874057601!3d-8.157356959519225!2m3!1f0!2f0!3f0!3m2!1i1024!2i768!4f13.1!3m3!1m2!1s0x2dd66abc17108d2f%3A0x93608c21c6fb7d!2sPos%20Pengamatan%20Gunungapi%20Semeru!5e1!3m2!1sid!2sid!4v1782096111082!5m2!1sid!2sid"" width=""600"" height=""450"" style=""border:0;"" allowfullscreen="""" loading=""lazy"" referrerpolicy=""no-referrer-when-downgrade""></iframe>",0334575173
"Repeater Polda Jatim Res Lumajang, Site Gunung Sawur","-8,157457","113,020678","R2VC+646, Sawah & Hutan, Sumberwuluh, Kec. Candipuro, Kabupaten Lumajang, Jawa Timur 67373
<iframe src=""https://www.google.com/maps/embed?pb=!1m18!1m12!1m3!1d447.2428809164666!2d113.02060617605541!3d-8.157425339609457!2m3!1f0!2f0!3f0!3m2!1i1024!2i768!4f13.1!3m3!1m2!1s0x2dd66b000137e2df%3A0x2f632b3d58d4c563!2sRepeater%20Polda%20Jatim%20Res%20Lumajang%2C%20Site%20Gunung%20Sawur!5e1!3m2!1sid!2sid!4v1782096230588!5m2!1sid!2sid"" width=""600"" height=""450"" style=""border:0;"" allowfullscreen="""" loading=""lazy"" referrerpolicy=""no-referrer-when-downgrade""></iframe>",-
Yayasan Pendidikan Islam Nurul Ihsan,"-8,172464","113,005873","Yayasan Pendidikan ini berada dalam zona bahaya aliran lahar dingin Semeru dan erosi Tebing kali basuksemut
<iframe src=""https://www.google.com/maps/embed?pb=!1m18!1m12!1m3!1d775.1718775693771!2d113.00540008881578!3d-8.172619430669714!2m3!1f0!2f0!3f0!3m2!1i1024!2i768!4f13.1!3m3!1m2!1s0x2dd66acdc206e6e9%3A0x94636b15934720c0!2sYayasan%20Pendidikan%20Islam%20Nurul%20Ihsan!5e1!3m2!1sid!2sid!4v1782096908870!5m2!1sid!2sid"" width=""600"" height=""450"" style=""border:0;"" allowfullscreen="""" loading=""lazy"" referrerpolicy=""no-referrer-when-downgrade""></iframe>",081252766794
KESDES / POLINDES Desa Supiturang Kecamatan Pronojiwo,"-8,182181","112,995106","RX9W+436, desa, Supiturang, Kec. Pronojiwo, Kabupaten Lumajang, Jawa Timur 67374
<iframe src=""https://www.google.com/maps/embed?pb=!1m18!1m12!1m3!1d2320.1201309023268!2d112.99440511377799!3d-8.182009302790421!2m3!1f0!2f0!3f0!3m2!1i1024!2i768!4f13.1!3m3!1m2!1s0x2dd6152980492aab%3A0x50c13c2dfe6728da!2sPOSKESDES%2FPOLINDES%20Desa%20Supiturang%20Kecamatan%20Pronojiwo!5e1!3m2!1sid!2sid!4v1782097508559!5m2!1sid!2sid"" width=""600"" height=""450"" style=""border:0;"" allowfullscreen="""" loading=""lazy"" referrerpolicy=""no-referrer-when-downgrade""></iframe>",-
Pos Pengamatan Gunungapi Ile Lewotolok,"-8,3188","123,474245","MFJF+FMQ, Waipukang, Laranwuntun, Kec. Ile Ape, Kabupaten Lembata, Nusa Tenggara Tim.
<iframe src=""https://www.google.com/maps/embed?pb=!1m18!1m12!1m3!1d2081.7516269109055!2d123.47377690443507!3d-8.318391790624679!2m3!1f0!2f0!3f0!3m2!1i1024!2i768!4f13.1!3m3!1m2!1s0x2dab0afcf22d5665%3A0xb9194602896fea99!2sPos%20Pengamatan%20Gunungapi%20Ile%20Lewotolok!5e1!3m2!1sid!2sid!4v1782098095679!5m2!1sid!2sid"" width=""600"" height=""450"" style=""border:0;"" allowfullscreen="""" loading=""lazy"" referrerpolicy=""no-referrer-when-downgrade""></iframe>",81239145015
RSUD LEWOLEBA,"-8,358703","123,461064","Lewoleba Tim., Kec. Nubatukan, Kabupaten Lembata, Nusa Tenggara Tim.
https://sites.google.com/view/www-rsudlewoleba-com/home?
<iframe src=""https://www.google.com/maps/embed?pb=!1m18!1m12!1m3!1d2445.1994302554745!2d123.46067986352621!3d-8.359254057826451!2m3!1f0!2f0!3f0!3m2!1i1024!2i768!4f13.1!3m3!1m2!1s0x2dab0b607b78dce7%3A0x1f60e42750a246ea!2sRSUD%20LEWOLEBA!5e1!3m2!1sid!2sid!4v1782098313749!5m2!1sid!2sid"" width=""600"" height=""450"" style=""border:0;"" allowfullscreen="""" loading=""lazy"" referrerpolicy=""no-referrer-when-downgrade""></iframe>",3832343442
Pos Pengamatan Gunungapi Lewotobi Laki-Laki,"-8,506715","122,717942","FPV9+754, Pululera, Kec. Wulanggitang, Kabupaten Flores Timur, Nusa Tenggara Tim.
http://vsi.esdm.go.id/
<iframe src=""https://www.google.com/maps/embed?pb=!1m18!1m12!1m3!1d2350.9611758287865!2d122.71671145912549!3d-8.506688352923234!2m3!1f0!2f0!3f0!3m2!1i1024!2i768!4f13.1!3m3!1m2!1s0x2dacf2aaaa87a145%3A0x4923bc3d81c587b5!2sPos%20Pengamatan%20Gunungapi%20Lewotobi%20Laki-Laki!5e1!3m2!1sid!2sid!4v1782098844396!5m2!1sid!2sid"" width=""600"" height=""450"" style=""border:0;"" allowfullscreen="""" loading=""lazy"" referrerpolicy=""no-referrer-when-downgrade""></iframe>",-
Puskesmas BORU,"-8,524817","122,707272","Puskesmas ini masih dalam radius sebaran abu Vulkanik Erupsi lewotobi laki laki <iframe src=""https://www.google.com/maps/embed?pb=!1m18!1m12!1m3!1d1912.3708559531528!2d122.70670283369827!3d-8.525101507045058!2m3!1f0!2f0!3f0!3m2!1i1024!2i768!4f13.1!3m3!1m2!1s0x2daced48175119c5%3A0x1c0ca0ae9ac26b4e!2sPuskesmas%20BORU!5e1!3m2!1sid!2sid!4v1782099022957!5m2!1sid!2sid"" width=""600"" height=""450"" style=""border:0;"" allowfullscreen="""" loading=""lazy"" referrerpolicy=""no-referrer-when-downgrade""></iframe>",81338351191
Kantor BMKG Stasiun Geofisika Kelas I Palu,"-0,90529","119,836704","3RVP+VMR, Jl. Sumur Yuga, Balaroa, Kec. Palu Bar., Kota Palu, Sulawesi Tengah 94236
https://www.bmkg.go.id/cuaca/prakiraan-cuaca.bmkg?kab=Palu&Prov=Sulawesi_Tengah&AreaID=1200106
<iframe src=""https://www.google.com/maps/embed?pb=!1m18!1m12!1m3!1d482.8235789868093!2d119.83643495912798!3d-0.9052121075816789!2m3!1f0!2f0!3f0!3m2!1i1024!2i768!4f13.1!3m3!1m2!1s0x2d8bed9e6d31bca1%3A0xba936e0151ecbdf6!2sKantor%20BMKG%20Stasiun%20Geofisika%20Kelas%20I%20Palu!5e1!3m2!1sid!2sid!4v1782103524017!5m2!1sid!2sid"" width=""600"" height=""450"" style=""border:0;"" allowfullscreen="""" loading=""lazy"" referrerpolicy=""no-referrer-when-downgrade""></iframe>",451460190
RS ANUTAPURA PALU,"-0,899913","119,84836","Jl. Kangkung No.1, Donggala Kodi, Kec. Ulujadi, Kota Palu, Sulawesi Tengah 94111
https://rsapkotapalu.com/
<iframe src=""https://www.google.com/maps/embed?pb=!1m18!1m12!1m3!1d1427.1223626310396!2d119.84817846957267!3d-0.8998704102005542!2m3!1f0!2f0!3f0!3m2!1i1024!2i768!4f13.1!3m3!1m2!1s0x2d8bedbd0f7a063d%3A0x6df2b43d413ad355!2sRS%20ANUTAPURA%20PALU!5e1!3m2!1sid!2sid!4v1782103690464!5m2!1sid!2sid"" width=""600"" height=""450"" style=""border:0;"" allowfullscreen="""" loading=""lazy"" referrerpolicy=""no-referrer-when-downgrade""></iframe>",-
RS Bhayangkara Palu,"-0,889105","119,86831","4V69+965, JL. DR. Suharso Lrg III, No.02, Besusu Barat, Palu Timur, Jl. A.R. Hakim, Besusu Bar., Kec. Palu Tim., Kota Palu, Sulawesi Tengah 94118
<iframe src=""https://www.google.com/maps/embed?pb=!1m18!1m12!1m3!1d1436.0314257803827!2d119.86703358935137!3d-0.8895699406669976!2m3!1f0!2f0!3f0!3m2!1i1024!2i768!4f13.1!3m3!1m2!1s0x2d8bedba552c7b8b%3A0x216a2eb97c46fc20!2sRS%20Bhayangkara%20Palu!5e1!3m2!1sid!2sid!4v1782103925359!5m2!1sid!2sid"" width=""600"" height=""450"" style=""border:0;"" allowfullscreen="""" loading=""lazy"" referrerpolicy=""no-referrer-when-downgrade""></iframe>",451429714
Polresta Palu,"-0,890087","119,870064","Jalan Dr Jl. Sam Ratulangi No.78, Besusu Bar., Kec. Palu Tim., Kota Palu, Sulawesi Tengah 94111
<iframe src=""https://www.google.com/maps/embed?pb=!1m18!1m12!1m3!1d893.0949705336003!2d119.86938756658205!3d-0.8900999999999966!2m3!1f0!2f0!3f0!3m2!1i1024!2i768!4f13.1!3m3!1m2!1s0x2d8bedcb14d9e24b%3A0x71313365cc4d040e!2sPolresta%20Palu!5e1!3m2!1sid!2sid!4v1782104047319!5m2!1sid!2sid"" width=""600"" height=""450"" style=""border:0;"" allowfullscreen="""" loading=""lazy"" referrerpolicy=""no-referrer-when-downgrade""></iframe>",451456834
RS Samaritan Palu,"-0,925852","119,8809","Jl. Towua No.77, Tatura Sel., Kec. Palu Sel., Kota Palu, Sulawesi Tengah 94113
<iframe src=""https://www.google.com/maps/embed?pb=!1m18!1m12!1m3!1d1857.398541364558!2d119.87879231225838!3d-0.9264665483665372!2m3!1f0!2f0!3f0!3m2!1i1024!2i768!4f13.1!3m3!1m2!1s0x2d8bf202ae5e5fe5%3A0xd4c2c3153e5221a4!2sRS%20Samaritan%20Palu!5e1!3m2!1sid!2sid!4v1782104390897!5m2!1sid!2sid"" width=""600"" height=""450"" style=""border:0;"" allowfullscreen="""" loading=""lazy"" referrerpolicy=""no-referrer-when-downgrade""></iframe>",4514010925
Puskesmas Tinggede,"-0,935003","119,8714","3V7C+PH4, Jl. Lasaganti, Tinggede, Kec. Marawola, Kabupaten Sigi, Sulawesi Tengah 94235
<iframe src=""https://www.google.com/maps/embed?pb=!1m18!1m12!1m3!1d1155.9047523606225!2d119.87154521962111!3d-0.9361887671103791!2m3!1f0!2f0!3f0!3m2!1i1024!2i768!4f13.1!3m3!1m2!1s0x2d8bf21a1cb1cb1b%3A0xde2801e4f95ddf2b!2sPuskesmas%20Tinggede!5e1!3m2!1sid!2sid!4v1782104595625!5m2!1sid!2sid"" width=""600"" height=""450"" style=""border:0;"" allowfullscreen="""" loading=""lazy"" referrerpolicy=""no-referrer-when-downgrade""></iframe>",-
"Puskesmas Nokilalaki, Kec. Nokilalaki Kab Sigi","-1,187312","120,123141","R46J+R78, Kamarora B, Kec. Nokilalaki, Kabupaten Sigi, Sulawesi Tengah 94364
<iframe src=""https://www.google.com/maps/embed?pb=!1m18!1m12!1m3!1d717.5276110235451!2d120.13037311893099!3d-1.1881190357439257!2m3!1f0!2f0!3f0!3m2!1i1024!2i768!4f13.1!3m3!1m2!1s0x2d8c1dda17b4b165%3A0x2e5bf251f2e8a35f!2sPuskesmas%20Nokilalaki%2C%20Kec.%20Nokilalaki%20Kab%20Sigi!5e1!3m2!1sid!2sid!4v1782104867000!5m2!1sid!2sid"" width=""600"" height=""450"" style=""border:0;"" allowfullscreen="""" loading=""lazy"" referrerpolicy=""no-referrer-when-downgrade""></iframe>",-
Puskesmas Banpres,"-1,169898","120,151889","R5J2+2Q9, Uenuni, Kec. Palolo, Kabupaten Sigi, Sulawesi Tengah 94473
<iframe src=""https://www.google.com/maps/embed?pb=!1m18!1m12!1m3!1d3198.195258666373!2d120.15179057222659!3d-1.1698518387049497!2m3!1f0!2f0!3f0!3m2!1i1024!2i768!4f13.1!3m3!1m2!1s0x2d8c02a43e19a41b%3A0x409508fb152653a9!2sPuskesmas%20Banpres!5e1!3m2!1sid!2sid!4v1782105252529!5m2!1sid!2sid"" width=""600"" height=""450"" style=""border:0;"" allowfullscreen="""" loading=""lazy"" referrerpolicy=""no-referrer-when-downgrade""></iframe>",-
Puskesmas Pembantu Pakuli Utara by ADRA Indonesian,"-1,227027","119,946807","Jl. Poros Palu - Kulawi, Pakuli, Kec. Gumbasa, Kabupaten Sigi, Sulawesi Tengah 94361
<iframe src=""https://www.google.com/maps/embed?pb=!1m18!1m12!1m3!1d2222.1258608947333!2d119.94589305683824!3d-1.2267539178606282!2m3!1f0!2f0!3f0!3m2!1i1024!2i768!4f13.1!3m3!1m2!1s0x2d8c11553d91bff5%3A0x79aa6c19ad0baa7f!2sPuskesmas%20Pembantu%20Pakuli%20Utara%20by%20ADRA%20Indonesian!5e1!3m2!1sid!2sid!4v1782105553732!5m2!1sid!2sid"" width=""600"" height=""450"" style=""border:0;"" allowfullscreen="""" loading=""lazy"" referrerpolicy=""no-referrer-when-downgrade""></iframe>",-
Kesdes Desa Pakuli,"-1,236284","119,943648","QW7V+GF6, Pakuli, Kec. Gumbasa, Kabupaten Sigi, Sulawesi Tengah 94361
<iframe src=""https://www.google.com/maps/embed?pb=!1m18!1m12!1m3!1d1620.72067676303!2d119.94321065455422!3d-1.2366517110172583!2m3!1f0!2f0!3f0!3m2!1i1024!2i768!4f13.1!3m3!1m2!1s0x2d8c1100593095e3%3A0x616f5fec455b41d7!2sPos%20Kesdes%20Desa%20Pakuli!5e1!3m2!1sid!2sid!4v1782105710153!5m2!1sid!2sid"" width=""600"" height=""450"" style=""border:0;"" allowfullscreen="""" loading=""lazy"" referrerpolicy=""no-referrer-when-downgrade""></iframe>",-
Gedung Pusat Evakuasi Masyarakat (PEM),"-1,249364","119,927833","QW2H+64R, Bangga, Kec. Dolo Sel., Kabupaten Sigi, Sulawesi Tengah 94361
<iframe src=""https://www.google.com/maps/embed?pb=!1m18!1m12!1m3!1d981.4894867209769!2d119.92806708638905!3d-1.249504578100918!2m3!1f0!2f0!3f0!3m2!1i1024!2i768!4f13.1!3m3!1m2!1s0x2d8c110020c80a7d%3A0x29e63dc2514b8b3!2sGedung%20Pusat%20Evakuasi%20Masyarakat%20(PEM)!5e1!3m2!1sid!2sid!4v1782105919297!5m2!1sid!2sid"" width=""600"" height=""450"" style=""border:0;"" allowfullscreen="""" loading=""lazy"" referrerpolicy=""no-referrer-when-downgrade""></iframe>",-
Pos pantau MERAPI KSM glagaharjo,"-7,58774","110,455693","Kalitengah Kidul, Glagaharjo, Kec. Cangkringan, Kabupaten Sleman, Daerah Istimewa Yogyakarta 55583
<iframe src=""https://www.google.com/maps/embed?pb=!1m18!1m12!1m3!1d3061.063335748043!2d110.45371026098478!3d-7.588304715427539!2m3!1f0!2f0!3f0!3m2!1i1024!2i768!4f13.1!3m3!1m2!1s0x2e7a673f34f70177%3A0xe9c9fa04d1a8cff6!2sPos%20pantau%20MERAPI%20KSM%20glagaharjo!5e1!3m2!1sid!2sid!4v1782106556970!5m2!1sid!2sid"" width=""600"" height=""450"" style=""border:0;"" allowfullscreen="""" loading=""lazy"" referrerpolicy=""no-referrer-when-downgrade""></iframe>",85135907474
KRB III MERAPI,"-7,579859","110,447568","KRB III Gunung Merapi (Kawasan Rawan Bencana III) adalah zona paling berbahaya di lereng Gunung Merapi yang sering terlanda awan panas, aliran lava, guguran batu, dan gas beracun. Wilayah ini sangat dilarang untuk permukiman permanen atau aktivitas komersial karena risiko keselamatan yang sangat tinggi.",-
Pos retribusi merapi jalan petung,"-7,623408","110,454931","9FG3+MX4 Near, Jl. Petung Merapi, Pager Jurang, Kepuharjo, Cangkringan, Sleman Regency, Special Region of Yogyakarta 55583
<iframe src=""https://www.google.com/maps/embed?pb=!1m18!1m12!1m3!1d1854.1690036100033!2d110.45262517320391!3d-7.623680445318865!2m3!1f0!2f0!3f0!3m2!1i1024!2i768!4f13.1!3m3!1m2!1s0x2e7a670002a835e5%3A0x76e76e1d49be573a!2sPos%20retribusi%20merapi%20jalan%20petung!5e1!3m2!1sid!2sid!4v1782107005009!5m2!1sid!2sid"" width=""600"" height=""450"" style=""border:0;"" allowfullscreen="""" loading=""lazy"" referrerpolicy=""no-referrer-when-downgrade""></iframe>",-
Pos Pengamatan Gunung Api Merapi Kaliurang,"-7,601124","110,425024","9CXF+HX5, Kaliurang, Hargobinangun, Kec. Pakem, Kabupaten Sleman, Daerah Istimewa Yogyakarta 55582
<iframe src=""https://www.google.com/maps/embed?pb=!1m18!1m12!1m3!1d867.7262775660611!2d110.42402901518302!3d-7.601319121601317!2m3!1f0!2f0!3f0!3m2!1i1024!2i768!4f13.1!3m3!1m2!1s0x2e7a60ccdd4d893d%3A0x142b4cf4fb7053fc!2sPos%20Pengamatan%20Gunung%20Api%20Merapi%20Kaliurang!5e1!3m2!1sid!2sid!4v1782107283468!5m2!1sid!2sid"" width=""600"" height=""450"" style=""border:0;"" allowfullscreen="""" loading=""lazy"" referrerpolicy=""no-referrer-when-downgrade""></iframe>",274895209
Pos pantau gunung merapi,"-7,589888","110,417026","CC68+3R7, Unnamed Road, Turgo, Purwobinangun, Kec. Pakem, Kabupaten Sleman, Daerah Istimewa Yogyakarta 55582
<iframe src=""https://www.google.com/maps/embed?pb=!1m18!1m12!1m3!1d1514.1698081056227!2d110.41484624803581!3d-7.590449745056319!2m3!1f0!2f0!3f0!3m2!1i1024!2i768!4f13.1!3m3!1m2!1s0x2e7a616d3e8e8b2f%3A0xfa93d05b017229eb!2sPos%20pantau%20gunung%20merapi!5e1!3m2!1sid!2sid!4v1782107491570!5m2!1sid!2sid"" width=""600"" height=""450"" style=""border:0;"" allowfullscreen="""" loading=""lazy"" referrerpolicy=""no-referrer-when-downgrade""></iframe>",-
Pos Pantau Merapi,"-7,624721","110,391513","99GR+4HH, Jl. Turgo Raya, Nangsri, Girikerto, Kec. Turi, Kabupaten Sleman, Daerah Istimewa Yogyakarta 55551
<iframe src=""https://www.google.com/maps/embed?pb=!1m18!1m12!1m3!1d1684.1207971583513!2d110.38908203330294!3d-7.62495360085349!2m3!1f0!2f0!3f0!3m2!1i1024!2i768!4f13.1!3m3!1m2!1s0x2e7a612ca6a5537d%3A0x9036eca50199cba5!2sPos%20Pantau%20Merapi!5e1!3m2!1sid!2sid!4v1782107674512!5m2!1sid!2sid"" width=""600"" height=""450"" style=""border:0;"" allowfullscreen="""" loading=""lazy"" referrerpolicy=""no-referrer-when-downgrade""></iframe>",82327676325
Gedung Vulkanologi Ngepos,"-7,586139","110,355282","Ngblak, Ngablak, Kec. Srumbung, Kabupaten Magelang, Jawa Tengah 56483
<iframe src=""https://www.google.com/maps/embed?pb=!1m17!1m11!1m3!1d114.240486780966!2d110.35481352559118!3d-7.586299809330088!2m2!1f349.6140819442547!2f0!3m2!1i1024!2i768!4f44.50493622043181!3m3!1m2!1s0x2e7a61b607866145%3A0x37adc1bdbdb770e5!2sGedung%20Vulkanologi%20Ngepos!5e1!3m2!1sid!2sid!4v1782108225939!5m2!1sid!2sid"" width=""600"" height=""450"" style=""border:0;"" allowfullscreen="""" loading=""lazy"" referrerpolicy=""no-referrer-when-downgrade""></iframe>",274514180
SDN 1 AIR KUMBANG,"-2,853","104,9774",DUSUN II RT.  05,
SDN 10 AIR KUMBANG,"-2,9512","105,0098",JALAN NUSA MAKMUR DUSUN III,
SDN 11 AIR KUMBANG,"-2,9073","105,055",JALAN MARGA SATWA KM. 18,
SDN 12 AIR KUMBANG,"-2,9183","104,997","JALAN INPRES LORONG NANGKA CINTA
MANIS Km. 11",
SDN 13 AIR KUMBANG,"-2,7488","105,068",JALAN INPRES Km.  14,
SDN 14 AIR KUMBANG,"-2,8305","104,9969",PADANG REJO,
SDN 15 AIR KUMBANG,"-2,833","105,0538",JALAN MULYA,
SDN 16 AIR KUMBANG,"-2,8338","105,0925",JALAN INPRES RT. 04 RW.01,
SDN 17 AIR KUMBANG,"-2,8515","104,9413",SP. 3 AIR KUMBANG PADANG,
SDN 18 AIR KUMBANG,"-2,7523","105,1585",JALAN INPRES,
SDN 19 AIR KUMBANG,"-2,828","105,004",JALAN DESA PANCA MULYA,
SDN 2 AIR KUMBANG,"-2,8339","105,0036",DESA SEBUBUS,
SDN 20 AIR KUMBANG,"-2,5467","104,8946",DESA MUARA BARU UPT.VII SP.6 AK.PADANG,
SDN 21 AIR KUMBANG,"-2,9196","104,9051",JALAN POROS,
SDN 3 AIR KUMBANG,"-2,9266",105,JALAN INPRES CINTAMANIS Km.  11,
SDN 4 AIR KUMBANG,"-2,9238","105,0452",JALAN INPRES NUSA MAKMUR Km.  16,
SDN 5 AIR KUMBANG,"-2,9134","105,0039",JALAN INPRES CINTAMANIS Km.  11,
SDN 6 AIR KUMBANG,"-2,9231","104,9489",JALAN POROS,
SDN 7 AIR KUMBANG,"-2,6226","105,1411",JALAN MASJID DUSUN III,
SDN 8 AIR KUMBANG,"-2,9479","104,98",JALAN INPRES,
SDN 9 AIR KUMBANG,"-2,8314","104,9308",NUSA MAKMUR,
SMP AIR KUMBANG PADANG,"-2,8187","104,9874",JEMBATAN 1 DESA PADANG REJO,
SMP TRI BUDI MULIA 6,"-2,83906","105,043511",Desa Sido Makmur,
SMP YAHYA AN-NAJAH,"-2,8851","104,3968",KM.14 RIMBA JAYA,
SMPN 1 AIR KUMBANG,"-2,950062","105,001105",Jalan Inpres,
SMPN 2 AIR KUMBANG,"-2,7272","105,086",JALAN INPRES SP 3,
SMPN 3 AIR KUMBANG,"-2,8769026","105,1931019",JALAN DIPONEGORO LORONG SIRSAK,
SMPN 4 AIR KUMBANG,"-2,8299472","105,1580397",JALAN MARGASATWA KM. 21,
SD TUNAS HARAPAN,"-2,818","104,715",AIR SOLOK BATU DUSUN III,
SDN  3 AIR SALEK,"-2,5607","105,0276",Jalur 6 Jembatan II,
SDN  6 AIR SALEK,"-2,5657","105,0467",Jalur 6 Jembatan III,
SDN 1 AIR SALEK,"-2,7309","104,9607",Jalan Raya No. 2 Dusun II,
SDN 10 AIR SALEK,"-2,5568","105,007",Jalan Printis Jalur 6 Jembatan I,
SDN 11 AIR SALEK,"-2,6375","105,0296",Jalur 8 Jembatan III,
SDN 12 AIR SALEK,"-2,3926","105,1934",Jalur 8 Jembatan I,
SDN 13 AIR SALEK,"-2,6417","105,0472",Jalur 8 Jembatan III,
SDN 14 AIR SALEK,"-2,1046","104,5282",Jalur 10 Jembatan III,
SDN 15 AIR SALEK,"-2,6347","105,0273",Jalur 8 Jembatan III,
SDN 16 AIR SALEK,"-2,5657","105,0467",Jalur 6 Jembatan III,
SDN 17 AIR SALEK,"-2,6454","105,0671","Jalan Pangeran Diponegoro Jalur 8 Jembatan
IV",
SDN 18 AIR SALEK,"-2,63","105,0081",Jalur 8 Jembatan II,
SDN 19 AIR SALEK,"-2,7056","105,0066",Jalur 10 Jembatan II,
SDN 2 AIR SALEK,"-2,5204","105,0527",Jalan LOPE Air Solok Batu,
SDN 20 AIR SALEK,"-2,6729","105,0182",Jalur 10 Jembatan II,
SDN 21 AIR SALEK,"-2,7018","104,9882",Jalur 10 Jembatan I,
SDN 22 AIR SALEK,"-2,5568","105,007",Jalur 8 Jembatan II,
SDN 23 AIR SALEK,"-2,5627","105,0261",Jalur 6 Jembatan II,
SDN 24 AIR SALEK,"-2,801","104,3175",Jalur 8 Jembatan 4,
SDN 25 AIR SALEK,"-2,5459228","105,0607534",Jalan Raya Dusun II,
SDN 4 AIR SALEK,"-2,5733","105,0664",Jalur 6 Jembatan IV,
SDN 5 AIR SALEK,"-2,5709","105,0663",Jalur 6 Jembatan IV,
SDN 7 AIR SALEK,"-2,6409","105,0507",Jalur 8 Jembatan IV,
SDN 8 AIR SALEK,"-2,7081","105,0099",Jalur 10 Jembatan II,
SDN 9 AIR SALEK,"-2,7007","104,9897",Jalur 10 Jembatan I,
SMP HIDAYATUS SALAM,"-2,6338467","105,0193344",DESA DAMAR WULAN,
"SMP MUHAMMADIYAH 1 AIR
SALEH","-2,6845459","105,0135949",JALUR 10,
SMP PGRI AIR SALEH,"-2,4443","104,9154",JALUR 8 JEMBATAN 3 AIR SALEH,
SMPN 1 AIR SALEK,"-2,706803","105,011572",JALUR 10 JEMBATAN 2,
SMPN 2 AIR SALEK,"-2,8418","105,0139",JALUR 6 JEMBATAN 2,
SMPN 3 AIR SALEK,"-2,734255","104,961596",JALAN RAYA,
SMPN 4 AIR SALEK,"-2,63","105,0084",JALUR 8 JEMBATAN 2,
SD IT AL-AHYA,"-2,8928","104,843538",JALAN SABAR JAYA NO. 156,
SD SWAKARYA PARIT BETON,"-3,1505","104,97",JALAN JAYA UTAMA,
SDN 1 BANYUASIN I,"-2,9788","104,8681",JALAN CENDANA No.  18,
SDN 10 BANYUASIN I,"-2,9205","104,861",JALAN RAYA MERAH MATA,
SDN 11 BANYUASIN I,"-2,9982","104,8565",JALAN SELATAN SUNGAI GERONG,
SDN 12 BANYUASIN I,"-2,8013","104,988",JALAN SABAR JAYA LINGKUNGAN I No.  59,
SDN 13 BANYUASIN I,"-2,9726","104,8704",JALAN SABAR JAYA,
SDN 14 BANYUASIN I,"-3,0009","104,8418",JALAN KILANG SUNGAI GERONG,
SDN 15 BANYUASIN I,"-2,9453","104,9666",JALAN PRINTIS I,
SDN 16 BANYUASIN I,"-3,0003","104,8735",JALAN SWADAYA I SRINANTI,
SDN 17 BANYUASIN I,"-2,9729","104,8759",JALAN SEPAKAT No. 96,
SDN 18 BANYUASIN I,"-2,9192","104,8721",SEI RUMPUT,
SDN 19 BANYUASIN I,"-2,9203","104,9203",JALAN RAYA DESA MERAH MATA,
SDN 2 BANYUASIN I,"-2,9752","104,866",JALAN BERINGIN No.  14,
SDN 20 BANYUASIN I,"-2,9437","104,8491",JALAN RAYA MERAH MATA,
SDN 21 BANYUASIN I,"-3,0107","104,8483",JALAN JUPRI AKIP DUSUN TALANG ANDONG No. 68,
SDN 22 BANYUASIN I,"-3,0017","104,8538",JALAN SELATAN SUNGAI GERONG,
SDN 23 BANYUASIN I,"-2,9798","104,8683",JALAN CENDANA No.  68,
SDN 24 BANYUASIN I,"-2,964","104,8777",JALAN SABAR JAYA,
SDN 25 BANYUASIN I,"-2,9874","104,8649",JALAN PETALING No. 65,
SDN 26 BANYUASIN I,"-2,9575","104,8838",JALAN SABAR JAYA,
SDN 27 BANYUASIN I,"-2,9795","104,941",JALAN SWADAYA I,
SDN 28 BANYUASIN I,"-2,9584","104,9689",TIRTO SARI,
SDN 29 BANYUASIN I,"-2,8507","104,9315",UPT PERAMBAHAN,
SDN 3 BANYUASIN I,"-2,8608","104,9533",JALAN POROS DUSUN II,
SDN 30 BANYUASIN I,"-2,8782","104,9066",SUNGAI ALAHAN,
SDN 4 BANYUASIN I,"-2,9634","104,8767",JALAN SABAR JAYA No.  45,
SDN 5 BANYUASIN I,"-2,9272","104,9031",JALAN SABAR JAYA,
SDN 6 BANYUASIN I,"-2,9233","104,9101",JALAN SABAR JAYA CINTAMANIS,
SDN 7 BANYUASIN I,"-2,9442","104,894",JALAN SABAR JAYA,
SDN 8 BANYUASIN I,"-2,9751","104,8657",JALAN BERINGIN No. 14,
SDN 9 BANYUASIN I,"-2,9984","104,8565",JALAN SELATAN SUNGAI GERONG,
SMP TAMAN SISWA,"-2,984","104,8615",Jalan Sabar Jaya No. 01 Rt. 05,
SMP YP MANTRA MARIANA,"-2,9808","104,8637",JALAN Dr. A. RIVAI ABDULLAH MARIANA,
SMP YP SWAKARYA,"-2,924","104,8547",Jl. Merah Mata Lrg. Gotong Royong Bali Makmur,
SMPN 1 BANYUASIN I,"-2,9847","104,865",Jalan Petaling No.  20,
SMPN 2 Banyuasin I,"-2,9426","104,895",Jalan Sabar Jaya,
SMPN 3 BANYUASIN I,"-3,0021","104,8537",Jalan Baru Kampung IV,
SMPN 4 BANYUASIN I,"-2,921336","104,856092",Jalan Merah Mata Lorong Belitang,
SMPN 5 BANYUASIN I,"-2,9652505","104,8868603",Jalan Sabar Jaya RT.03,
SDN 1 BANYUASIN II,"-2,3643","104,8972",JALAN EKA JAYA,
SDN 10 BANYUASIN II,"-2,53","104,8987",DUSUN II,
SDN 11 BANYUASIN II,"-2,343","104,6751",DUSUN SUNGAI SEMBILANG,
SDN 12 BANYUASIN II,"-2,4892","104,9137",PARIT 01 SUNGAI JERUJU,
SDN 13 BANYUASIN II,"-2,6526","104,8643",PARIT III SUNGAI KERUPUK,
SDN 14 BANYUASIN II,"-2,3043","104,8772",JALAN REFORMASI DUSUN III SUNGAI KELADI,
SDN 2 BANYUASIN II,"-2,4882","104,7994",JALAN SEKOLAH,
SDN 3 BANYUASIN II,"-2,361","104,9045",JALAN AHMAD YANI No. 02,
SDN 4 BANYUASIN II,"-2,474","104,5712",JALAN SULTAN HASANUDIN DUSUN II,
SDN 5 BANYUASIN II,"-2,1744","104,5687",JALAN MASJID LAMA KUALA PRAJEN,
SDN 6 BANYUASIN II,"-2,1818","104,645",JALUR 3 SUNGAI ALAR,
SDN 7 BANYUASIN II,"-2,3817","104,6429",LORONG SALAK,
SDN 8 BANYUASIN II,"-2,3978","104,836",JALAN PELABUHAN TANJUNG APA-API Km. 63 PARIT 10 SUNGAI DUNGUN,
SDN 9 BANYUASIN II,"-2,364","104,8947","JALAN MERDEKA LORONG SINAR BULAN No.
57",
SMPN 1 BANYUASIN II,"-2,3622","104,8956",Jalan Eka Jaya,
SMPN 2 BANYUASIN II,"-1,8227655","104,3680198",Jalan Tanjung Api-Api,
SDN 1 BANYUASIN III,"-2,8858","104,3875",JALAN MUTIARA No.  61 PANGKALAN BALAI,
SDN 10 BANYUASIN III,"-2,9134","104,358",Jalan Guru Juri No.30,
SDN 11 BANYUASIN III,"-2,9239","104,5436",JALAN KERIO ROJAL MUNIRI,
SDN 12 BANYUASIN III,"-2,932","104,3016",Jalan Desa Pelajau Ilir - Rimba Alai,
SDN 13 BANYUASIN III,"-2,8815","104,5735",Jalan Negara Palembang - Betung Km. 42,
SDN 14 BANYUASIN III,"-2,6724","104,3251",Jalan Wiyata Mandala,
SDN 15 BANYUASIN III,"-2,8920247","104,3963251",Jalan Talang Kacang RT. 1 RW. 1,
SDN 16 BANYUASIN III,"-2,8658","104,4323",Jalan Desa Suka Mulia,
SDN 17 BANYUASIN III,"-2,9207","104,3387",Jalan Tanjung Beringin,
SDN 18 BANYUASIN III,"-2,8787","104,4621",JALAN RIMBA BALAI,
SDN 19 BANYUASIN III,"-2,9158","104,457",Jalan Tanjung Agung,
SDN 2 BANYUASIN III,"-2,9589","104,2948",Jalan Laskar Rahmad,
SDN 20 BANYUASIN III,"-2,8916","104,4271",Jalan Tanjung Kepayang,
SDN 21 BANYUASIN III,"-2,8906","104,3592",Jalan Sukaraja,
SDN 22 BANYUASIN III,"-2,9584","104,3522",Jalan Buyut Toyib,
SDN 23 BANYUASIN III,"-2,8334","104,4376",Jalan Sri Bandung,
SDN 24 BANYUASIN III,"-2,8821935","104,3922535",Jalan KH. Hamid Mashri,
SDN 25 BANYUASIN III,"-2,9713","104,3112",Jalan Laskar Kuris No. 003 RT. 06,
SDN 26 BANYUASIN III,"-2,8852","104,4098",Jalan Desa Manggus Lk. VII,
SDN 27 BANYUASIN III,"-2,9145","104,4821",Jalan Desa Langkan,
SDN 28 BANYUASIN III,"-2,6716","104,3161",Jalan Wiyata Mandala,
SDN 29 BANYUASIN III,"-2,9329","104,2971",Jalan Petaling,
SDN 3 BANYUASIN III,"-2,8908","104,3948",Jalan KH. Sulaiman,
SDN 30 BANYUASIN III,"-2,9095","104,4172",Jalan Raya Palembang - Betung Km. 45,
SDN 31 BANYUASIN III,"-2,9627","104,3566",Jalan KH. Sulaiman,
SDN 32 BANYUASIN III,"-2,8614","104,3773",Jalan Sedang - Saterio,
SDN 33 BANYUASIN III,"-2,91","104,399",Jalan Lubuk Saung-Talang Kebang,
SDN 34 BANYUASIN III,"-2,9342","104,3954",Jalan Lubuk Saung - Talang Kebang,
SDN 35 BANYUASIN III,"-2,9168","104,4563",Jalan Pangkalan Panji,
SDN 36 BANYUASIN III,"-2,9397","104,3484",Jalan M. Akip RT.03,
SDN 37 BANYUASIN III,"-2,9488","104,334",Jalan Buyut Imad,
SDN 38 BANYUASIN III,"-2,6685","104,3326",Jalan Terlangu,
SDN 39 BANYUASIN III,"-2,897","104,4079",Jalan Kampung Harapan,
SDN 4 BANYUASIN III,"-2,9242","104,4697",Jalan Palembang-Betung Km. 36,
"SDN 40 PERCONTOHAN
BANYUASIN III","-2,8991","104,3816",Jalan KH. Sulaiman,
SDN 41 PLUS BANYUASIN III,"-2,879448","104,429297","Komplek Perkantoran Pemerintah Kabupaten
Banyuasin",
SDN 5 BANYUASIN III,"-2,8853","104,4015",Jalan Tlg. Cahaya Intan No.17,
SDN 6 BANYUASIN III,"-2,8688074","104,3774369","Jalan Raya Palembang - Betung Km 49,5",
SDN 7 BANYUASIN III,"-2,9217","104,3073",Jalan Meragun RT.04,
SDN 8 BANYUASIN III,"-2,8491","104,4413",Jalan Kerio Senen,
SDN 9 BANYUASIN III,"-2,9171","104,5446",Jalan Sainudin No. 237 RT.05,
SLBN BANYUASIN,"-2,4075","104,5956",Jln. KH. Sulaiman,
SMP MUHAMMADIYAH PANGKALAN BALAI,"-2,6752","104,3337",Jl. Kh.sulaiman  Lk.vi.,
SMP PGRI UJUNG TANJUNG,"-2,9633","104,3566",Jl. Ki. Sulaiman Ds. Ii,
SMP SANUDIN PANGKALAN BALAI,"-2,889855","104,401554",Jl. Cahaya Berlian No. 81,
SMPN 1 BANYUASIN III,"-2,8891689","104,3997771",JALAN LASKAR UMAR SIDIQ No. 89,
SMPN 2 BANYUASIN III,"-2,9245","104,4287",JALAN PALEMBANG - BETUNG Km.  42,
SMPN 3 BANYUASIN III,"-2,8557","104,4741",JALAN PENGGAWA ZAWAWI,
SMPN 4 BANYUASIN III,"-2,9377","104,2939",Jalan P2KP,
SMPN 5 BANYUASIN III,"-2,9200203","104,4649645",JALAN RIMBA BALAI,
SD IT SATRIA NUSANTARA,"-2,8241735","104,2604536",JALAN PALEMBANG - BETUNG KM. 66,
SD TERPADU AL MUHIBBI IN,"-2,8523","104,2526",RIMBA ASAM,
SD WIYATA MANDALA,"-2,742103","104,24099",JALAN PALEMBANG-JAMBI KM.71,
SDN 1 BETUNG,"-2,8471","104,2818",Jalan Palembang - Betung Km. 61,
SDN 10 BETUNG,"-2,8275","104,2173",Jalan Taja Raya I,
SDN 11 BETUNG,"-2,8753","104,3989",Jalan Palembang - Sekayu Km. 73,
SDN 12 BETUNG,"-2,8403","104,223",Jalan Palembang - Jambi Km. 68,
SDN 13 BETUNG,"-2,8611","104,1971",Jalan Sekolah Dusun II,
SDN 14 BETUNG,"-2,8491","104,2299",JALAN PASIRAH DULKURDI LINGKUNGAN IV,
SDN 15 BETUNG,"-2,8468","104,2521","Jalan ABP. I PTPN VII Betung Krawo
Lingkungan I",
SDN 16 BETUNG,"-2,8498","104,1724",Jalan Kelapa Gading Dusun II,
SDN 17 BETUNG,"-2,7575","104,2465",Jalan Palembang - Jambi Km. 73,
SDN 18 BETUNG,"-2,8472","104,293",JALAN LINTAS PALEMBANG - BETUNG Km.  60,
SDN 19 BETUNG,"-2,8508","104,2322","Jalan Palembang - Betung Lorong Mat Roib
Lingk III",
SDN 2 BETUNG,"-2,8074","104,1943",Jalan Tabuan,
SDN 20 BETUNG,"-2,6828","104,3776",Jalan Tabuan,
SDN 21 BETUNG,"-2,9285","104,456",Jalan Desa Taja Mulya,
SDN 22 BETUNG,"-2,8714","104,2",Jalan Masjid Darussalam Dusun III,
SDN 23 BETUNG,"-2,85","104,1704",Jalan Desa Dusun III Taja Indah,
SDN 24 BETUNG,"-2,8207","104,213",Jalan Perjuangan,
SDN 25 BETUNG,"-2,8415","104,2261",Jalan Pembangunan Kampung Sawah,
SDN 26 BETUNG,"-2,8095","104,2065",Jalan Palembang - Jambi Km. 72,
SDN 27 BETUNG,"-2,8077","104,1958",Jalan Tabuan,
SDN 3 BETUNG,"-2,8519","104,4307",KOMPLEK PTPN UNIT USAHA TEBENAN,
SDN 4 BETUNG,"-2,8503","104,269",JALAN PALEMBANG BETUNG Km. 64,
SDN 5 BETUNG,"-2,8519","104,2318",Jalan Palembang - Betung Lorong Mat Roib Lingk III,
SDN 6 BETUNG,"-2,8647","104,4113",Jalan Palembang - Sekayu Km. 68,
SDN 7 BETUNG,"-2,8224","104,238",Jalan Tabuan,
SDN 8 BETUNG,"-2,8147","104,4069",Jalan Krio Salim,
SDN 9 BETUNG,"-2,8187","104,2131",Jalan Taja Raya II,
SLB RIMBA ASAM,"-2,8529","104,2386","Jln. Palembang - Betung No.26 Rt.14 Rw.03
Lk. II",
SMP PGRI BETUNG,"-2,8519","104,2301",Jl. PIR I Taja Lk. III Kel. Rimba Asam,
SMP SATRIA NUSANTARA,"-2,8495","104,2369","Jl. Palembang - Jambi Km.67,5 Betung",
SMP TERPADU AL-MUHIBBIIN,"-2,7858","104,241",Jl. Raya Palembang - Betung,
SMPN 1 BETUNG,"-2,832092","104,22288",JALAN RAYA PALEMBANG - BETUNG Km. 69,
SMPN 2 BETUNG,"-2,8554","104,3413",Jalan Flamboyan No. 1,
SMPN 3 BETUNG,"-2,933161","104,192167",JALAN PERJUANGAN,
SDN 1 KARANG AGUNG ILIR,"-2,2654","104,6621",JALAN SRIKANDI PRIMER 3 KAI,
SDN 2 KARANG AGUNG ILIR,"-2,4161","104,875",JALAN EKA JAYA PRIMER 4 KAI,
SDN 3 KARANG AGUNG ILIR,"-2,4935","104,8063",JALAN ARJUNA LORONG SADEWA No. 07,
SDN 4 KARANG AGUNG ILIR,"-2,3989","104,6407",JALAN KEDAMAIAN No. 06 PRIMER 11 KAI,
SDN 5 KARANG AGUNG ILIR,"-2,2362","104,7448",JALAN BANDENG PRIMER 12 KAI,
,,,,
SDN 6 KARANG AGUNG ILIR,"-2,4656","104,8686",JALAN MENUNGGAL No. 5  PRIMER 10 KAI,
SDN 7 KARANG AGUNG ILIR,"-2,2479597","104,7174415",JALAN PRIMER 5 KAI LORONG SUKARJO No.02,
SDN 8 KARANG AGUNG ILIR,"-2,211925","104,700235",JALAN PRIMER 5 KAI,
SMPN 1 KARANG AGUNG ILIR,"-2,2762","104,6678",Jalan Arjuna Lorong Sadewa  No. 01,
SMPN 2 KARANG AGUNG ILIR,"-2,245946","104,719685",JALAN SEKOLAH PRIMER 5 KAI,
SDN 1 MAKARTI JAYA,"-2,4867","104,9732",Jalan Sinta No. 33 Lingkungan II,
SDN 10 MAKARTI JAYA,"-2,4794","104,9808",Jalan Sunan Kalijaga Dusun II,
SDN 11 MAKARTI JAYA,"-2,444","104,9816",Jalan Pelita,
SDN 12 MAKARTI JAYA,"-2,5881","104,8922",Parit 17 Mekar Jaya,
SDN 13 MAKARTI JAYA,"-2,5121","104,9791",Jalan Sei Sahang,
SDN 14 MAKARTI JAYA,"-2,4801","104,9708",Lingkungan I,
SDN 15 MAKARTI JAYA,"-2,4751","104,9442",Jalan Maulana Hasanudin,
SDN 16 MAKARTI JAYA,"-2,4191","104,9852",Jalan Pelita Simpang Pendowoharjo,
SDN 17 MAKARTI JAYA,"-2,3971","104,9889",Jalan Kenanga Dusun III,
SDN 18 MAKARTI JAYA,"-2,5472","104,8127",Jalan Hasanudin Sukatani,
SDN 19 MAKARTI JAYA,"-2,6575","104,9473",Jalan Pelita Dusun II,
SDN 2 MAKARTI JAYA,"-2,5228","104,9659",Dusun I,
SDN 3 MAKARTI JAYA,"-2,56","104,9608",Jalan Baru No. 41,
SDN 4 MAKARTI JAYA,"-2,4795","104,9811",Jalan Sunan Kalijaga Dusun II,
SDN 5 MAKARTI JAYA,"-2,4457","104,9812",Jalan Printis No. 12,
SDN 6 MAKARTI JAYA,"-2,4872","104,9787",Jalan Arjuna Lingkungan III,
SDN 7 MAKARTI JAYA,"-2,3964","104,9893",Jalan Kenanga No. 1,
SDN 8 MAKARTI JAYA,"-2,171","104,7654",Jalan Sultan Hasanudin No. 45,
SDN 9 MAKARTI JAYA,"-2,4851","104,9716",Jalan Sultan Agung No. 19 Lingkungan II,
SMPN 1 MAKARTI JAYA,"-2,4853","104,9722",JALAN SULTAN AGUNG No. 05,
SMPN 2 MAKARTI JAYA,"-2,3885","104,9891",JALAN SULTAN HASANUDIN No.  45,
SMPN 3 MAKARTI JAYA,"-2,4425","104,9819",JALAN PELITA No.23,
SMPN 4 MAKARTI JAYA,"-2,5601","104,9613",JALAN BARU No.  41,
SD IT NADHLATUL ULAMA,"-2,925094","105,001189",JALUR 18,
SDN 1 MUARA PADANG,"-2,7034","105,0626",Jalan Merdeka Dusun I,
SDN 10 MUARA PADANG,"-2,6072","105,1671",Jalur 18 Jembatan 5,
SDN 11 MUARA PADANG,"-2,8968","105,0691",Jalan Printis Dusun I,
SDN 12 MUARA PADANG,"-2,5662","105,0896",Jalur 20 Jembatan 1,
SDN 13 MUARA PADANG,"-2,6733","105,129",Jalur 20 Jembatan 3,
SDN 14 MUARA PADANG,"-2,6029","105,0933",Jalur 18 Jembatan 1,
SDN 15 MUARA PADANG,"-2,5855","105,0889",Jalur 18 Jembatan 1,
SDN 16 MUARA PADANG,"-2,5909","105,109",Jalur 18 Jembatan 3,
SDN 17 MUARA PADANG,"-2,6042","105,1492",Jalur 18 Jembatan 4,
SDN 18 MUARA PADANG,"-2,6871","105,1856",Jalur 20 Jembatan 6,
SDN 19 MUARA PADANG,"-2,6196","105,1642",Jalur 18 Jembatan 5,
SDN 2 MUARA PADANG,"-2,6653","105,1063",Jalur 20 Jembatan 2,
SDN 20 MUARA PADANG,"-2,613","105,1871",Jalur 18 Jembatan 6,
SDN 21 MUARA PADANG,"-2,667","105,106",Jalur 20 Jembatan 2,
SDN 22 MUARA PADANG,"-2,6944","105,2058",Jalur 20 Jembatan 6,
SDN 3 MUARA PADANG,"-2,6706","105,126",Jalur 20 Jembatan 3,
SDN 4 MUARA PADANG,"-2,6763","105,1458",Jalur 20 Jembatan 4,
SDN 5 MUARA PADANG,"-2,6779","105,1451",Jalur 20 Jembatan 4,
SDN 6 MUARA PADANG,"-2,6838","105,1668",Jalur 20 Jembatan 5,
SDN 7 MUARA PADANG,"-2,5911","105,1089",Jalur 18 Jembatan 3,
SDN 8 MUARA PADANG,"-2,5968","105,1302",Jalaur 18 Jembatan 4,
SDN 9 MUARA PADANG,"-2,6015","105,1467",Jalur 18 Jembatan 4,
"SMP MUHAMMADIYAH 1
MUARA PADANG","-2,6843","105,1689",Jalur 20 Jembatan 05,
SMP SANTO LOUIS MUARA PADANG,"-2,6699","105,1184",Sumber Makmur,
"SMP TUNAS BANGSA MUARA
PADANG","-2,7453","105,0369","Jalan Perjuangan No. 01 Rt. 07 Dusun Karya
Makmur",
SMPN 1 MUARA PADANG,"-2,6719676","105,1296857",Jalur 20,
SMPN 2 MUARA PADANG,"-2,5914","105,1051",Jalur 18,
SDN 1 MUARA SUGIHAN,"-2,4539","105,1631",RT.01 RW.01 JALUR 14,
SDN 10 MUARA SUGIHAN,"-2,5382","105,1346",RT.01 RW.01 JALUR 16,
SDN 11 MUARA SUGIHAN,"-2,5315","105,1681",RT.01 RW.01 JALUR 16,
SDN 12 MUARA SUGIHAN,"-2,537","105,1869",RT.10 RW.03 JALUR 16,
SDN 13 MUARA SUGIHAN,"-2,4876","105,1496",RT.05 RW.02 JALUR 14,
SDN 14 MUARA SUGIHAN,"-2,4941","105,2066",RT.01 RW.01 BLOK G JALUR 14,
SDN 15 MUARA SUGIHAN,"-2,5082","105,1909",JALAN MERDEKA No. 3 RT.09 RW.03 JALUR 14,
SDN 16 MUARA SUGIHAN,"-2,4918","105,2875",JALAN MERDEKA No.01,
SDN 17 MUARA SUGIHAN,"-2,4502","105,2872",RT.01 RW.01 JALUR 13,
SDN 18 MUARA SUGIHAN,"-2,4419","105,2693",JALAN EX. TRANS PEJUANG RT.01 RW.01 JALUR 13,
SDN 19 MUARA SUGIHAN,"-2,4232","105,2038",RT.08 RW.03 JALUR 13,
SDN 2 MUARA SUGIHAN,"-2,5473","105,1145",RT.01 RW.01 JALUR 16,
SDN 20 MUARA SUGIHAN,"-2,4674","105,2115",JALAN ANGGREK No. 1 JALUR 14,
SDN 21 MUARA SUGIHAN,"-2,1551","104,75",JALAN GAJAH MADA No. 1 RT.13 RW.02 JALUR 13,
SDN 22 MUARA SUGIHAN,"-2,4321","105,2478",RT.09 RW.03 JALUR 13,
SDN 23 MUARA SUGIHAN,"-2,4725","105,103",JALAN M. HUSEN MADE RT.01 RW.03 JALUR 14,
SDN 24 MUARA SUGIHAN,"-2,4825","105,1278",RT.17 RW.02 JALUR 14,
SDN 25 MUARA SUGIHAN,"-2,4568","105,2578",RT.02 RW. 02 JALUR 14,
SDN 3 MUARA SUGIHAN,"-2,5428","105,2064",RT.01 RW.01 JALUR 16,
SDN 4 MUARA SUGIHAN,"-2,4884","105,13",RT.18 RW.03 JALUR 14,
SDN 5 MUARA SUGIHAN,"-2,2252","104,7235",RT.24 RW.03 BLOK D JALUR 14,
SDN 6 MUARA SUGIHAN,"-2,4387","105,2165",RT.16 RW.01 JALUR 13,
SDN 7 MUARA SUGIHAN,"-2,6996","104,3392",RT.01 RW.01 BLOK F JALUR 13,
SDN 8 MUARA SUGIHAN,"-2,4257","105,1614",RT.06 RW.02 JALUR 13,
SDN 9 MUARA SUGIHAN,"-2,5401","105,1019",RT.02 RW.01 JALUR 16,
"SMP MUHAMMADIYAH 2
MUARA SUGIHAN","-2,545878","105,153303",JALUR 16,
SMPN 1 MUARA SUGIHAN,"-2,4767","105,1377",JALUR 14,
SMPN 2 MUARA SUGIHAN,"-2,451909","105,281609",Jalur 14,
SMPN 3 MUARA SUGIHAN,"-2,4297","105,2344",JALUR 13,
SMPN 4 MUARA SUGIHAN,"-2,555","105,1465",JALUR 16,
SMPN 5 MUARA SUGIHAN,"-2,4309","105,1165",JALUR 14,
SMPN 6 MUARA SUGIHAN,"-2,3961803","105,2995709",Jalan Masjid Nurul Iman,
SDN 1 MUARA TELANG,"-2,5956","104,9171",Jalur 6 Jembatan I,
SDN 10 MUARA TELANG,"-2,5972","104,8678",Jalur 6,
SDN 11 MUARA TELANG,"-2,5599","104,8965",Jalur 5 Jembatan 2,
SDN 12 MUARA TELANG,"-2,5892","104,9956",Parit 5 Selat Cemara,
SDN 13 MUARA TELANG,"-2,7979","104,9088",Jalan Erfach No. 42,
SDN 14 MUARA TELANG,"-1,8163","104,4687",Jalur 8 Jembatan 7,
SDN 15 MUARA TELANG,"-2,66","104,9128",Jalur 10 Jembatan 1,
SDN 16 MUARA TELANG,"-2,6108","104,8254",Jalan Poros Dusun II,
SDN 17 MUARA TELANG,"-2,5966","104,8389",Jalan Poros Dusun I,
SDN 18 MUARA TELANG,"-2,6374","104,8106",Jalur 8 Jembatan 2,
SDN 19 MUARA TELANG,"-2,6016","104,9041",Jalan Poros Dusun II,
SDN 2 MUARA TELANG,"-2,6353","104,8829",Jalur 8 Jembatan 2,
SDN 20 MUARA TELANG,"-2,7442","104,9387",Jalan Mangku Alam Dusun II,
SDN 21 MUARA TELANG,"-2,6176","104,8555",Jalan Talang Indah,
SDN 3 MUARA TELANG,"-2,6787","104,8605",Jalur 8 Jembatan 4,
SDN 4 MUARA TELANG,"-2,6467","104,8029",Jalur 8 Jembatan 6,
SDN 5 MUARA TELANG,"-2,7464","104,9078",Jalur 10 Jembatan 2,
SDN 6 MUARA TELANG,"-2,5959","104,8918",Jalur 6 Jembatan 2,
SDN 7 MUARA TELANG,"-2,6771","104,8802",Jalur 8 Jembatan 3,
SDN 8 MUARA TELANG,"-2,6809","104,8401",Jalur 8 Jembatan 5,
SDN 9 MUARA TELANG,"-2,6314","104,8976",Jalur 8 Jembatan 1,
SMP BINA MUDA,"-2,6734933","104,8998533",Telang Jaya,
SMP IT MIFTAHUL ULUM,"-2,672915","104,923509",Jln. Swadaya,
SMP WIDYA DARMA,"-2,6091","104,852",Desa Sumber Mulya,
SMPN 1 MUARA TELANG,"-2,6749","104,9007",Jalur 8,
SMPN 2 MUARA TELANG,"-2,7461","104,9078",Jalur 10,
SMPN 3 MUARA TELANG,"-2,6459","104,9838",JALAN ERFACH No. 42,
"SD YAYASAN HARAPAN MASA
DEPAN CERAH","-2,511122","104,401362",KOMPLEKS PT. HINDOLI INTI PULAU RIMAU,
SDN 1 PULAU RIMAU,"-2,5364","104,4994",PARIT 6 TELUK BETUNG,
SDN 10 PULAU RIMAU,"-2,5863","104,4917",JALUR 19,
SDN 11 PULAU RIMAU,"-2,6505","104,3241",JALAN LASKAR ARIO SOMAT,
SDN 12 PULAU RIMAU,"-2,6132","104,5203",JALUR 13 DUSUN II,
SDN 13 PULAU RIMAU,"-2,6722","104,3601",JALAN RAJAWALI BLOK C.1,
SDN 14 PULAU RIMAU,"-2,9725","104,4008",JALAN PENGHUBUNG TRANS B2 AIR SENDA,
SDN 15 PULAU RIMAU,"-2,6099","104,4662",PASAR PRIMER II,
SDN 16 PULAU RIMAU,"-2,7072","104,3669",BLOK D AIR SENDA,
SDN 17 PULAU RIMAU,"-2,7176","104,428",DUSUN II,
SDN 18 PULAU RIMAU,"-2,6564","104,3297",JALAN PENGHUBUNG TRANS PULAU RIMAU,
SDN 19 PULAU RIMAU,"-2,6639","104,2951",JALAN PIPA PT. EXPAN,
SDN 2 PULAU RIMAU,"-2,6074","104,41",JALUR 20 DUSUN III,
SDN 3 PULAU RIMAU,"-2,568","104,4542",JALAN DESA 10,
SDN 4 PULAU RIMAU,"-2,5505","104,5008",JALAN POROS RT. 09,
SDN 5 PULAU RIMAU,"-2,6392","104,4889",DUSUN  I,
SDN 6 PULAU RIMAU,"-2,581","104,4366",JALAN PROKLAMASI RT. 01 DUSUN  I,
SDN 7 PULAU RIMAU,"-2,6098","104,4617",JALAN PROTOKOL,
SDN 8 PULAU RIMAU,"-2,6354","104,4365",JALUR 19,
SDN 9 PULAU RIMAU,"-2,6379","104,4913",DUSUN  I,
SMP HARAPAN MASA DEPAN CERAH,"-2,440113","104,405358",KOMPLEKS PT. HINDOLI INTI PULAU RIMAU,
"SMP TRI BUDI MULYA P. 14
KAT","-2,5373","104,361",Desa Karang Manunggal,
SMPN 1 PULAU RIMAU,"-2,6068","104,4601",JALAN SUNGAI JUARO PRIMER 2,
SMPN 2 PULAU RIMAU,"-2,6741","104,3275",JALAN SIMPANG POLSEK,
SD ISLAM AL - FAHD,"-3,092855","104,948194",Jalan Mayjen Noerdin Pandji Rt.11 Rw. 003,
SDN 1 RAMBUTAN,"-3,07","104,8641",Jlana Propinsi,
SDN 10 RAMBUTAN,"-3,0607","104,8905",JALAN KABUPATEN Km. 14,
SDN 11 RAMBUTAN,"-3,0969","104,9826",JALAN RAYA KABUPATEN,
SDN 12 RAMBUTAN,"-3,0392","104,8377",JALAN SEDERHANA,
SDN 13 RAMBUTAN,"-3,059","104,8637",Jalan Dermaga,
SDN 14 RAMBUTAN,"-2,9871","104,9656",Jalan Kali Padang No.6,
SDN 15 RAMBUTAN,"-3,1267","104,9216",JALAN KABUPATEN,
SDN 16 RAMBUTAN,"-2,9428","104,2464",Jalan Kabupaten,
SDN 17 RAMBUTAN,"-2,9344","104,9254",JALAN LINTAS KABUPATEN,
SDN 18 RAMBUTAN,"-3,087","104,9799",Jalan Raya Kabupaten Km.12,
SDN 19 RAMBUTAN,"-3,1327","104,9631",Jalan Kali Padang,
SDN 2 RAMBUTAN,"-3,0914","104,9491",JALAN KABUPATEN,
SDN 20 RAMBUTAN,"-3,0412","104,9937","Jalan Propinsi Km. 26,5",
SDN 21 RAMBUTAN,"-3,0165","104,8375",Jalan Sungai Nibung,
SDN 22 RAMBUTAN,"-3,0244","104,9764",JALAN KABUPATEN,
SDN 23 RAMBUTAN,"-3,0117","104,928",Jalan Provinsi KM. 24,
SDN 24 RAMBUTAN,"-3,0584","104,8614",JALAN KABUPATEN,
SDN 3 RAMBUTAN,"-3,0383","104,838",JALAN KAPTEN ROBANI KADIR No. 49,
SDN 4 RAMBUTAN,"-3,1294","104,9113",JALAN KABUPATEN No. 1,
SDN 5 RAMBUTAN,"-3,0582","104,8614",Jalan Raya Propinsi Km. 14,
SDN 6 RAMBUTAN,"-3,0177","104,8319",Jalan PLN Perupitan,
SDN 7 RAMBUTAN,"-3,0583","104,8794",Jalan Raya Sako,
SDN 8 RAMBUTAN,"-3,0725","104,8706",Jalan Propinsi Km.19,
SDN 9 RAMBUTAN,"-3,1013","104,9699",Jalan Kecamatan,
SMP PUTRA MAJU,"-3,0297","104,8326",Sungai Pinang,
SMPN 1 RAMBUTAN,"-3,0768","104,8773",Jalan Raya Km. 19,
SMPN 2 RAMBUTAN,"-3,0864","104,9798",JALAN KABUPATEN,
SMPN 3 RAMBUTAN,"-3,124439","105,018486",Jalan Kabupaten,
SDN 1 RANTAU BAYUR,"-2,917","104,279",JALAN PANGERAN MAHAJI No. 2,
SDN 10 RANTAU BAYUR,"-3,0158","104,4321",JALAN SEKOLAH No. 089 RT. 06 DUSUN II,
SDN 11 RANTAU BAYUR,"-3,0566","104,5763",JALAN DESA DUSUN I,
SDN 12 RANTAU BAYUR,"-3,0654","104,4187",JALAN TEPI SUNGAI MUSI,
SDN 13 RANTAU BAYUR,"-3,035","104,2569",JALAN  TANJUNG PASIR,
SDN 14 RANTAU BAYUR,"-2,9988","104,4053",JALAN SUNGAI PANGI DUSUN III KEDEMBO,
SDN 15 RANTAU BAYUR,"-3,0521","104,2223",JALAN LINTAS MUSI,
SDN 16 RANTAU BAYUR,"-3,011","104,3946",JALAN LINTAS MUSI DUSUN I,
SDN 17 RANTAU BAYUR,"-2,9712","104,2868",JALAN DUSUN IV,
SDN 18 RANTAU BAYUR,"-3,0373","104,5994",JALAN SUKAMORO - SEMUNTUL,
SDN 19 RANTAU BAYUR,"-3,0366","104,3187",JALAN KOPANG SAKTI DUSUN I,
SDN 2 RANTAU BAYUR,"-3,0437","104,3207",JALAN KOPANG SAKTI  DUSUN IV,
SDN 20 RANTAU BAYUR,"-2,9764","104,1711",JALAN PESIRAH UDING DUSUN IV,
SDN 21 RANTAU BAYUR,"-3,0051","104,3949",JALAN LINTAS MUSI,
SDN 22 RANTAU BAYUR,"-3,0512","104,4857",TEPIAN SUNGAI MUSI DUSUN I,
SDN 23 RANTAU BAYUR,"-3,0094","104,4047",JALAN DUSUN KEMIRI,
SDN 24 RANTAU BAYUR,"-3,0103","104,3341",JALAN DUSUN I,
SDN 25 RANTAU BAYUR,"-2,9073","104,3189",JALAN DUSUN II,
SDN 26 RANTAU BAYUR,"-3,0404","104,5094",JALAN LINTAS MUSI DUSUN II,
SDN 27 RANTAU BAYUR,"-3,0222","104,5408",JALAN LINTAS MUSI,
SDN 28 RANTAU BAYUR,"-2,9527","104,2383",JALAN RAYA PENGUMBUK,
SDN 29 RANTAU BAYUR,"-3,0207","104,339",JALAN LINTAS MUSI DUSUN II,
SDN 3 RANTAU BAYUR,"-2,9791","104,1717",JALAN PASIRAH UDING DUSUN IV,
SDN 30 RANTAU BAYUR,"-3,0261","104,5829",Dusun Lemban Pilas,
SDN 31 RANTAU BAYUR,"-3,0312","104,3304",JALAN KOPANG SAKTI DUSUN III,
SDN 32 RANTAU BAYUR,"-2,9861","104,5778",JALAN MELANIA SIPEF,
SDN 33 RANTAU BAYUR,"-3,0432","104,5955",JALAN PADAT KARYA,
SDN 34 RANTAU BAYUR,"-2,9697","104,5828",JALAN PERKEBUNAN PT. MELANIA DUSUN III,
SDN 35 RANTAU BAYUR,"-2,9851","104,5245",JALAN KERAMAT RT. 01,
SDN 36 RANTAU BAYUR,"-2,9829","104,4009",JALAN LINTAS PANGKALAN BALAI-LEBUNG,
SDN 37 RANTAU BAYUR,"-3,0312","104,4969",JALAN DUSUN SINAR BARU,
SDN 4 RANTAU BAYUR,"-3,0553","104,4722",JALAN SEKOLAH DUSUN II,
SDN 5 RANTAU BAYUR,"-3,0365","104,5813",JALAN DESA DUSUN I,
SDN 6 RANTAU BAYUR,"-3,0318","104,516",JALAN LINTAS MUSI,
SDN 7 RANTAU BAYUR,"-2,9906577","104,3903524",JALAN KALANGAN RABU DUSUN III,
SDN 8 RANTAU BAYUR,"-2,9521","104,3965",JALAN LUBUK SAUNG,
SDN 9 RANTAU BAYUR,"-3,0477","104,2902",JALAN RAYA DARAT,
SMP PGRI SRIJAYA,"-2,9831","104,401",Jl. Sekolah Desa Srijaya,
SMPN 1 RANTAU BAYUR,"-2,9716","104,3036",JALAN RAYA PENGUMBUK,
SMPN 2 RANTAU BAYUR,"-3,039","104,2107",DUSUN PENANDINGAN,
SMPN 3 RANTAU BAYUR,"-2,986136","104,405662",JALAN KALANGAN RABU,
SMPN 4 RANTAU BAYUR,"-3,0194","104,2763",JALAN RANTAU BAYUR - MUARA LEMATANG,
SMPN 5 RANTAU BAYUR,"-3,0359","104,5826",Dusun III,
SMPN 6 RANTAU BAYUR,"-2,976588","104,563073",JALAN MELANIA SIPEF,
SMPN 7 RANTAU BAYUR,"-3,032836","104,517264",DUSUN 4 TALANG BALAM,
SD ASSALAM,"-2,4844","104,555",PARIT 3 SUNGAI BUNGIN,
,,,,
SDN 1 SELAT PENUGUAN,"-2,4928","104,5277",JALAN PASAR RT. 01 RW. 02,
SDN 10 SELAT PENUGUAN,"-2,5598","104,5232",JALUR 16/03,
SDN 11 SELAT PENUGUAN,"-2,6073","104,4102",JALAN DUSUN II RT.  07,
SDN 12 SELAT PENUGUAN,"-2,5552","104,549",JALAN PRIMER 14,
SDN 13 SELAT PENUGUAN,"-2,5623","104,4383",JALAN PRIMER 15 KAT,
SDN 14 SELAT PENUGUAN,"-2,5805","104,5384",JALUR 16 RT.  08,
SDN 2 SELAT PENUGUAN,"-2,5373","104,5473",JALAN POROS RT. 01 DUSUN I,
SDN 3 SELAT PENUGUAN,"-2,5316","104,4958",JALAN DESA 17,
SDN 4 SELAT PENUGUAN,"-2,5394","104,5478",KOMPLEK KANTOR DESA WONODADI,
SDN 5 SELAT PENUGUAN,"-2,5074","104,5229",Jalan Poros Primer 1 Selat Kuningan,
SDN 6 SELAT PENUGUAN,"-2,5184","104,3706",JALAN POROS DUSUN 03/Rw.03,
SDN 7 SELAT PENUGUAN,"-2,5671","104,5298",JALAN POROS,
SDN 8 SELAT PENUGUAN,"-2,5755","104,5638",JALAN PRIMER 3,
SDN 9 SELAT PENUGUAN,"-2,5714","104,5542",JALAN DESA MEKAR SARI RT. 13,
SMPN 1 SELAT PENUGUAN,"-2,5376","104,5455",JALAN NAVIGASI SELAT KUNING,
"SD ISLAM TERPADU
RAUDHATUN NAQIYAH","-2,919619","104,532963",Jl. Kebun Jeruk Rt. 040 Rw.010,
SDN 1 SEMBAWA,"-2,9246","104,5051",JALAN PALEMBANG - BETUNG Km. 32,
SDN 10 SEMBAWA,"-2,9211","104,5167",Jalan Batu Merah Dusun II,
SDN 11 SEMBAWA,"-2,9265","104,5697",Jalan Kasno Wijoyo,
SDN 12 SEMBAWA,"-2,7961","104,4493",Jalan Pendidikan II,
SDN 13 SEMBAWA,"-2,9264","104,5038",Jalan Raya Palembang-Betung Km.32,
SDN 14 SEMBAWA,"-2,921","104,5521",Jalan Gotong Royong RT. 04,
SDN 15 SEMBAWA,"-2,9208","104,5595",Jalan Joyo Suwarno KP. II RT.07,
SDN 16 SEMBAWA,"-2,6636","104,3286",Jalan Padat Karya Santan Sari,
SDN 17 SEMBAWA,"-2,9233","104,5533",Jalan Peternakan Km.29 Lalang Sembawa,
SDN 18 SEMBAWA,"-2,9239","104,5405",Jl Desa Lalang Sembawa,
SDN 19 SEMBAWA,"-2,8193","104,5306",Jalan Padat Karya,
SDN 2 SEMBAWA,"-2,4143","104,6098",Jalan Raya Palembang - Betung Km.21,
SDN 20 SEMBAWA,"-2,8895","104,4092",Jalan Penyagoan Dusun 03 RT.06 RW.03,
SDN 21 SEMBAWA,"-2,9235","104,5722",Jalan Raya Palembang-Betung,
SDN 22 SEMBAWA,"-2,9209","104,5172",Jalan Batu Merah Dusun II,
SDN 23 SEMBAWA,"-2,802","104,5381",Jalan Jalur 11 RT.05 RW.02 Limbang Mulia,
SDN 24 SEMBAWA,"-2,8214","104,5407",Jalan Pulau Muning,
SDN 25 SEMBAWA,"-2,7811","105,0437",Jalan Pulau Muning,
SDN 3 SEMBAWA,"-2,919","104,5674",Jalan Sri Menanti,
SDN 4 SEMBAWA,"-2,9171","104,5446",Jalan KH. Hamid RT.06,
SDN 5 SEMBAWA,"-2,9239","104,5436",Jalan Raya Palembang-Betung,
SDN 6 SEMBAWA,"-2,9585","104,5684",JALAN PERKEBUNAN MELANIA,
SDN 7 SEMBAWA,"-2,9221","104,5872",JALAN PALEMBANG-BETUNG Km. 24,
SDN 8 SEMBAWA,"-2,8955","104,5823",Jalan Raya Palembang-Betung,
SDN 9 SEMBAWA,"-2,809","104,5081",JALAN SIMPANG LIMAU Km. 27,
SMP KARYA SEMBAWA,"-2,9244","104,5429",Jl. Peternakan No.43 Km.29 Kec. Sembawa,
SMP PGRI PULAU HARAPAN,"-2,9237","104,5113",Jalan Raya Palembang-Betung Km. 32,
SMPN 1 SEMBAWA,"-2,9131","104,612",JALAN  RAYA PALEMBANG KM 21 MUSI LANDAS,
SMPN 2 SEMBAWA,"-2,9265","104,523",JALAN SRI MULYA DUSUN II,
SMPN 3 SEMBAWA,"-2,870112","104,523474",JALAN PADAT KARYA,
SD SAWIT MAS SEJAHTERA,"-2,8047","104,3861",KOMPLEK SAWIT MAS SEJAHTERA,
SDN 1 SUAK TAPEH,"-2,854","104,3481",Jalan Trans Mingrasi Pulau Rimau,
SDN 10 SUAK TAPEH,"-2,8492","104,3489",Jalan Trans Migrasi Pulau Rimau,
SDN 11 SUAK TAPEH,"-2,8837","104,3219",Jalan Lubuk Lancang-Petaling,
SDN 12 SUAK TAPEH,"-2,7483","104,333",Jalan Trans Pulau Rimau,
SDN 13 SUAK TAPEH,"-2,8487","104,3488",Jalan Seterio - Sedang,
SDN 14 SUAK TAPEH,"-2,800257","104,32969",DUSUN V PANDAN,
SDN 15 SUAK TAPEH,"-2,78779","104,34557",Jalan Trans Pulau Rimau Dusun I,
SDN 2 SUAK TAPEH,"-2,8884","104,321",Jalan Lubuk Lancang - Pengumbuk,
SDN 3 SUAK TAPEH,"-2,8256","104,3654",Jalan H. Mahakil Ujung,
SDN 4 SUAK TAPEH,"-2,8503","104,3089",Jalan Palembang-Betung Km. 58,
SDN 5 SUAK TAPEH,"-2,8147","104,4069",Jalan Seterio-Sedang,
SDN 6 SUAK TAPEH,"-2,8147","104,3398",Jalan Sungai Aur Dusun IV,
SDN 7 SUAK TAPEH,"-2,8914","104,2785","Jalan Lubuk Lancang-Pengumbuk Dusun I Km.
4",
SDN 8 SUAK TAPEH,"-2,8573","104,3368",Jalan Trans Pulau Rimau,
SDN 9 SUAK TAPEH,"-2,8124","104,339",JALAN PADAT KARYA,
SMPN 1 SUAK TAPEH,"-2,852505","104,340484",JALAN PERJUANGAN,
SMPN 2 SUAK TAPEH,"-2,8232","104,4072",JALAN DESA SEDANG - SETERIO,
SMPN 3 SUAK TAPEH,"-2,883795","104,321621",JALAN PENGHUBUNG TRANS PULAU RIMAU,
"SDN 1 SUMBER MARGA
TELANG","-2,5482","104,8126",DUSUN I,
SDN 10 SUMBER MARGA TELANG,"-2,5242","104,8563",JALAN TANJUNG API-API KM 51,
"SDN 11 SUMBER MARGA
TELANG","-2,5278","104,8702",JALAN ANGKATAN 45 DUSUN I,
SDN 12 SUMBER MARGA TELANG,"-2,5395","104,8801",JLN GOTONG ROYONG,
"SDN 13 SUMBER MARGA
TELANG","-2,4879","104,882",JALUR 3 JEMBATAN 2,
SDN 2 SUMBER MARGA TELANG,"-2,5199","104,875",JALAN PERINTIS,
"SDN 3 SUMBER MARGA
TELANG","-2,6197","104,2496",JALAN MERDEKA DUSUN II RT. 02 RW. 06,
SDN 4 SUMBER MARGA TELANG,"-2,5555","104,8569",DUSUN II,
"SDN 5 SUMBER MARGA
TELANG","-2,5067","104,8957",JALUR 3 JEMBATAN 3,
SDN 6 SUMBER MARGA TELANG,"-2,5109","104,8543",Dusun I,
"SDN 7 SUMBER MARGA
TELANG","-2,5403","104,8587",JALAN ANGKATAN 45 DUSUN II,
SDN 8 SUMBER MARGA TELANG,"-2,5217","104,8323",DUSUN I,
"SDN 9 SUMBER MARGA
TELANG","-2,4966","104,8682",JALUR 3 JEMBATAN 1 TELANG BANDUNG,
SMP BINA KARYA,"-2,5286","104,8771",Jalan Angkatan 45 Dusun I,
SMP NAHDHOTUL ISLAM,"-2,481008","104,795803",JALAN TANJUNG API-API KM.52,
"SMPN 1 SUMBER MARGA
TELANG","-2,5109","104,8375",Jalan KI Hajar Dewantara,
SMPN 2 SUMBER MARGA TELANG,"-2,489","104,8688",JALUR 3 TELANG BANDUNG,
"SMPN 3 SUMBER MARGA
TELANG","-2,595892","104,850296",DUSUN I,
SD IT IZZATUNA,"-2,8808","104,7338",JALAN TANJUNG API-API KAMPUNG BERSAMA,
SD IT MUFIDATUL ILMI,"-2,9217","104,6438","JALAN RAYA DIPONEGORO TALANG BULUH
GANG SWAKARYA",
SD NOMENSEN,"-2,843","104,7921",JALAN KENTEN INDAH NO.3,
SD NURUL ILMI,"-2,8088547","104,6808829",JALAN PALEMBANG-BETUNG KM.18 NO.73,
SD PPT HIDAYATULLAH,"-2,8949","104,7723",Jln. Pangeran Ayin Simpang PU No. 230,
SDN 1 TALANG KELAPA,"-2,9111","104,6633",JALAN PALEMBANG - BETUNG Km. 15,
SDN 10 TALANG KELAPA,"-2,8193","104,7923",JALAN PANGERAN AYIN,
SDN 11 TALANG KELAPA,"-2,8059","104,6321",JALAN PADAT KARYA,
SDN 12 TALANG KELAPA,"-2,9029","104,6729",JALAN TALANG BETUTU LAMA  Km. 14,
SDN 13 TALANG KELAPA,"-2,9201","104,6313",JALAN PERINTIS LINGKUNGAN IV,
SDN 14 TALANG KELAPA,"-2,9103","104,6163",JALAN PALEMBANG - BETUNG  Km. 20,
SDN 15 TALANG KELAPA,"-2,9078","104,6226",JALAN LIMAS KM. 20,
SDN 16 TALANG KELAPA,"-2,894","104,6112",JALAN SUNGAI RENGIT,
SDN 17 TALANG KELAPA,"-2,915","104,6476",JALAN PALEMBANG - BETUNG Km. 17,
SDN 18 TALANG KELAPA,"-2,9174","104,6391",JALAN PALEMBANG - BETUNG Km. 18,
SDN 19 TALANG KELAPA,"-2,8792","104,628",JALAN SUKA MAKMUR,
SDN 2 TALANG KELAPA,"-2,8965","104,7721",JALAN PANGERAN AYIN,
SDN 20 TALANG KELAPA,"-2,9111","104,6633",JALAN PALEMBANG - BETUNG Km. 15,
SDN 21 TALANG KELAPA,"-2,9157","104,6391",JALAN PALEMBANG - BETUNG Km. 18,
SDN 22 TALANG KELAPA,"-2,8464","104,8164",JALAN PANGERAN AYIN KOMPLEK AZHAR,
SDN 23 TALANG KELAPA,"-2,8998","104,7705",JALAN PANGERAN AYIN,
SDN 24 TALANG KELAPA,"-2,8963","104,7502",JALAN TALANG KERAMAT,
SDN 25 TALANG KELAPA,"-2,8935","104,6389",JALAN SERDA CANIS TALANG ILIR,
SDN 26 TALANG KELAPA,"-2,9001","104,6506",JALAN CAMAT II Km. 16,
SDN 27 TALANG KELAPA,"-2,9029","104,6729",JALAN TALANG BETUTU LAMA Km. 14,
SDN 28 TALANG KELAPA,"-2,9063","104,6383",JALAN SUKAWARAS,
SDN 29 TALANG KELAPA,"-2,9312","104,6475","JALAN TALANG BULUH  DUSUN TANJUNG
SARI",
SDN 3 TALANG KELAPA,"-2,9174","104,6391",JALAN PALEMBANG - BETUNG,
SDN 30 TALANG KELAPA,"-2,8694","104,6094",JALAN SIMPANG DABUK PANCA JAYA,
SDN 31 TALANG KELAPA,"-2,9015","104,623",JALAN CANDRADIMUKA LINK. I,
SDN 32 TALANG KELAPA,"-2,8962","104,6639",KOMPLEK GRIYA HANDAYANI Km. 15,
SDN 33 TALANG KELAPA,"-2,9287","104,6736",JALAN TANAH MAS KOMPLEK BULU JADONGAN,
SDN 34 TALANG KELAPA,"-2,5983","104,4148","JALAN TANAH MAS KOMPLEK TIGA PUTRI
KENCANA",
SDN 35 TALANG KELAPA,"-2,8913","104,7286",JALAN TANJUNG API - API,
SDN 36 TALANG KELAPA,"-2,7507","104,5653",JALAN SETIA HARAPAN,
SDN 37 TALANG KELAPA,"-2,9315","104,6635",Jalan Tanah Mas Perum Azhar Permai,
SDN 4 TALANG KELAPA,"-2,9174","104,6391",JALAN PALEMBANG - BETUNG Km.  18,
SDN 5 TALANG KELAPA,"-2,8386","104,6209",JALAN RAYA  PANGKALAN BENTENG,
SDN 6 TALANG KELAPA,"-2,9101","104,6161",JALAN PALEMBANG - BETUNG Km. 20,
SDN 7 TALANG KELAPA,"-2,8043","104,7354",JALAN TANJUNG API - API  Km. 15,
SDN 8 TALANG KELAPA,"-2,9111","104,6633",JALAN PALEMBANG - BETUNG Km. 15,
SDN 9 TALANG KELAPA,"-2,8532","104,5809",JALAN SUNGAI RENGIT,
SMP HARAPAN IBU,"-2,9264","104,664",Jalan Tanah Mas Azhar Km.14,
"SMP METHODIST 1 TALANG
KELAPA","-2,9142","104,6256","JALAN PALEMBANG-BETUNG KM. 18,5",
SMP PGRI SUKAMORO,"-2,917","104,6396",JL.Palembang Betung Km. 18,
SMP PPT HIDAYATULLAH,"-2,8948","104,7722",Jl. Simpang Pu No.230 Kenten Laut,
SMP SANDIKA,"-2,9127","104,6666",Jln. Palembang - Betung Km. 14.5,
SMP YAPI AIR BATU,"-2,906","104,6169",Air Batu Sungai Rengit Lr.tembusan Lk.ii,
SMPN 1 TALANG KELAPA,"-2,9207","104,6332",JALAN KERANI AMAD KM. 18,
SMPN 2 TALANG KELAPA,"-2,8533","104,581",DUSUN I,
SMPN 3 TALANG KELAPA,"-2,87668","104,783775",JALAN SEI PEDADO DUSUN II,
SMPN 4 TALANG KELAPA,"-2,952","104,6609",JALAN TALANG BULUH,
SDN 1 TANJUNG LAGO,"-2,7421","104,7043",Jalan Tanjung Api-Api Km. 24,
SDN 10 TANJUNG LAGO,"-2,6683","104,7215",Jalan Tanjung Api - Api Km. 34,
SDN 11 TANJUNG LAGO,"-2,6572","104,7157",Jalan Tanjung Api - Api Km. 34,
SDN 12 TANJUNG LAGO,"-2,6908","104,7254",Jalan Tanjung Api - Api Km. 20,
SDN 13 TANJUNG LAGO,"-2,6185","104,671",Jalan Tanjung Api-Api Km. 42,
SDN 14 TANJUNG LAGO,"-2,7091","104,6669",Jalan Kelapa Mas Dusun I RT.01 RW.01,
SDN 15 TANJUNG LAGO,"-2,6574","104,7511",Jalan PPK RT.03 RW.01,
SDN 16 TANJUNG LAGO,"-2,6576","104,6626",Jalan Tanjung Api - Api Km. 42,
SDN 17 TANJUNG LAGO,"-2,5903","104,7734",Jalan Tanjung Api - Api Km. 48,
SDN 18 TANJUNG LAGO,"-2,594","104,759",Jalan Tanjung Api - Api Km. 42,
SDN 19 TANJUNG LAGO,"-2,7209","104,7128",Jalan Tanjung Api-api Km.34,
SDN 2 TANJUNG LAGO,"-2,7041","104,8147",Jalan Sungai Batang Hari,
SDN 20 TANJUNG LAGO,"-2,6769","104,6378",Jalan Tanjung Api-Api Km.38,
SDN 21 TANJUNG LAGO,"-2,5848","104,6819",Sungai Kenten,
SDN 22 TANJUNG LAGO,"-2,7822","104,7744",Jalan Tanjung Api-api Km.24,
SDN 23 TANJUNG LAGO,"-2,7124","104,7319",JALAN BATANGHARI,
SDN 24 TANJUNG LAGO,"-2,5427043","104,7432282",JALAN TANJUNG API-API KM. 41,
SDN 3 TANJUNG LAGO,"-2,5885","104,7717",Jalan Tanjung Api-Api Km. 34,
SDN 4 TANJUNG LAGO,"-2,6145","104,8146",Jalan Tanjung Api-Api,
SDN 5 TANJUNG LAGO,"-2,6421","104,7799",Jalan Tanjung Api-Api,
SDN 6 TANJUNG LAGO,"-2,6833","104,6783",Jalan Tanjung Api Api Km. 42,
SDN 7 TANJUNG LAGO,"-2,6185","104,671",Jalan Tanjung Api-Api Km. 43,
SDN 8 TANJUNG LAGO,"-2,6803","104,6667",Jalan Tanjung Api - Api Km. 43,
SDN 9 TANJUNG LAGO,"-2,6683","104,7215",Jalan Tanjung Api-Api Km. 34,
SMP AL IHSAN,"-2,645916","104,745126",JALAN TANJUNG API-API KM. 42,
SMP TRI BUDI MULIA 7,"-2,6787","104,6019",Jln. Tanjung Api-api Km.42,
SMP YP AR RACHMA,"-2,6538","104,6831",Jalur 17 Jembatan 6,
SMPN 1 TANJUNG LAGO,"-2,647651","104,742529",JALAN TANJUNG API-API KM 32,
SMPN 2 TANJUNG LAGO,"-2,71916","104,727023",JALAN RAYA TANJUNG API-API KM. 43,
SMPN 3 TANJUNG LAGO,"-2,730882","104,70774",JALAN RAYA TANJUNG API-API,
SMPN 4 TANJUNG LAGO,"-2,657259","104,6625555",JALAN TANJUNG API-API Km. 42,
SDN 1 TUNGKAL ILIR,"-2,4399","104,0985",Jalan Bentayan Sekijing,
SDN 10 TUNGKAL ILIR,"-2,5652","104,2423",Jalan Primer 3 Karang Mulia KAU,
SDN 11 TUNGKAL ILIR,"-2,5712","104,2677",JALAN SEKUNDER 4 MARGA RAHAYU KAU,
SDN 12 TUNGKAL ILIR,"-2,5929","104,2385",Jalan Primer 4 Karang Asem KAU,
SDN 13 TUNGKAL ILIR,"-2,4431","104,9727",Jalan Komplek Pendidikan,
SDN 14 TUNGKAL ILIR,"-2,4067","104,9821",Jalan Dahlia Jalur 3,
SDN 15 TUNGKAL ILIR,"-2,4374","104,9713",JALAN POROS DESA SIDOMULYO,
SDN 16 TUNGKAL ILIR,"-2,728","104,41",Jalan Desa Panca Mulya,
SDN 17 TUNGKAL ILIR,"-2,4237","104,9754",Jalan Dusun I RT.03,
SDN 18 TUNGKAL ILIR,"-2,3819","104,9128",Jalan Penghubung Bertak Puyuh Dusun Tiga Duri,
SDN 19 TUNGKAL ILIR,"-2,5414","104,1634",Jalan Piva Sungai Duato Dusun IV Tri Tunggal,
SDN 2 TUNGKAL ILIR,"-2,417","104,0908",Jalan Leanding Tribel-Bentayan,
SDN 20 TUNGKAL ILIR,"-2,5552","104,556",Jalan Trans Mukut,
SDN 21 TUNGKAL ILIR,"-2,4239","104,9792",Jalan Dusun VI Keluang,
SDN 22 TUNGKAL ILIR,"-2,5058","104,2934",DUSUN 3,
SDN 23 TUNGKAL ILIR,"-2,5959","104,1922",DUSUN I,
SDN 24 TUNGKAL ILIR,"-2,5513","104,1512",DUSUN 3 PENUGUAN LAUT,
SDN 3 TUNGKAL ILIR,"-2,3664","104,9738",Jalan Penghubung Trans Bertak,
SDN 4 TUNGKAL ILIR,"-2,4551","104,4512",Dusun III Pangkalan Bulian,
SDN 5 TUNGKAL ILIR,"-2,599","104,2161",Jalan Sekunder 2 Suka Mulia KAU,
SDN 6 TUNGKAL ILIR,"-2,5675","104,1933",Jalan Primer I Sekunder 9,
SDN 7 TUNGKAL ILIR,"-2,6119","104,2283",Primer 2 Sekunder 6 Karang Agung Ulu,
SDN 8 TUNGKAL ILIR,"-2,5924","104,2099",Jalan Sekunder I Sukaraja KAU,
SDN 9 TUNGKAL ILIR,"-2,5448","104,224",Jalan Primer 3 KAU,
SMP ANUGRAH,"-2,4266","104,925",Jl.lintas Bertak-sp 3 Sukajaya,
SMP PERTIWI,"-2,5567","104,2297",Sido Mulo Bertak Serdang I,
SMP PGRI KARANG AGUNG ULU,"-2,5909","104,211",Primer 1 Karang Agung Ulu,
SMP PRATAMA PUTRA,"-2,6798","104,3332",KARANG AGUNG ULU,
SMPN 1 TUNGKAL ILIR,"-2,4883","104,2398",JALAN KOMPLEK PENDIDIKAN,
SMPN 2 TUNGKAL ILIR,"-2,413564","104,135686",JALAN BERTAK PUYUH,
SMPN 3 TUNGKAL ILIR,"-2,5677039","104,2413534",JALAN PRIMER I,
SMP BINA DHARMA 3,-6.8696,107.5925,JL GEGER KALONG HILIR NO. 18,222013882
SMP BANDUNG INSTITUT,-6.9123,107.7242,JL. MANGLAYANG I NO. 7,227802208
SMP ASSALAAM,-6.9269,107.6071,JL. SASAKGANTUNG NO. 12-14,224201351
SMP ANGKASA LANUD HUSEIN SASTRANEGARA,-6.9059,107.5899,JL. PAJAJARAN NO.151,6078929
SMP ISLAM AL WASLIYAH,-6.9361,107.6601,JL. KAWALUYAAN,227317593
SMP AL HUSAINIYYAH,-6.8803,107.6063,JL. BUKIT JARIAN NO. 29/165 D,2041235
SMP AL HASAN,-6.9345,107.7089,KOMPLEK BUMI PANYILEUKAN N2,227814755
SMP AL HADI BANDUNG,-6.9058,107.6718,JL. A.H.NASUTION NO.25,2263721574
SMP BINAHARAPAN,-6.9167,107.6844,GOLF SELATAN IV NO 5 PERUM BINA MARGA,227801920
SMP BPI 1,-6.92371,107.6194,JL. BURANGRANG NO.8 BANDUNG,227305735
SMP BPK PENABUR HOLIS,-6.9397,107.5646,KOMPLEKS TAMAN HOLIS INDAH BLOK A,226003636
SMP DEWI SARTIKA,-6.9255,107.605,JL. KAUTAMAAN ISTRI NO. 12,224231509
SMP DARUL HIKAM,-6.879,107.6164,JL. IR. H. JUANDA 285 A BANDUNG,2501375
SMP BUNGA BANGSA,-6.8676,107.6198,JL. DAGO BENGKOK NO. 3,2220455422
SMP BPPI BOJONG,-6.926,107.5711,JL. KAPUR RT 04 / RW 10 BOJONG RAYA,2220560221
SMP BPP,-6.9185,107.6177,JL. KARTINI NO. 10 BANDUNG,224207390
SMP AL FALAH,-6.8828,107.6132,JL. CISITU BARU NO.52,222530135
SMP ADVENT II BANDUNG,-6.885,107.6044,JL. DR. SETIABUDI NO. 1,2043220
SMP ADVENT CIMINDI,-6.9497,107.6031,JL. RAYA CIMINDI NO. 74,226010612
SMP ADVENT NARIPAN,-6.9186,107.6123,JL. NARIPAN NO. 91,224234027
SMP NEGERI 23,-6.91492,107.5896,JL. ARJUNA NO. 20-22,6011128
SMP NEGERI 12,-6.86594,107.5934,JL. DR. SETIABUDHI NO. 195,2013947
SMP NEGERI 11,-6.93478,107.6081,JL. H. SAMSUDIN NO.34,225200816
SMP NEGERI 10,-6.9291,107.606,JL. RD. DEWI SARTIKA NO.115,5210133
SMP NEGERI 1,-6.9117,107.5966,JL. KSATRIAAN NO.12,6011429
SMP YWKA,-6.9152,107.5763,JL. ELANG II NO. 2,226013492
SMP NEGERI 13,-6.9353,107.6228,JL. MUTIARA NO.15,227305062
SMP NEGERI 14,-6.9081,107.6304,JL. LAPANGAN SUPRATMAN NO. 8,227272064
SMP NEGERI 15,-6.87445,107.5956,JL. SETIABUDI NO. 89,222034914
SMP NEGERI 22,-6.9118,107.6339,JL. WR SUPRATMAN NO. 24 BANDUNG,227271182
SMP NEGERI 21,-6.94561,107.5802,JL. CARINGIN GG. LUMBUNG II,225402000
SMP NEGERI 20,-6.9195,107.6261,JL. CENTEH NO. 5,227302884
SMP NEGERI 2,-6.914,107.6141,JL. SUMATERA NO.42,224204155
SMP NEGERI 19,-6.8862,107.6222,JL. SADANG LUHUR XI,222500657
SMP NEGERI 18,-6.952,107.6418,JL. SMP NO 5-6 TERUSAN KIARACONDONG,7566331
SMP NEGERI 17,-6.9066,107.6726,JL. PACUAN KUDA ARCAMANIK,0
SMP NEGERI 16,-6.89945,107.6425,JL. PHH. MUSTOPA 53,227275281
SMP YPU,-6.9237,107.6288,JL. CUKANGJATI NO. 5 RT.02/05 GATOT SUBROTO,227306538
SMP YPKKP,-6.9274,107.5653,JL.CIJERAH NO. 230,6000383
SMP YPI,-6.9016,107.5952,JL. MUHAMAD NO. 17 BANDUNG,226070867
SMP TARUNA BAKTI,-6.9063,107.6234,JL. L.L.R.E. MARTADINATA NO. 52,224261468
SMP TAMANSISWA,-6.9288,107.6207,JL.TAMANSISWA NO.4 BANDUNG,227321628
SMP SWADAYA 2,-6.923,107.5888,JL. PAGARSIH GG. WD SASTRA,2286060854
SMP SWADAYA 1,-6.926,107.5889,JL PASIR KOJA NO.181,226124421
SMP SUMATERA 40,-6.9001,107.634,JL. PAHLAWAN NO.21,2270343696
SMP SANTO YUSUP,-6.9053,107.6619,JL. SULAKSANA BARU I NO. 18,7273633
SMP SANTO ALOYSIUS 2,-6.9606,107.64,JL. BATUNUNGGAL INDAH II NO. 30,227507418
SMP SANTO ALOYSIUS,-6.90541,107.6116,JL. SULTAN AGUNG NO. 4,224235568
SMP SANTA MARIA,-6.9139,107.6327,JL. JEND. AHMAD YANI NO. 273,7217382
SMP TRIYASA,-6.9121,107.7042,UJUNGBERUNG,227800422
SMP TULUS KARTIKA,-6.9484,107.6619,JL. YUPITER TENGAH 2 NO.1,227502480
SMP WARINGIN,-6.915,107.5995,JL. KEBONJATI NO. 209,226029715
SMP YP SEJATI,-6.9496,107.5883,JL. KOPO GG. PAKASIH NO.10,225405764
SMP YOS SUDARSO,-6.9289,107.6063,JLN. MOHAMAD TOHA NO. 19,225230723
SMP YAYASAN BUDI BAKTI,-6.9021,107.5879,JL. CITEPUS II NO. 3,2270425335
SMP YAYASAN ATIKAN SUNDA,-6.901,107.6472,JL. PANGHULU HAJI HASAN MUSTAPA NO. 115,227218108
SMP YAQIN,-6.896,107.5879,JL.DR.JUNJUNAN NO.3,226123877
SMP YAMI,-6.9509,107.6091,JL. KARASAK BARU NO.16,225222362
SMP WYATA DHARMA,-6.92,107.6209,JL. AHMAD YANI NO. 107 A,224261736
SMP SANTA ANGELA,-6.91277,107.6109,JL. MERDEKA NO. 24,224214715
SMP NEGERI 50,-6.90743,107.6973,JL. PASIRJATI NO. 12,227800874
SMP NEGERI 5,-6.9146,107.6141,JL. SUMATRA NO. 40,224207121
SMP NEGERI 49,-6.9074,107.6582,JL. ANTAPANI NO. 58 CICAHEUM,227275285
SMP NEGERI 48,-6.9663,107.6664,JL. BATURADEN VIII NO.19,7560480
SMP NEGERI 47,-6.8898,107.5587,JL. BUDI CILEMBER NO. 19 B,226652284
SMP NEGERI 46,-6.9156,107.7249,JL. CIGAGAK,227807214
SMP NEGERI 45,-6.92218,107.6602,JL. YOGYAKARTA ANTAPANI BANDUNG,227277721
SMP NEGERI 44,-6.9052,107.6201,JL. CIMANUK NO.1,224205409
SMP NEGERI 43,-6.92548,107.6068,JL. KAUTAMAAN ISTRI NO.31,224234863
SMP NEGERI 51,-6.9653,107.6803,JL.DERWATI,227563831
SMP NEGERI 52,-6.8607,107.6065,JL. BUKIT RAYA CIUMBULEUIT,222034769
SMP NEGERI 9,-6.9087,107.5969,JL. SEMAR NO. 5 BANDUNG,226014886
SMP NEGERI 8,-6.9125,107.7017,JL. ALUN-ALUN UTARA NO.211B UJUNGBERUNG,227800098
SMP NEGERI 7,-6.907,107.6185,JL. AMBON NO. 23,224233470
SMP NEGERI 6,-6.91854,107.6018,JL. H. YAKUB NO. 36,85880151
SMP NEGERI 42,-6.9575,107.6721,JL. MANJAHLEGA BANDUNG,227565864
SMP NEGERI 41,-6.9153,107.5903,JL. ARJUNA NO. 18,226123942
SMP NEGERI 40,-6.9055,107.6066,JL. WASTUKENCANA NO. 75 A,224239058
SMP NEGERI 3,-6.9292,107.6053,JL. RD. DEWI SARTIKA NO. 96,225207378
SMP NEGERI 29,-6.8603,107.5865,JL. GEGER ARUM NO. 11 A,222012579
SMP NEGERI 28,-6.9375,107.626,JL. SOLONTONGAN II BUAHBATU,227304544
SMP NEGERI 27,-6.9055,107.6346,JL. YUDHAWASTU PRAMUKA I,227101246
SMP NEGERI 26,-6.8827,107.5774,JL. SARIMANAH BLOK 23,2012277
SMP NEGERI 25,-6.9256,107.6009,JL. PAJAGALAN NO. 67,4265907
SMP NEGERI 24,-6.93643,107.5866,JL. SUKAMULYA NO.33,226015090
SMP NEGERI 30,-6.9406,107.6447,JL. SEKEJATI NO.23,227305150
SMP NEGERI 31,-6.9385,107.6405,JL. BINONG JATI NO. 139,227337017
SMP NEGERI 32,-6.9158,107.5904,JL ARJUNA NO 18 BANDUNG,226072410
SMP NEGERI 4,-6.921,107.6259,JL. SAMOJA NO. 5,7312394
SMP NEGERI 39,-6.9425,107.5688,JL. HOLIS NO.439,225406684
SMP NEGERI 37,-6.92625,107.656,JL. BABAKAN SARI KIARACONDONG BANDUNG,227101104
SMP NEGERI 36,-6.94223,107.5741,JL. CARINGIN,226078507
SMP NEGERI 35,-6.87443,107.6168,JL. DAGO POJOK NO. 12 BANDUNG,222505332
SMP NEGERI 34,-6.9504,107.6258,JL. WAAS SOEKARNO HATTA,7565790
SMP NEGERI 33,-6.9283,107.59,JL. BABAKAN TAROGONG,226035940
SMP SALMAN AL FARISI,-6.88301,107.6226,JL. TUBAGUS ISMAIL VIII NO. 42 A,222515962
SMP MUHAMMADIYAH 9,-6.9339,107.6799,JL. SUMBERSARI NO. 104,227835961
SMP LPPN,-6.9157,107.5855,KOTA BANDUNG,226040827
SMP LANGLANGBUANA 2,-6.9071,107.6761,JL. RUSBANDI SH (ASPOL),7208701
SMP LANGLANGBUANA 1,-6.896,107.6506,JL. TERUSAN CIMUNCANG NO.11,2220503150
SMP LABORATORIUM-PERCONTOHAN UPI,-6.8619,107.5917,JL. SENJAYAGURU KAMPUS UPI BANDUNG,222012805
SMP KIANSANTANG,-6.9163,107.5805,JL. JENDERAL SUDIRMAN NO. 330/77,2226024936
SMP KEMALA BHAYANGKARI,-6.9321,107.6219,JL. PALASARI NO. 46 BANDUNG,227312139
SMP KEMAH INDONESIA 4,-6.8874,107.625,JL. SADANG SERANG BLK NO. 2 RT 03/13,222510325
SMP KARYA PEMBANGUNAN 10,-6.9076,107.6882,JL. A.H.NASUTION NO.25A,227808267
SMP MAARIF,-6.9353,107.6355,JL.TRS. GALUNGGUNG NO 9,7333760
SMP MADYA,-6.9507,107.6395,JL. SEKELIMUS UTARA I NO.16,227566834
SMP MUHAMMADIYAH 8,-6.9179,107.6556,JL. KADIPATEN RAYA NO.4-6 ANTAPANI BANDUNG,227279057
SMP MUHAMMADIYAH 6,-6.8939,107.5922,JL. SUKAGALIH GG. H. GOJALI NO.134 RT 06 RW 07,222036179
SMP MUHAMMADIYAH 5,-6.9245,107.6553,JL. SARIWATES RAYA NO. 6,0
SMP MUHAMMADIYAH 4,-6.9121,107.5832,JL. ANDIR-RI WINATA BANDUNG,6040337
SMP MUHAMMADIYAH 3,-6.9025,107.6529,JL. PHH MUSTOPA NO. 90/209C,2220521520
SMP MUHAMMADIYAH 2,-6.8891,107.5586,JL. RAYA CILEMBER GG. BUNISUGIH BANDUNG,89647000000
SMP MUHAMMADIYAH 10,-6.9161,107.7043,JL. A.H.NASUTION NO.168 BANDUNG,2263749889
SMP MUHAMMADIYAH 1,-6.9328,107.6242,JL. BANTENG DALAM NO. 6 BANDUNG,227306216
SMP MIFTAHUL IMAN,-6.8546,107.5936,JL. DR. SETIABUDHI 179/171 A RT 05 RW 04,222010399
SMP KARTIKA X-1,-6.9291,107.6343,JLJEND.GATOT SUBROTO,227317512
SMP KARTIKA XIX-2,-6.8654,107.5881,JL. PAK GATOT RAYA NO. 73,222020411
SMP KARTIKA XIX-1,-6.913,107.6185,JL. BANGKA NO. 3,224231485
SMP KRISTEN 1 BINA BAKTI,-6.9123,107.5942,JL. BIMA 1-9,226074631
SMP ISTIQAMAH,-6.89613,107.6342,JL. PAHLAWAN NO.65,222507364
SMP INDONESIA RAYA,-6.8891,107.5809,PROF. SURIA SUMANTRI NO. 33 B,222012369
SMP IGNATIUS SLAMET RIYADI,-6.9372,107.6436,JL. H. IBRAHIM AJI GG. KEBON KANGKUNG X,227320834
SMP GUPPI,-6.9269,107.7025,JL. NEGLARASA NO.4 BANDUNG,227802949
SMP GUNA DHARMA,-6.9181,107.7066,"JL. A.H. NASUTION KM.11,70",227816827
SMP GEMA PANCASILA,-6.9048,107.7234,JL. SEKEMALA RT.02/11,82120000000
SMP GANTRA,-6.901,107.7046,JL. CINANGKA NO.131,87883536
SMP KRISTEN 1 BPK PENABUR,-6.9036,107.5973,JL. HOS TJOKROAMINOTO 157,226013181
SMP KRISTEN 2 BINA BAKTI,-6.9074,107.5979,JL. BIMA NO. 9,226018868
SMP KRISTEN 4 BPK PENABUR,-6.9258,107.6209,JL. GUNTUR NO.34,227334013
SMP KRISTEN YAHYA,-6.90539,107.6182,JL.LLRE MARTADINATA 71A-73,224231542
SMP KRISTEN TRIMULIA,-6.898,107.5889,JL. DR.DJUNJUNAN NO. 105,226037934
SMP KRISTEN REHOBOTH,-6.9251,107.606,JL. RD. DEWI SARTIKA NO.36-38,224224984
SMP KRISTEN PAULUS,-6.904,107.5994,JL. DR. RAJIMAN 11,224264803
SMP KRISTEN KALAM KUDUS,-6.9506,107.5985,JL. MEKAR PUSPITA NO. 53 - 55,2285240578
SMP KRISTEN HIDUP BARU,-6.8659,107.6059,JL. CIUMBULEUIT 160,2031739
SMP KRISTEN BPPK,-6.9069,107.5944,JL. PAJAJARAN 91 BANDUNG,226018693
SMP KRISTEN BAPTIS,-6.9039,107.6063,JL. WASTUKENCANA 40,224263904
SMP KRISTEN 5 BPK PENABUR,-6.9171,107.5778,JALAN JENDRAL SUDIRMAN 638,6018476
SMP GANESHA,-6.9361,107.6113,JL. MOHAMAD TOHA NO.84,225207330
SMP RAJAWALI,-6.9166,107.5843,JL. ANDIR NO. 117A/78,82115000000
SMP PGRI 2,-6.8613,107.6052,JL. CIUMBULEUIT NO 48 BANDUNG,2031676
SMP PGRI 1,-6.917,107.6261,JL. CENTEH NO.5,227306436
SMP PGII 2,-6.9004,107.6334,JL. PAHLAWAN BLK. NO. 17,2220511052
SMP PGII 1,-6.8981,107.6167,JL. PANATAYUDA NO. 2,222500604
SMP PERTIWI,-6.9027,107.615,JL. KEBON BIBIT NO. 16,222510433
SMP PELITA BANGSA,-6.8954,107.6355,JL. SOEKARNO HATTA NO.391,225201214
SMP PELITA,-6.897,107.6448,JL. SEKEJATI CIKUTRA,0
SMP PGRI 3,-6.91609,107.6353,JL. SUKABUMI DALAM NO. 4,87711000000
SMP PGRI 6,-6.8905,107.6237,JL. SADANG SERANG NO. 1 BANDUNG,222535723
SMP PGRI 5,-6.8783,107.5803,JL. SARIRASA BLOK IV NO. 100,0
SMP PLUS SINDANG RESMI,-6.9363,107.5673,JL. CICUKANG NO. 26,226074204
SMP PLUS AL GHIFARI,-6.922,107.6857,JL. INSPEKSI PENGAIRAN NO. 23 RT 04/03,227806223
SMP PGRI 10,-6.9111,107.6925,JL. A.H. NASUTION NO.15,227807127
SMP PGRI 9,-6.9408,107.6918,JL. GEDE BAGE NO. 17,0
SMP PGRI 4,-6.89083,107.5619,JL. GUNUNG BATU 30,2220562605
SMP PGRI 8,-6.9082,107.665,JL. SINDANGSARI I NO. 7,2263637366
SMP PGRI 7,-6.9593,107.6521,JL. KENCANAWANGI UTARA PANDANWANGI,227502478
SMP PASUNDAN 9,-6.9275,107.5854,JL. BABAKAN CIPARAY,226079366
SMP PASUNDAN 8,-6.8955,107.6421,JL. CIKUTRA NO.201,2287771816
SMP PASUNDAN 7,-6.9159,107.5694,JL. CIJERAH GG. PELITA NO. 11,6010026
SMP NUSANTARA RAYA,-6.9027,107.6574,JL. ANTAPANI NO.28,7277653
SMP NUSANTARA,-6.9418,107.5918,JL. KOPO NO.322,226010187
SMP NUGRAHA,-6.9513,107.6115,JL. PLN DALAM NO 4,5226701
SMP NASIONAL,-6.8921,107.6302,JL. SADANG SERANG NO.17,222504610
SMP MUTIARA 4,-6.9118,107.5702,JL. RAYA CIBEUREUM NO. 10,68606288
SMP MUTIARA 3,-6.9461,107.5793,JL. CARINGIN GG. LUMBUNG II NO. 19,225415229
SMP MUTIARA 1,-6.9079,107.5778,JL. MALEBER UTARA NO.37,2220567982
SMP MUSLIMIN 5,-6.9347,107.7183,JL. MANISI NO.2 BUNDERAN CIBIRU,0
SMP MUSLIMIN 3,-6.9244,107.6255,JL. LODAYA NO.38,89656000000
SMP PAHLAWAN TOHA,-6.9363,107.5922,JL. PETA (SUKAMULYA I),2220560736
SMP PAJAJARAN 1,-6.9066,107.577,JL. MALEBER UTARA NO.5 BANDUNG,0
SMP PANDU,-6.9054,107.5931,JL. PANDU NO. 6,226006539
SMP PASUNDAN 6,-6.9413,107.6298,JL. KLININGAN III NO. 11 A,2273517000
SMP PASUNDAN 5,-6.9426,107.5851,JL. BABAKAN CIPARAY BLK. NO 5,226122508
SMP PASUNDAN 4,-6.9166,107.6009,JL. KEBONJATI NO. 31 BANDUNG,224238548
SMP PASUNDAN 3,-6.8909,107.6035,JL. BAPAK HUSEN BLK. NO. 4 (DEPAN RS ADVENT),2033542
SMP PASUNDAN 2,-6.9242,107.6079,JL. PASUNDAN NO.32,224201328
SMP PASUNDAN 12,-6.8797,107.5768,JL. SARIRASA NO. 130/04 RT.04/04,2005092
SMP PASUNDAN 10,-6.8788,107.579,JL. SARIRASA NO. 130 RT.04/RW.04 SARIJADI,81313000000
SMP PASUNDAN 1,-6.9242,107.608,JL. PASUNDAN NO.32,224203383
SMP SANTA URSULA,-6.9129,107.6283,JL. TAMAN ANGGREK NO. 1,227274584
SMP SEBELAS MARET,-6.9456,107.6128,JL. DENKI SELATAN V NO. 38,225227683
SMP NEGERI 38,-6.95753,107.5913,JL. BOROBUDUR CIBADUYUT RT 03 RW 04,0
SMP BINA DHARMA 2,6.9275,107.6504,JL. BABAKAN SARI 1 NO. 131,227272862
SMP VIJAYA KUSUMA,-6.9407,107.6506,JALAN MANDALA NO. 59 BANDUNG,227318626
SMP JENDERAL SUDIRMAN,-6.9329,107.592,JL. BABAKAN TAROGONG 119,226125782
SMP KRISTEN GAMALIEL,-6.9196,107.6027,JL. JENDERAL SUDIRMAN NO. 205-207,226003553
SMP PLUS BAITURRAHMAN,-6.9155,107.7061,JL. PROF. KHM SYADELY HASAN NO.44 NAGROG UJUNG BERUNG,2263737140
SMP MUTIARA BUNDA,-6.9091,107.6695,JL. PADANG GOLF NO. 11 ARCAMANIK,227204643
SMP GRACIA,-6.9222,107.6066,JL. CIBADAK GG. SEREH NO. 26,226014810
SMP BINTANG MULIA,-6.9543,107.602,JL. RADEN RANGGA KENCANA NO.1,5233892
SMP KRISTEN BALA KESELAMATAN,-6.9167,107.5982,JL. GARDUJATI NO. 89,226013297
SMP ISLAM CENDEKIA MUDA,-6.9213,107.6756,JL PURI AYU PRATAMA NO 17 ARCAMANIK,82121000000
SMP BUDI ISTRI,-6.9302,107.6193,JL.SANCANG NO.4 BANDUNG,227312428
SMP DAARUL QURAN,-6.8505,107.6038,JL. NAGROG NO. 85 KAMP. CIWARU,2263728585
SMP BAHTERA,-6.9213,107.6714,JL. ARCAMANIK ENDAH NO. 107,2287241065
SMP ALFA CENTAURI,-6.9276,107.6234,JL. PALASARI NO. 9,227310894
SMP TUNAS UNGGUL,-6.9029,107.6762,JL. PASIR IMPUN NO. 94,2287789420
SMP AL ISLAM,-6.9096,107.7232,JL.CILENGKRANG I RT.05/RW.06,0
SMP AL BIRUNI CERDAS MULIA,-6.9404,107.7113,JL. TERUSAN PANYILEUKAN NO. 11 SOEKARNO HATTA,87820566
SMP THARIIQUL JANNAH,-6.9278,107.6909,JL CISARANTEN WETAN 1 NO 138,85282000000
SMP HIKMAH TELADAN,-6.88946,107.558,JL. RAYA CILEMBER BLK NO. 286,226613496
SMP PGRI 11,-6.9023,107.6426,JL. CIKUTRA NO.15,82115000000
SMP MUHAMMADIYAH 7,-6.9406,107.6038,JL. LEUWI PANJANG GG. KEBON KALAPA NO.24,225233404
SMP JUARA BANDUNG,-6.9386,107.7105,KOMP. TAMAN CIPADUNG INDAH RT 06/01,2279570657
SMP PLUS TEMARA ILMU,-6.9426,107.7124,JL. TERUSAN PANYILEUKAN BLOK LEMBANG BULEUD GANG PESANTREN,2279160707
SMP YUDHISTIRA,-6.9584,107.5915,"JL, CIBADUYUT GG. KOPSI NO. 60",225422740
SMP SETIA BHAKTI,-6.9572,107.6753,JL.KAWALUYAAN NO. 12 SOEKARNO HATTA,2287793056
SMP NEGERI 53,-6.8992,107.6808,JL. ARCAMANIK NO 10 SINDANGLAYA,227812698
SMP CITRA CEMARA,-6.9192,107.5733,JL. SOEKARNO HATTA NO 22,226032757
SMP NEGERI 54,-6.95814,107.7065,JL. RAYA UTSMAN BIN AFFAN,0
SMP DAARUT TAUHIID BOARDING SCHOOL,-6.8625,107.5911,JL. GEGERKALONG GIRANG BARU NO.11 BANDUNG 40154,222003019
SMP TAHFIZHUL QURAN AMANAH UMMAH,-6.9138,107.6841,JL. CICUKANG NO. 54 RT. 01 RW 09,63724730
SMP SURYA KENCANA BHAKTI,-6.92256,107.6769,JL. CINGISED BLK PEMDA I,0
SMP KUNTUM CEMERLANG,-6.86934,107.6164,JL. CIPAKU INDAH XI NO. 2,222005667
SMP KRISTEN BPK PENABUR SINGGASANA,-6.9536,107.5989,JL. INDRA PRAHASTA TIMUR NO. 2,225436322
SMP NURUL HIDAYAH,-6.9266,107.66,JL. RANDUSARI V NO. 5,2287772530
SMP TEMASEK INDEPENDENT SCHOOL,-6.86806,107.5879,JL. SINDANG SIRNA NO. 8,222031381
SMP SEMI PALAR,-6.89118,107.5912,JL. SUKAMULYA NO. 77-79,2270173412
SMP EDU GLOBAL,-6.91818,107.6176,JL. KALIMANTAN NO. 7,227108377
SMP PELITA FAJAR,-6.9191,107.5883,JL. JENDERAL SUDIRMAN NO. 467,6001456
SMP BINA SARANA CENDEKIA,-6.89801,107.6365,JL. P.H.H MUSTOFA NO. 25,227234025
SMP HARAPAN KASIH,-6.9527,107.6039,JL. MEKAR KENCANA NO. 2A KOMPLEK MEKAR WANGI,81398000000
SMP BPK PENABUR BANDA,-6.91026,107.6269,JL. BANDA NO. 19,62224000000
SMP ISLAM AL-AZHAR 36,-6.9276,107.622,JL. PATUHA NO. 36,227333436
SMP NEGERI 55,-6.94057,107.5576,JL. BATU RENGAT RT. 04/01,8121454981
SMP NEGERI 56,-6.924,107.705,JL. PASANGGRAHAN IX RT.04/10,2263727844
SMP NEGERI 57,-6.93709,107.5534,JL. GEMPOL SARI NO. 142 RT.05/09,63001069
SMP AISYIYAH BOARDING SCHOOL,-6.93125,107.6369,JL. TERUSAN RANCAGOONG 2 NO. 1,227313774
SMP ALAM BANDUNG,-6.86683,107.6171,JL. CIKALAPA II NO. 4 KP. TANGGULAN DAGO POJOK,8157035310
SMP AL-KHULAFA,-6.91261,107.7084,JL. NEGLASENANG III NO. 3,227804040
SMP AL-IHSAN CIMENCRANG,-6.94479,107.706,CIMENCRANG CILAMETA NO. 13,2266737566
SMP SANTO YUSUP 2,-6.9148,107.6115,JL. JAWA NO. 2-6,2220522398
SMP BINTANG MADANI,-6.91302,107.6817,JL. TERUSAN PESANTREN NO. 102,227211124
SMP AR RAFI DRAJAT,-6.9405,107.6465,JL. SEKEJATI RAYA NO. 32,2273516938
SMP NEGERI 59,-6.90033,107.6657,JL. H. ABDUL HAMID NO. 66,227236166
SMP NEGERI 60,-6.9562,107.6145,JL. CIBURUY KAV. 59 MOCH TOHA,0
SMP NEGERI 61,-6.9032,107.648,JL. BABAKAN HAJI TAMIM NO.33,0
SMP NEGERI 62,-6.9298,107.6418,JL.KEBON GEDANG NO.82,0
SMP NEGERI 63,-6.8925,107.6256,KP. PASIRKALIKI BARAT RT 10 RW 15,0
SMP ISLAM TERPADU LUQMANUL HAKIM,-6.9291,107.6755,JL. CINGISED NO. 531,2263724820
SMP ISLAM TERPADU AL-IRSYAD,-6.894,107.6393,JL. CIKUTRA NO. 205A,7271966
SMP PLUS INTAN AL-SALI,-6.8993,107.7296,JL. PASANGGRAHAN INDAH NO. 15,2263744941
SMP EL FITRA,-6.94871,107.7063,JL. SEOKARNO HATTA NO. 4,87703000000
SMP AL KENZIE,-6.94228,107.6612,JL. KP. MARGAASIH - CIJAWURA,0
SMP INTELIGENSIA,-6.9213,107.7092,JL. A.H NASUTION NO. 242,85315000000
SMP BODHI SINAR TERANG,-6.91849,107.5869,JL. JENDERAL SUDIRMAN NO. 478-480,0
SMP BINA DHARMA 3,-6.8696,107.5925,JL GEGER KALONG HILIR NO. 18,222013882
SMP BANDUNG INSTITUT,-6.9123,107.7242,JL. MANGLAYANG I NO. 7,227802208
SMP ASSALAAM,-6.9269,107.6071,JL. SASAKGANTUNG NO. 12-14,224201351
SMP ANGKASA LANUD HUSEIN SASTRANEGARA,-6.9059,107.5899,JL. PAJAJARAN NO.151,6078929
SMP ISLAM AL WASLIYAH,-6.9361,107.6601,JL. KAWALUYAAN,227317593
SMP AL HUSAINIYYAH,-6.8803,107.6063,JL. BUKIT JARIAN NO. 29/165 D,2041235
SMP AL HASAN,-6.9345,107.7089,KOMPLEK BUMI PANYILEUKAN N2,227814755
SMP AL HADI BANDUNG,-6.9058,107.6718,JL. A.H.NASUTION NO.25,2263721574
SMP BINAHARAPAN,-6.9167,107.6844,GOLF SELATAN IV NO 5 PERUM BINA MARGA,227801920
SMP BPI 1,-6.92371,107.6194,JL. BURANGRANG NO.8 BANDUNG,227305735
SMP BPK PENABUR HOLIS,-6.9397,107.5646,KOMPLEKS TAMAN HOLIS INDAH BLOK A,226003636
SMP DEWI SARTIKA,-6.9255,107.605,JL. KAUTAMAAN ISTRI NO. 12,224231509
SMP DARUL HIKAM,-6.879,107.6164,JL. IR. H. JUANDA 285 A BANDUNG,2501375
SMP BUNGA BANGSA,-6.8676,107.6198,JL. DAGO BENGKOK NO. 3,2220455422
SMP BPPI BOJONG,-6.926,107.5711,JL. KAPUR RT 04 / RW 10 BOJONG RAYA,2220560221
SMP BPP,-6.9185,107.6177,JL. KARTINI NO. 10 BANDUNG,224207390
SMP AL FALAH,-6.8828,107.6132,JL. CISITU BARU NO.52,222530135
SMP ADVENT II BANDUNG,-6.885,107.6044,JL. DR. SETIABUDI NO. 1,2043220
SMP ADVENT CIMINDI,-6.9497,107.6031,JL. RAYA CIMINDI NO. 74,226010612
SMP ADVENT NARIPAN,-6.9186,107.6123,JL. NARIPAN NO. 91,224234027
SMP NEGERI 23,-6.91492,107.5896,JL. ARJUNA NO. 20-22,6011128
SMP NEGERI 12,-6.86594,107.5934,JL. DR. SETIABUDHI NO. 195,2013947
SMP NEGERI 11,-6.93478,107.6081,JL. H. SAMSUDIN NO.34,225200816
SMP NEGERI 10,-6.9291,107.606,JL. RD. DEWI SARTIKA NO.115,5210133
SMP NEGERI 1,-6.9117,107.5966,JL. KSATRIAAN NO.12,6011429
SMP YWKA,-6.9152,107.5763,JL. ELANG II NO. 2,226013492
SMP NEGERI 13,-6.9353,107.6228,JL. MUTIARA NO.15,227305062
SMP NEGERI 14,-6.9081,107.6304,JL. LAPANGAN SUPRATMAN NO. 8,227272064
SMP NEGERI 15,-6.87445,107.5956,JL. SETIABUDI NO. 89,222034914
SMP NEGERI 22,-6.9118,107.6339,JL. WR SUPRATMAN NO. 24 BANDUNG,227271182
SMP NEGERI 21,-6.94561,107.5802,JL. CARINGIN GG. LUMBUNG II,225402000
SMP NEGERI 20,-6.9195,107.6261,JL. CENTEH NO. 5,227302884
SMP NEGERI 2,-6.914,107.6141,JL. SUMATERA NO.42,224204155
SMP NEGERI 19,-6.8862,107.6222,JL. SADANG LUHUR XI,222500657
SMP NEGERI 18,-6.952,107.6418,JL. SMP NO 5-6 TERUSAN KIARACONDONG,7566331
SMP NEGERI 17,-6.9066,107.6726,JL. PACUAN KUDA ARCAMANIK,0
SMP NEGERI 16,-6.89945,107.6425,JL. PHH. MUSTOPA 53,227275281
SMP YPU,-6.9237,107.6288,JL. CUKANGJATI NO. 5 RT.02/05 GATOT SUBROTO,227306538
SMP YPKKP,-6.9274,107.5653,JL.CIJERAH NO. 230,6000383
SMP YPI,-6.9016,107.5952,JL. MUHAMAD NO. 17 BANDUNG,226070867
SMP TARUNA BAKTI,-6.9063,107.6234,JL. L.L.R.E. MARTADINATA NO. 52,224261468
SMP TAMANSISWA,-6.9288,107.6207,JL.TAMANSISWA NO.4 BANDUNG,227321628
SMP SWADAYA 2,-6.923,107.5888,JL. PAGARSIH GG. WD SASTRA,2286060854
SMP SWADAYA 1,-6.926,107.5889,JL PASIR KOJA NO.181,226124421
SMP SUMATERA 40,-6.9001,107.634,JL. PAHLAWAN NO.21,2270343696
SMP SANTO YUSUP,-6.9053,107.6619,JL. SULAKSANA BARU I NO. 18,7273633
SMP SANTO ALOYSIUS 2,-6.9606,107.64,JL. BATUNUNGGAL INDAH II NO. 30,227507418
SMP SANTO ALOYSIUS,-6.90541,107.6116,JL. SULTAN AGUNG NO. 4,224235568
SMP SANTA MARIA,-6.9139,107.6327,JL. JEND. AHMAD YANI NO. 273,7217382
SMP TRIYASA,-6.9121,107.7042,UJUNGBERUNG,227800422
SMP TULUS KARTIKA,-6.9484,107.6619,JL. YUPITER TENGAH 2 NO.1,227502480
SMP WARINGIN,-6.915,107.5995,JL. KEBONJATI NO. 209,226029715
SMP YP SEJATI,-6.9496,107.5883,JL. KOPO GG. PAKASIH NO.10,225405764
SMP YOS SUDARSO,-6.9289,107.6063,JLN. MOHAMAD TOHA NO. 19,225230723
SMP YAYASAN BUDI BAKTI,-6.9021,107.5879,JL. CITEPUS II NO. 3,2270425335
SMP YAYASAN ATIKAN SUNDA,-6.901,107.6472,JL. PANGHULU HAJI HASAN MUSTAPA NO. 115,227218108
SMP YAQIN,-6.896,107.5879,JL.DR.JUNJUNAN NO.3,226123877
SMP YAMI,-6.9509,107.6091,JL. KARASAK BARU NO.16,225222362
SMP WYATA DHARMA,-6.92,107.6209,JL. AHMAD YANI NO. 107 A,224261736
SMP SANTA ANGELA,-6.91277,107.6109,JL. MERDEKA NO. 24,224214715
SMP NEGERI 50,-6.90743,107.6973,JL. PASIRJATI NO. 12,227800874
SMP NEGERI 5,-6.9146,107.6141,JL. SUMATRA NO. 40,224207121
SMP NEGERI 49,-6.9074,107.6582,JL. ANTAPANI NO. 58 CICAHEUM,227275285
SMP NEGERI 48,-6.9663,107.6664,JL. BATURADEN VIII NO.19,7560480
SMP NEGERI 47,-6.8898,107.5587,JL. BUDI CILEMBER NO. 19 B,226652284
SMP NEGERI 46,-6.9156,107.7249,JL. CIGAGAK,227807214
SMP NEGERI 45,-6.92218,107.6602,JL. YOGYAKARTA ANTAPANI BANDUNG,227277721
SMP NEGERI 44,-6.9052,107.6201,JL. CIMANUK NO.1,224205409
SMP NEGERI 43,-6.92548,107.6068,JL. KAUTAMAAN ISTRI NO.31,224234863
SMP NEGERI 51,-6.9653,107.6803,JL.DERWATI,227563831
SMP NEGERI 52,-6.8607,107.6065,JL. BUKIT RAYA CIUMBULEUIT,222034769
SMP NEGERI 9,-6.9087,107.5969,JL. SEMAR NO. 5 BANDUNG,226014886
SMP NEGERI 8,-6.9125,107.7017,JL. ALUN-ALUN UTARA NO.211B UJUNGBERUNG,227800098
SMP NEGERI 7,-6.907,107.6185,JL. AMBON NO. 23,224233470
SMP NEGERI 6,-6.91854,107.6018,JL. H. YAKUB NO. 36,85880151
SMP NEGERI 42,-6.9575,107.6721,JL. MANJAHLEGA BANDUNG,227565864
SMP NEGERI 41,-6.9153,107.5903,JL. ARJUNA NO. 18,226123942
SMP NEGERI 40,-6.9055,107.6066,JL. WASTUKENCANA NO. 75 A,224239058
SMP NEGERI 3,-6.9292,107.6053,JL. RD. DEWI SARTIKA NO. 96,225207378
SMP NEGERI 29,-6.8603,107.5865,JL. GEGER ARUM NO. 11 A,222012579
SMP NEGERI 28,-6.9375,107.626,JL. SOLONTONGAN II BUAHBATU,227304544
SMP NEGERI 27,-6.9055,107.6346,JL. YUDHAWASTU PRAMUKA I,227101246
SMP NEGERI 26,-6.8827,107.5774,JL. SARIMANAH BLOK 23,2012277
SMP NEGERI 25,-6.9256,107.6009,JL. PAJAGALAN NO. 67,4265907
SMP NEGERI 24,-6.93643,107.5866,JL. SUKAMULYA NO.33,226015090
SMP NEGERI 30,-6.9406,107.6447,JL. SEKEJATI NO.23,227305150
SMP NEGERI 31,-6.9385,107.6405,JL. BINONG JATI NO. 139,227337017
SMP NEGERI 32,-6.9158,107.5904,JL ARJUNA NO 18 BANDUNG,226072410
SMP NEGERI 4,-6.921,107.6259,JL. SAMOJA NO. 5,7312394
SMP NEGERI 39,-6.9425,107.5688,JL. HOLIS NO.439,225406684
SMP NEGERI 37,-6.92625,107.656,JL. BABAKAN SARI KIARACONDONG BANDUNG,227101104
SMP NEGERI 36,-6.94223,107.5741,JL. CARINGIN,226078507
SMP NEGERI 35,-6.87443,107.6168,JL. DAGO POJOK NO. 12 BANDUNG,222505332
SMP NEGERI 34,-6.9504,107.6258,JL. WAAS SOEKARNO HATTA,7565790
SMP NEGERI 33,-6.9283,107.59,JL. BABAKAN TAROGONG,226035940
SMP SALMAN AL FARISI,-6.88301,107.6226,JL. TUBAGUS ISMAIL VIII NO. 42 A,222515962
SMP MUHAMMADIYAH 9,-6.9339,107.6799,JL. SUMBERSARI NO. 104,227835961
SMP LPPN,-6.9157,107.5855,KOTA BANDUNG,226040827
SMP LANGLANGBUANA 2,-6.9071,107.6761,JL. RUSBANDI SH (ASPOL),7208701
SMP LANGLANGBUANA 1,-6.896,107.6506,JL. TERUSAN CIMUNCANG NO.11,2220503150
SMP LABORATORIUM-PERCONTOHAN UPI,-6.8619,107.5917,JL. SENJAYAGURU KAMPUS UPI BANDUNG,222012805
SMP KIANSANTANG,-6.9163,107.5805,JL. JENDERAL SUDIRMAN NO. 330/77,2226024936
SMP KEMALA BHAYANGKARI,-6.9321,107.6219,JL. PALASARI NO. 46 BANDUNG,227312139
SMP KEMAH INDONESIA 4,-6.8874,107.625,JL. SADANG SERANG BLK NO. 2 RT 03/13,222510325
SMP KARYA PEMBANGUNAN 10,-6.9076,107.6882,JL. A.H.NASUTION NO.25A,227808267
SMP MAARIF,-6.9353,107.6355,JL.TRS. GALUNGGUNG NO 9,7333760
SMP MADYA,-6.9507,107.6395,JL. SEKELIMUS UTARA I NO.16,227566834
SMP MUHAMMADIYAH 8,-6.9179,107.6556,JL. KADIPATEN RAYA NO.4-6 ANTAPANI BANDUNG,227279057
SMP MUHAMMADIYAH 6,-6.8939,107.5922,JL. SUKAGALIH GG. H. GOJALI NO.134 RT 06 RW 07,222036179
SMP MUHAMMADIYAH 5,-6.9245,107.6553,JL. SARIWATES RAYA NO. 6,0
SMP MUHAMMADIYAH 4,-6.9121,107.5832,JL. ANDIR-RI WINATA BANDUNG,6040337
SMP MUHAMMADIYAH 3,-6.9025,107.6529,JL. PHH MUSTOPA NO. 90/209C,2220521520
SMP MUHAMMADIYAH 2,-6.8891,107.5586,JL. RAYA CILEMBER GG. BUNISUGIH BANDUNG,89647000000
SMP MUHAMMADIYAH 10,-6.9161,107.7043,JL. A.H.NASUTION NO.168 BANDUNG,2263749889
SMP MUHAMMADIYAH 1,-6.9328,107.6242,JL. BANTENG DALAM NO. 6 BANDUNG,227306216
SMP MIFTAHUL IMAN,-6.8546,107.5936,JL. DR. SETIABUDHI 179/171 A RT 05 RW 04,222010399
SMP KARTIKA X-1,-6.9291,107.6343,JLJEND.GATOT SUBROTO,227317512
SMP KARTIKA XIX-2,-6.8654,107.5881,JL. PAK GATOT RAYA NO. 73,222020411
SMP KARTIKA XIX-1,-6.913,107.6185,JL. BANGKA NO. 3,224231485
SMP KRISTEN 1 BINA BAKTI,-6.9123,107.5942,JL. BIMA 1-9,226074631
SMP ISTIQAMAH,-6.89613,107.6342,JL. PAHLAWAN NO.65,222507364
SMP INDONESIA RAYA,-6.8891,107.5809,PROF. SURIA SUMANTRI NO. 33 B,222012369
SMP IGNATIUS SLAMET RIYADI,-6.9372,107.6436,JL. H. IBRAHIM AJI GG. KEBON KANGKUNG X,227320834
SMP GUPPI,-6.9269,107.7025,JL. NEGLARASA NO.4 BANDUNG,227802949
SMP GUNA DHARMA,-6.9181,107.7066,"JL. A.H. NASUTION KM.11,70",227816827
SMP GEMA PANCASILA,-6.9048,107.7234,JL. SEKEMALA RT.02/11,82120000000
SMP GANTRA,-6.901,107.7046,JL. CINANGKA NO.131,87883536
SMP KRISTEN 1 BPK PENABUR,-6.9036,107.5973,JL. HOS TJOKROAMINOTO 157,226013181
SMP KRISTEN 2 BINA BAKTI,-6.9074,107.5979,JL. BIMA NO. 9,226018868
SMP KRISTEN 4 BPK PENABUR,-6.9258,107.6209,JL. GUNTUR NO.34,227334013
SMP KRISTEN YAHYA,-6.90539,107.6182,JL.LLRE MARTADINATA 71A-73,224231542
SMP KRISTEN TRIMULIA,-6.898,107.5889,JL. DR.DJUNJUNAN NO. 105,226037934
SMP KRISTEN REHOBOTH,-6.9251,107.606,JL. RD. DEWI SARTIKA NO.36-38,224224984
SMP KRISTEN PAULUS,-6.904,107.5994,JL. DR. RAJIMAN 11,224264803
SMP KRISTEN KALAM KUDUS,-6.9506,107.5985,JL. MEKAR PUSPITA NO. 53 - 55,2285240578
SMP KRISTEN HIDUP BARU,-6.8659,107.6059,JL. CIUMBULEUIT 160,2031739
SMP KRISTEN BPPK,-6.9069,107.5944,JL. PAJAJARAN 91 BANDUNG,226018693
SMP KRISTEN BAPTIS,-6.9039,107.6063,JL. WASTUKENCANA 40,224263904
SMP KRISTEN 5 BPK PENABUR,-6.9171,107.5778,JALAN JENDRAL SUDIRMAN 638,6018476
SMP GANESHA,-6.9361,107.6113,JL. MOHAMAD TOHA NO.84,225207330
SMP RAJAWALI,-6.9166,107.5843,JL. ANDIR NO. 117A/78,82115000000
SMP PGRI 2,-6.8613,107.6052,JL. CIUMBULEUIT NO 48 BANDUNG,2031676
SMP PGRI 1,-6.917,107.6261,JL. CENTEH NO.5,227306436
SMP PGII 2,-6.9004,107.6334,JL. PAHLAWAN BLK. NO. 17,2220511052
SMP PGII 1,-6.8981,107.6167,JL. PANATAYUDA NO. 2,222500604
SMP PERTIWI,-6.9027,107.615,JL. KEBON BIBIT NO. 16,222510433
SMP PELITA BANGSA,-6.8954,107.6355,JL. SOEKARNO HATTA NO.391,225201214
SMP PELITA,-6.897,107.6448,JL. SEKEJATI CIKUTRA,0
SMP PGRI 3,-6.91609,107.6353,JL. SUKABUMI DALAM NO. 4,87711000000
SMP PGRI 6,-6.8905,107.6237,JL. SADANG SERANG NO. 1 BANDUNG,222535723
SMP PGRI 5,-6.8783,107.5803,JL. SARIRASA BLOK IV NO. 100,0
SMP PLUS SINDANG RESMI,-6.9363,107.5673,JL. CICUKANG NO. 26,226074204
SMP PLUS AL GHIFARI,-6.922,107.6857,JL. INSPEKSI PENGAIRAN NO. 23 RT 04/03,227806223
SMP PGRI 10,-6.9111,107.6925,JL. A.H. NASUTION NO.15,227807127
SMP PGRI 9,-6.9408,107.6918,JL. GEDE BAGE NO. 17,0
SMP PGRI 4,-6.89083,107.5619,JL. GUNUNG BATU 30,2220562605
SMP PGRI 8,-6.9082,107.665,JL. SINDANGSARI I NO. 7,2263637366
SMP PGRI 7,-6.9593,107.6521,JL. KENCANAWANGI UTARA PANDANWANGI,227502478
SMP PASUNDAN 9,-6.9275,107.5854,JL. BABAKAN CIPARAY,226079366
SMP PASUNDAN 8,-6.8955,107.6421,JL. CIKUTRA NO.201,2287771816
SMP PASUNDAN 7,-6.9159,107.5694,JL. CIJERAH GG. PELITA NO. 11,6010026
SMP NUSANTARA RAYA,-6.9027,107.6574,JL. ANTAPANI NO.28,7277653
SMP NUSANTARA,-6.9418,107.5918,JL. KOPO NO.322,226010187
SMP NUGRAHA,-6.9513,107.6115,JL. PLN DALAM NO 4,5226701
SMP NASIONAL,-6.8921,107.6302,JL. SADANG SERANG NO.17,222504610
SMP MUTIARA 4,-6.9118,107.5702,JL. RAYA CIBEUREUM NO. 10,68606288
SMP MUTIARA 3,-6.9461,107.5793,JL. CARINGIN GG. LUMBUNG II NO. 19,225415229
SMP MUTIARA 1,-6.9079,107.5778,JL. MALEBER UTARA NO.37,2220567982
SMP MUSLIMIN 5,-6.9347,107.7183,JL. MANISI NO.2 BUNDERAN CIBIRU,0
SMP MUSLIMIN 3,-6.9244,107.6255,JL. LODAYA NO.38,89656000000
SMP PAHLAWAN TOHA,-6.9363,107.5922,JL. PETA (SUKAMULYA I),2220560736
SMP PAJAJARAN 1,-6.9066,107.577,JL. MALEBER UTARA NO.5 BANDUNG,0
SMP PANDU,-6.9054,107.5931,JL. PANDU NO. 6,226006539
SMP PASUNDAN 6,-6.9413,107.6298,JL. KLININGAN III NO. 11 A,2273517000
SMP PASUNDAN 5,-6.9426,107.5851,JL. BABAKAN CIPARAY BLK. NO 5,226122508
SMP PASUNDAN 4,-6.9166,107.6009,JL. KEBONJATI NO. 31 BANDUNG,224238548
SMP PASUNDAN 3,-6.8909,107.6035,JL. BAPAK HUSEN BLK. NO. 4 (DEPAN RS ADVENT),2033542
SMP PASUNDAN 2,-6.9242,107.6079,JL. PASUNDAN NO.32,224201328
SMP PASUNDAN 12,-6.8797,107.5768,JL. SARIRASA NO. 130/04 RT.04/04,2005092
SMP PASUNDAN 10,-6.8788,107.579,JL. SARIRASA NO. 130 RT.04/RW.04 SARIJADI,81313000000
SMP PASUNDAN 1,-6.9242,107.608,JL. PASUNDAN NO.32,224203383
SMP SANTA URSULA,-6.9129,107.6283,JL. TAMAN ANGGREK NO. 1,227274584
SMP SEBELAS MARET,-6.9456,107.6128,JL. DENKI SELATAN V NO. 38,225227683
SMP NEGERI 38,-6.95753,107.5913,JL. BOROBUDUR CIBADUYUT RT 03 RW 04,0
SMP BINA DHARMA 2,6.9275,107.6504,JL. BABAKAN SARI 1 NO. 131,227272862
SMP VIJAYA KUSUMA,-6.9407,107.6506,JALAN MANDALA NO. 59 BANDUNG,227318626
SMP JENDERAL SUDIRMAN,-6.9329,107.592,JL. BABAKAN TAROGONG 119,226125782
SMP KRISTEN GAMALIEL,-6.9196,107.6027,JL. JENDERAL SUDIRMAN NO. 205-207,226003553
SMP PLUS BAITURRAHMAN,-6.9155,107.7061,JL. PROF. KHM SYADELY HASAN NO.44 NAGROG UJUNG BERUNG,2263737140
SMP MUTIARA BUNDA,-6.9091,107.6695,JL. PADANG GOLF NO. 11 ARCAMANIK,227204643
SMP GRACIA,-6.9222,107.6066,JL. CIBADAK GG. SEREH NO. 26,226014810
SMP BINTANG MULIA,-6.9543,107.602,JL. RADEN RANGGA KENCANA NO.1,5233892
SMP KRISTEN BALA KESELAMATAN,-6.9167,107.5982,JL. GARDUJATI NO. 89,226013297
SMP ISLAM CENDEKIA MUDA,-6.9213,107.6756,JL PURI AYU PRATAMA NO 17 ARCAMANIK,82121000000
SMP BUDI ISTRI,-6.9302,107.6193,JL.SANCANG NO.4 BANDUNG,227312428
SMP DAARUL QURAN,-6.8505,107.6038,JL. NAGROG NO. 85 KAMP. CIWARU,2263728585
SMP BAHTERA,-6.9213,107.6714,JL. ARCAMANIK ENDAH NO. 107,2287241065
SMP ALFA CENTAURI,-6.9276,107.6234,JL. PALASARI NO. 9,227310894
SMP TUNAS UNGGUL,-6.9029,107.6762,JL. PASIR IMPUN NO. 94,2287789420
SMP AL ISLAM,-6.9096,107.7232,JL.CILENGKRANG I RT.05/RW.06,0
SMP AL BIRUNI CERDAS MULIA,-6.9404,107.7113,JL. TERUSAN PANYILEUKAN NO. 11 SOEKARNO HATTA,87820566
SMP THARIIQUL JANNAH,-6.9278,107.6909,JL CISARANTEN WETAN 1 NO 138,85282000000
SMP HIKMAH TELADAN,-6.88946,107.558,JL. RAYA CILEMBER BLK NO. 286,226613496
SMP PGRI 11,-6.9023,107.6426,JL. CIKUTRA NO.15,82115000000
SMP MUHAMMADIYAH 7,-6.9406,107.6038,JL. LEUWI PANJANG GG. KEBON KALAPA NO.24,225233404
SMP JUARA BANDUNG,-6.9386,107.7105,KOMP. TAMAN CIPADUNG INDAH RT 06/01,2279570657
SMP PLUS TEMARA ILMU,-6.9426,107.7124,JL. TERUSAN PANYILEUKAN BLOK LEMBANG BULEUD GANG PESANTREN,2279160707
SMP YUDHISTIRA,-6.9584,107.5915,"JL, CIBADUYUT GG. KOPSI NO. 60",225422740
SMP SETIA BHAKTI,-6.9572,107.6753,JL.KAWALUYAAN NO. 12 SOEKARNO HATTA,2287793056
SMP NEGERI 53,-6.8992,107.6808,JL. ARCAMANIK NO 10 SINDANGLAYA,227812698
SMP CITRA CEMARA,-6.9192,107.5733,JL. SOEKARNO HATTA NO 22,226032757
SMP NEGERI 54,-6.95814,107.7065,JL. RAYA UTSMAN BIN AFFAN,0
SMP DAARUT TAUHIID BOARDING SCHOOL,-6.8625,107.5911,JL. GEGERKALONG GIRANG BARU NO.11 BANDUNG 40154,222003019
SMP TAHFIZHUL QURAN AMANAH UMMAH,-6.9138,107.6841,JL. CICUKANG NO. 54 RT. 01 RW 09,63724730
SMP SURYA KENCANA BHAKTI,-6.92256,107.6769,JL. CINGISED BLK PEMDA I,0
SMP KUNTUM CEMERLANG,-6.86934,107.6164,JL. CIPAKU INDAH XI NO. 2,222005667
SMP KRISTEN BPK PENABUR SINGGASANA,-6.9536,107.5989,JL. INDRA PRAHASTA TIMUR NO. 2,225436322
SMP NURUL HIDAYAH,-6.9266,107.66,JL. RANDUSARI V NO. 5,2287772530
SMP TEMASEK INDEPENDENT SCHOOL,-6.86806,107.5879,JL. SINDANG SIRNA NO. 8,222031381
SMP SEMI PALAR,-6.89118,107.5912,JL. SUKAMULYA NO. 77-79,2270173412
SMP EDU GLOBAL,-6.91818,107.6176,JL. KALIMANTAN NO. 7,227108377
SMP PELITA FAJAR,-6.9191,107.5883,JL. JENDERAL SUDIRMAN NO. 467,6001456
SMP BINA SARANA CENDEKIA,-6.89801,107.6365,JL. P.H.H MUSTOFA NO. 25,227234025
SMP HARAPAN KASIH,-6.9527,107.6039,JL. MEKAR KENCANA NO. 2A KOMPLEK MEKAR WANGI,81398000000
SMP BPK PENABUR BANDA,-6.91026,107.6269,JL. BANDA NO. 19,62224000000
SMP ISLAM AL-AZHAR 36,-6.9276,107.622,JL. PATUHA NO. 36,227333436
SMP NEGERI 55,-6.94057,107.5576,JL. BATU RENGAT RT. 04/01,8121454981
SMP NEGERI 56,-6.924,107.705,JL. PASANGGRAHAN IX RT.04/10,2263727844
SMP NEGERI 57,-6.93709,107.5534,JL. GEMPOL SARI NO. 142 RT.05/09,63001069
SMP AISYIYAH BOARDING SCHOOL,-6.93125,107.6369,JL. TERUSAN RANCAGOONG 2 NO. 1,227313774
SMP ALAM BANDUNG,-6.86683,107.6171,JL. CIKALAPA II NO. 4 KP. TANGGULAN DAGO POJOK,8157035310
SMP AL-KHULAFA,-6.91261,107.7084,JL. NEGLASENANG III NO. 3,227804040
SMP AL-IHSAN CIMENCRANG,-6.94479,107.706,CIMENCRANG CILAMETA NO. 13,2266737566
SMP SANTO YUSUP 2,-6.9148,107.6115,JL. JAWA NO. 2-6,2220522398
SMP BINTANG MADANI,-6.91302,107.6817,JL. TERUSAN PESANTREN NO. 102,227211124
SMP AR RAFI DRAJAT,-6.9405,107.6465,JL. SEKEJATI RAYA NO. 32,2273516938
SMP NEGERI 59,-6.90033,107.6657,JL. H. ABDUL HAMID NO. 66,227236166
SMP NEGERI 60,-6.9562,107.6145,JL. CIBURUY KAV. 59 MOCH TOHA,0
SMP NEGERI 61,-6.9032,107.648,JL. BABAKAN HAJI TAMIM NO.33,0
SMP NEGERI 62,-6.9298,107.6418,JL.KEBON GEDANG NO.82,0
SMP NEGERI 63,-6.8925,107.6256,KP. PASIRKALIKI BARAT RT 10 RW 15,0
SMP ISLAM TERPADU LUQMANUL HAKIM,-6.9291,107.6755,JL. CINGISED NO. 531,2263724820
SMP ISLAM TERPADU AL-IRSYAD,-6.894,107.6393,JL. CIKUTRA NO. 205A,7271966
SMP PLUS INTAN AL-SALI,-6.8993,107.7296,JL. PASANGGRAHAN INDAH NO. 15,2263744941
SMP EL FITRA,-6.94871,107.7063,JL. SEOKARNO HATTA NO. 4,87703000000
SMP AL KENZIE,-6.94228,107.6612,JL. KP. MARGAASIH - CIJAWURA,0
SMP INTELIGENSIA,-6.9213,107.7092,JL. A.H NASUTION NO. 242,85315000000
SMP BODHI SINAR TERANG,-6.91849,107.5869,JL. JENDERAL SUDIRMAN NO. 478-480,0
SMP BINA DHARMA 3,-6.8696,107.5925,JL. GEGER KALONG HILIR NO. 18,222013882
SMP BANDUNG INSTITUT,-6.9123,107.7242,JL. MANGLAYANG I NO. 7,227802208
SMP ASSALAAM,-6.9269,107.6071,JL. SASAKGANTUNG NO. 12-14,224201351
SMP ANGKASA LANUD HUSEIN SASTRANEGARA,-6.9059,107.5899,JL. PAJAJARAN NO.151,6078929
SMP ISLAM AL WASLIYAH,-6.9361,107.6601,JL. KAWALUYAAN,227317593
SMP AL HUSAINIYYAH,-6.8803,107.6063,JL. BUKIT JARIAN NO. 29/165 D,2041235
SMP AL HASAN,-6.9345,107.7089,KOMPLEK BUMI PANYILEUKAN N2,227814755
SMP AL HADI BANDUNG,-6.9058,107.6718,JL. A.H.NASUTION NO.25,2263721574
SMP BINAHARAPAN,-6.9167,107.6844,GOLF SELATAN IV NO 5 PERUM BINA MARGA,227801920
SMP BPI 1,-6.92371,107.6194,JL. BURANGRANG NO.8 BANDUNG,227305735
SMP BPK PENABUR HOLIS,-6.9397,107.5646,KOMPLEKS TAMAN HOLIS INDAH BLOK A,226003636
SMP DEWI SARTIKA,-6.9255,107.605,JL. KAUTAMAAN ISTRI NO. 12,224231509
SMP DARUL HIKAM,-6.879,107.6164,JL. IR. H. JUANDA 285 A BANDUNG,2501375
SMP BUNGA BANGSA,-6.8676,107.6198,JL. DAGO BENGKOK NO. 3,2220455422
SMP BPPI BOJONG,-6.926,107.5711,JL. KAPUR RT 04 / RW 10 BOJONG RAYA,2220560221
SMP BPP,-6.9185,107.6177,JL. KARTINI NO. 10 BANDUNG,224207390
SMP AL FALAH,-6.8828,107.6132,JL. CISITU BARU NO.52,222530135
SMP ADVENT II BANDUNG,-6.885,107.6044,JL. DR. SETIABUDI NO. 1,2043220
SMP ADVENT CIMINDI,-6.9497,107.6031,JL. RAYA CIMINDI NO. 74,226010612
SMP ADVENT NARIPAN,-6.9186,107.6123,JL. NARIPAN NO. 91,224234027
SMP NEGERI 23,-6.91492,107.5896,JL. ARJUNA NO. 20-22,6011128
SMP NEGERI 12,-6.86594,107.5934,JL. DR. SETIABUDHI NO. 195,2013947
SMP NEGERI 11,-6.93478,107.6081,JL. H. SAMSUDIN NO.34,225200816
SMP NEGERI 10,-6.9291,107.606,JL. RD. DEWI SARTIKA NO.115,5210133
SMP NEGERI 1,-6.9117,107.5966,JL.KSATRIAAN NO.12,6011429
SMP YWKA,-6.9152,107.5763,JL. ELANG II NO. 2,226013492
SMP NEGERI 13,-6.9353,107.6228,JL. MUTIARA NO.15,227305062
SMP NEGERI 14,-6.9081,107.6304,JL. LAPANGAN SUPRATMAN NO. 8,227272064
SMP NEGERI 15,-6.87445,107.5956,JL. SETIABUDI NO. 89,222034914
SMP NEGERI 22,-6.9118,107.6339,JL. WR SUPRATMAN NO. 24 BANDUNG,227271182
SMP NEGERI 21,-6.94561,107.5802,JL. CARINGIN GG. LUMBUNG II,225402000
SMP NEGERI 20,-6.9195,107.6261,JL. CENTEH NO. 5,227302884
SMP NEGERI 2,-6.914,107.6141,JL. SUMATERA NO.42,224204155
SMP NEGERI 19,-6.8862,107.6222,JL. SADANG LUHUR XI,222500657
SMP NEGERI 18,-6.952,107.6418,JL. SMP NO 5-6 TERUSAN KIARACONDONG,7566331
SMP NEGERI 17,-6.9066,107.6726,JL. PACUAN KUDA ARCAMANIK,0
SMP NEGERI 16,-6.89945,107.6425,JL. PHH. MUSTOPA 53,227275281
SMP YPU,-6.9237,107.6288,JL. CUKANGJATI NO. 5 RT.02/05 GATOT SUBROTO,227306538
SMP YPKKP,-6.9274,107.5653,JL.CIJERAH NO. 230,6000383
SMP YPI,-6.9016,107.5952,JL. MUHAMAD NO. 17 BANDUNG,226070867
SMP TARUNA BAKTI,-6.9063,107.6234,JLN. L.L.R.E. MARTADINATA NO. 52,224261468
SMP TAMANSISWA,-6.9288,107.6207,JL.TAMANSISWA NO.4 BANDUNG,227321628
SMP SWADAYA 2,-6.923,107.5888,JL. PAGARSIH GG. WD SASTRA,2286060854
SMP SWADAYA 1,-6.926,107.5889,JL PASIR KOJA NO.181,226124421
SMP SUMATERA 40,-6.9001,107.634,JL. PAHLAWAN NO.21,2270343696
SMP SANTO YUSUP,-6.9053,107.6619,JL. SULAKSANA BARU I NO. 18,7273633
SMP SANTO ALOYSIUS 2,-6.9606,107.64,JL. BATUNUNGGAL INDAH II NO. 30,227507418
SMP SANTO ALOYSIUS,-6.90541,107.6116,JL. SULTAN AGUNG NO. 4,224235568
SMP SANTA MARIA,-6.9139,107.6327,JL. JEND. AHMAD YANI NO. 273,7217382
SMP TRIYASA,-6.9121,107.7042,UJUNGBERUNG,227800422
SMP TULUS KARTIKA,-6.9484,107.6619,JL. YUPITER TENGAH 2 NO.1,227502480
SMP WARINGIN,-6.915,107.5995,JL. KEBONJATI NO. 209,226029715
SMP YOS SUDARSO,-6.9289,107.6063,JL. MOHAMAD TOHA NO. 19,225230723
SMP YAYASAN BUDI BAKTI,-6.9021,107.5879,JL. CITEPUS II NO. 3,2270425335
SMP YAYASAN ATIKAN SUNDA,-6.901,107.6472,JL. PANGHULU HAJI HASAN MUSTAPA NO. 115,227218108
SMP YAQIN,-6.896,107.5879,JL.DR.JUNJUNAN NO.3,226123877
SMP YAMI,-6.9509,107.6091,JL. KARASAK BARU NO.16,225222362
SMP WYATA DHARMA,-6.92,107.6209,JL. AHMAD YANI NO. 107 A,224261736
SMP SANTA ANGELA,-6.91277,107.6109,JL. MERDEKA NO. 24,224214715
SMP NEGERI 50,-6.90743,107.6973,JL. PASIRJATI NO. 12,227800874
SMP NEGERI 5,-6.9146,107.6141,JL. SUMATRA NO. 40,224207121
SMP NEGERI 49,-6.9074,107.6582,JL. ANTAPANI NO. 58 CICAHEUM,227275285
SMP NEGERI 48,-6.9663,107.6664,JL. BATURADEN VIII NO.19,7560480
SMP NEGERI 47,-6.8898,107.5587,JL. BUDI CILEMBER NO. 19 B,226652284
SMP NEGERI 46,-6.9156,107.7249,JL. CIGAGAK,227807214
SMP NEGERI 45,-6.92218,107.6602,JL. YOGYAKARTA ANTAPANI BANDUNG,227277721
SMP NEGERI 44,-6.9052,107.6201,JL. CIMANUK NO.1,224205409
SMP NEGERI 43,-6.92548,107.6068,JL. KAUTAMAAN ISTRI NO.31,224234863
SMP NEGERI 51,-6.9653,107.6803,JL.DERWATI,227563831
SMP NEGERI 52,-6.8607,107.6065,JL. BUKIT RAYA CIUMBULEUIT,222034769
SMP NEGERI 9,-6.9087,107.5969,JL. SEMAR NO. 5 BANDUNG,226014886
SMP NEGERI 8,-6.9125,107.7017,JL. ALUN-ALUN UTARA NO.211B UJUNGBERUNG,227800098
SMP NEGERI 7,-6.907,107.6185,JL. AMBON NO. 23,224233470
SMP NEGERI 6,-6.91854,107.6018,JL. H. YAKUB NO. 36,85880151
SMP NEGERI 42,-6.9575,107.6721,JL. MANJAHLEGA BANDUNG,227565864
SMP NEGERI 41,-6.9153,107.5903,JL. ARJUNA NO. 18,226123942
SMP NEGERI 40,-6.9055,107.6066,JL. WASTUKENCANA NO. 75 A,224239058
SMP NEGERI 3,-6.9292,107.6053,JL. RD. DEWI SARTIKA NO. 96,225207378
SMP NEGERI 29,-6.8603,107.5865,JL. GEGER ARUM NO. 11 A,222012579
SMP NEGERI 28,-6.9375,107.626,JL. SOLONTONGAN II BUAHBATU,227304544
SMP NEGERI 27,-6.9055,107.6346,JL. YUDHAWASTU PRAMUKA I,227101246
SMP NEGERI 26,-6.8827,107.5774,JL. SARIMANAH BLOK 23,2012277
SMP NEGERI 25,-6.9256,107.6009,JL. PAJAGALAN NO. 67,4265907
SMP NEGERI 24,-6.93643,107.5866,JL. SUKAMULYA NO.33,226015090
SMP NEGERI 30,-6.9406,107.6447,JL. SEKEJATI NO.23,227305150
SMP NEGERI 31,-6.9385,107.6405,JL. BINONG JATI NO. 139,227337017
SMP NEGERI 32,-6.9158,107.5904,JL ARJUNA NO 18 BANDUNG,226072410
SMP NEGERI 4,-6.921,107.6259,JL. SAMOJA NO. 5,7312394
SMP NEGERI 39,-6.9425,107.5688,JL. HOLIS NO.439,225406684
SMP NEGERI 37,-6.92625,107.656,JL. BABAKAN SARI KIARACONDONG BANDUNG,227101104
SMP NEGERI 36,-6.94223,107.5741,JL. CARINGIN,226078507
SMP NEGERI 35,-6.87443,107.6168,JL. DAGO POJOK NO. 12 BANDUNG,222505332
SMP NEGERI 34,-6.9504,107.6258,JL. WAAS SOEKARNO HATTA,7565790
SMP NEGERI 33,-6.9283,107.59,JL. BABAKAN TAROGONG,226035940
SMP SALMAN AL FARISI,-6.88301,107.6226,JL. TUBAGUS ISMAIL VIII NO. 42 A,222515962
SMP MUHAMMADIYAH 9,-6.9339,107.6799,JL. SUMBERSARI NO. 104,227835961
SMP LPPN,-6.9157,107.5855,KOTA BANDUNG,226040827
SMP LANGLANGBUANA 2,-6.9071,107.6761,JL. RUSBANDI SH (ASPOL),7208701
SMP LANGLANGBUANA 1,-6.896,107.6506,JL. TERUSAN CIMUNCANG NO.11,2220503150
SMP LABORATORIUM-PERCONTOHAN UPI,-6.8619,107.5917,JL. SENJAYAGURU KAMPUS UPI BANDUNG,222012805
SMP KIANSANTANG,-6.9163,107.5805,JL. JENDERAL SUDIRMAN NO. 330/77,2226024936
SMP KEMALA BHAYANGKARI,-6.9321,107.6219,JL. PALASARI NO. 46 BANDUNG,227312139
SMP KEMAH INDONESIA 4,-6.8874,107.625,JL. SADANG SERANG BLK NO. 2 RT 03/13,222510325
SMP KARYA PEMBANGUNAN 10,-6.9076,107.6882,JL. A.H.NASUTION NO.25A,227808267
SMP MAARIF,-6.9353,107.6355,JL.TRS. GALUNGGUNG NO 9,7333760
SMP MADYA,-6.9507,107.6395,JL. SEKELIMUS UTARA I NO.16,227566834
SMP MUHAMMADIYAH 8,-6.9179,107.6556,JL. KADIPATEN RAYA NO.4-6 ANTAPANI BANDUNG,227279057
SMP MUHAMMADIYAH 6,-6.8939,107.5922,JL. SUKAGALIH GG. H. GOJALI NO.134 RT 06 RW 07,222036179
SMP MUHAMMADIYAH 5,-6.9245,107.6553,JL. SARIWATES RAYA NO. 6,0
SMP MUHAMMADIYAH 4,-6.9121,107.5832,JL. ANDIR-RI WINATA BANDUNG,6040337
SMP MUHAMMADIYAH 3,-6.9025,107.6529,JL. PHH MUSTOPA NO. 90/209C,2220521520
SMP MUHAMMADIYAH 2,-6.8891,107.5586,JL. RAYA CILEMBER GG. BUNISUGIH BANDUNG,89647000000
SMP MUHAMMADIYAH 10,-6.9161,107.7043,JL. A.H.NASUTION NO.168 BANDUNG,2263749889
SMP MUHAMMADIYAH 1,-6.9328,107.6242,JL. BANTENG DALAM NO. 6 BANDUNG,227306216
SMP MIFTAHUL IMAN,-6.8546,107.5936,JL. DR. SETIABUDHI 179/171 A RT 05 RW 04,222010399
SMP KARTIKA X-1,-6.9291,107.6343,JL. JEND.GATOT SUBROTO,227317512
SMP KARTIKA XIX-2,-6.8654,107.5881,JL. PAK GATOT RAYA NO. 73,222020411
SMP KARTIKA XIX-1,-6.913,107.6185,JL. BANGKA NO. 3,224231485
SMP KRISTEN 1 BINA BAKTI,-6.9123,107.5942,JL. BIMA 1-9,226074631
SMP ISTIQAMAH,-6.89613,107.6342,JL. PAHLAWAN NO.65,222507364
SMP INDONESIA RAYA,-6.8891,107.5809,PROF. SURIA SUMANTRI NO. 33 B,222012369
SMP IGNATIUS SLAMET RIYADI,-6.9372,107.6436,JL. H. IBRAHIM AJI GG. KEBON KANGKUNG X,227320834
SMP GUPPI,-6.9269,107.7025,JL. NEGLARASA NO.4 BANDUNG,227802949
SMP GUNA DHARMA,-6.9181,107.7066,"JL. A.H. NASUTION KM.11,70",227816827
SMP GEMA PANCASILA,-6.9048,107.7234,JL. SEKEMALA RT.02/11,82120000000
SMP GANTRA,-6.901,107.7046,JL. CINANGKA NO.131,87883536
SMP KRISTEN 1 BPK PENABUR,-6.9036,107.5973,JL. HOS TJOKROAMINOTO 157,226013181
SMP KRISTEN 2 BINA BAKTI,-6.9074,107.5979,JL. BIMA NO. 9,226018868
SMP KRISTEN 4 BPK PENABUR,-6.9258,107.6209,JL. GUNTUR NO.34,227334013
SMP KRISTEN YAHYA,-6.90539,107.6182,JL.LL.RE MARTADINATA 71A-73,224231542
SMP KRISTEN TRIMULIA,-6.898,107.5889,JL. DR.DJUNJUNAN NO. 105,226037934
SMP KRISTEN REHOBOTH,-6.9251,107.606,JL. RD. DEWI SARTIKA NO.36-38,224224984
SMP KRISTEN PAULUS,-6.904,107.5994,JL. DR. RAJIMAN 11,224264803
SMP KRISTEN KALAM KUDUS,-6.9506,107.5985,JL. MEKAR PUSPITA NO. 53 - 55,2285240578
SMP KRISTEN HIDUP BARU,-6.8659,107.6059,JL. CIUMBULEUIT 160,2031739
SMP KRISTEN BPPK,-6.9069,107.5944,JL. PAJAJARAN 91 BANDUNG,226018693
SMP KRISTEN BAPTIS,-6.9039,107.6063,JL. WASTUKENCANA 40,224263904
SMP KRISTEN 5 BPK PENABUR,-6.9171,107.5778,JL. JENDRAL SUDIRMAN 638,6018476
SMP GANESHA,-6.9361,107.6113,JL. MOHAMAD TOHA NO.84,225207330
SMP RAJAWALI,-6.9166,107.5843,JL. ANDIR NO. 117A/78,82115000000
SMP PGRI 2,-6.8613,107.6052,JL. CIUMBULEUIT NO 48 BANDUNG,2031676
SMP PGRI 1,-6.917,107.6261,JL. CENTEH NO.5,227306436
SMP PGII 2,-6.9004,107.6334,JL. PAHLAWAN BLK. NO. 17,2220511052
SMP PGII 1,-6.8981,107.6167,JL. PANATAYUDA NO. 2,222500604
SMP PERTIWI,-6.9027,107.615,JL. KEBON BIBIT NO. 16,222510433
SMP PELITA BANGSA,-6.8954,107.6355,JL. SOEKARNO HATTA NO.391,225201214
SMP PELITA,-6.897,107.6448,JL. SEKEJATI CIKUTRA,0
SMP PGRI 3,-6.91609,107.6353,JL. SUKABUMI DALAM NO. 4,87711000000
SMP PGRI 6,-6.8905,107.6237,JL. SADANG SERANG NO. 1 BANDUNG,222535723
SMP PGRI 5,-6.8783,107.5803,JL. SARIRASA BLOK IV NO. 100,0
SMP PLUS SINDANG RESMI,-6.9363,107.5673,JL. CICUKANG NO. 26,226074204
SMP PLUS AL GHIFARI,-6.922,107.6857,JL. INSPEKSI PENGAIRAN NO. 23 RT 04/03,227806223
SMP PGRI 10,-6.9111,107.6925,JL. A.H. NASUTION NO.15,227807127
SMP PGRI 9,-6.9408,107.6918,JL. GEDE BAGE NO. 17,0
SMP PGRI 4,-6.89083,107.5619,JL. GUNUNG BATU 30,2220562605
SMP PGRI 8,-6.9082,107.665,JL. SINDANGSARI I NO. 7,2263637366
SMP PGRI 7,-6.9593,107.6521,JL. KENCANAWANGI UTARA PANDANWANGI,227502478
SMP PASUNDAN 9,-6.9275,107.5854,JL. BABAKAN CIPARAY,226079366
SMP PASUNDAN 8,-6.8955,107.6421,JL. CIKUTRA NO.201,2287771816
SMP PASUNDAN 7,-6.9159,107.5694,JL. CIJERAH GG. PELITA NO. 11,6010026
SMP NUSANTARA RAYA,-6.9027,107.6574,JL. ANTAPANI NO.28,7277653
SMP NUSANTARA,-6.9418,107.5918,JL. KOPO NO.322,226010187
SMP NUGRAHA,-6.9513,107.6115,JL. PLN DALAM NO 4,5226701
SMP NASIONAL,-6.8921,107.6302,JL. SADANG SERANG NO.17,222504610
SMP MUTIARA 4,-6.9118,107.5702,JL. RAYA CIBEUREUM NO. 10,68606288
SMP MUTIARA 3,-6.9461,107.5793,JL. CARINGIN GG. LUMBUNG II NO. 19,225415229
SMP MUTIARA 1,-6.9079,107.5778,JL. MALEBER UTARA NO.37,2220567982
SMP MUSLIMIN 5,-6.9347,107.7183,JL. MANISI NO.2 BUNDERAN CIBIRU,0
SMP MUSLIMIN 3,-6.9244,107.6255,JL. LODAYA NO.38,89656000000
SMP PAHLAWAN TOHA,-6.9363,107.5922,JL. PETA (SUKAMULYA I),2220560736
SMP PAJAJARAN 1,-6.9066,107.577,JL. MALEBER UTARA NO.5 BANDUNG,0
SMP PANDU,-6.9054,107.5931,JL. PANDU NO. 6,226006539
SMP PASUNDAN 6,-6.9413,107.6298,JL. KLININGAN III NO. 11 A,2273517000
SMP PASUNDAN 5,-6.9426,107.5851,JL. BABAKAN CIPARAY BLK. NO 5,226122508
SMP PASUNDAN 4,-6.9166,107.6009,JL. KEBONJATI NO. 31 BANDUNG,224238548
SMP PASUNDAN 3,-6.8909,107.6035,JL. BAPAK HUSEN BLK. NO. 4 (DEPAN RS ADVENT),2033542
SMP PASUNDAN 2,-6.9242,107.6079,JL. PASUNDAN NO.32,224201328
SMP PASUNDAN 12,-6.8797,107.5768,JL. SARIRASA NO. 130/04 RT.04/04,2005092
SMP PASUNDAN 10,-6.8788,107.579,JL. SARIRASA NO. 130 RT.04/RW.04 SARIJADI,81313000000
SMP PASUNDAN 1,-6.9242,107.608,JL. PASUNDAN NO.32,224203383
SMP SANTA URSULA,-6.9129,107.6283,JL. TAMAN ANGGREK NO. 1,227274584
SMP SEBELAS MARET,-6.9456,107.6128,JL. DENKI SELATAN V NO. 38,225227683
SMP NEGERI 38,-6.95753,107.5913,JL. BOROBUDUR CIBADUYUT RT 03 RW 04,0
SMP BINA DHARMA 2,6.9275,107.6504,JL. BABAKAN SARI 1 NO. 131,227272862
SMP VIJAYA KUSUMA,-6.9407,107.6506,JL. MANDALA NO. 59 BANDUNG,227318626
SMP JENDERAL SUDIRMAN,-6.9329,107.592,JL. BABAKAN TAROGONG 119,226125782
SMP KRISTEN GAMALIEL,-6.9196,107.6027,JL. JENDERAL SUDIRMAN NO. 205-207,226003553
SMP PLUS BAITURRAHMAN,-6.9155,107.7061,JL. PROF. KHM SYADELY HASAN NO.44 NAGROG UJUNG BERUNG,2263737140
SMP MUTIARA BUNDA,-6.9091,107.6695,JL. PADANG GOLF NO. 11 ARCAMANIK,227204643
SMP GRACIA,-6.9222,107.6066,JL. CIBADAK GG. SEREH NO. 26,226014810
SMP BINTANG MULIA,-6.9543,107.602,JL. RADEN RANGGA KENCANA NO.1,5233892
SMP KRISTEN BALA KESELAMATAN,-6.9167,107.5982,JL. GARDUJATI NO. 89,226013297
SMP ISLAM CENDEKIA MUDA,-6.9213,107.6756,JL. PURI AYU PRATAMA NO 17 ARCAMANIK,82121000000
SMP BUDI ISTRI,-6.9302,107.6193,JL. SANCANG NO.4 BANDUNG,227312428
SMP DAARUL QURAN,-6.8505,107.6038,JL. NAGROG NO. 85 KAMP. CIWARU,2263728585
SMP BAHTERA,-6.9213,107.6714,JL. ARCAMANIK ENDAH NO. 107,2287241065
SMP ALFA CENTAURI,-6.9276,107.6234,JL. PALASARI NO. 9,227310894
SMP TUNAS UNGGUL,-6.9029,107.6762,JL. PASIR IMPUN NO. 94,2287789420
SMP AL ISLAM,-6.9096,107.7232,JL.CILENGKRANG I RT.05/RW.06,0
SMP AL BIRUNI CERDAS MULIA,-6.9404,107.7113,JL. TERUSAN PANYILEUKAN NO. 11 SOEKARNO HATTA,87820566
SMP THARIIQUL JANNAH,-6.9278,107.6909,JL. CISARANTEN WETAN 1 NO 138,85282000000
SMP HIKMAH TELADAN,-6.88946,107.558,JL. RAYA CILEMBER BLK NO. 286,226613496
SMP PGRI 11,-6.9023,107.6426,JL. CIKUTRA NO.15,82115000000
SMP MUHAMMADIYAH 7,-6.9406,107.6038,JL. LEUWI PANJANG GG. KEBON KALAPA NO.24,225233404
SMP JUARA BANDUNG,-6.9386,107.7105,KOMP. TAMAN CIPADUNG INDAH RT 06/01,2279570657
SMP PLUS TEMARA ILMU,-6.9426,107.7124,JL. TERUSAN PANYILEUKAN BLOK LEMBANG BULEUD GANG PESANTREN,2279160707
SMP YUDHISTIRA,-6.9584,107.5915,JL. CIBADUYUT GG. KOPSI NO. 60,225422740
SMP SETIA BHAKTI,-6.9572,107.6753,JL. KAWALUYAAN NO. 12 SOEKARNO HATTA,2287793056
SMP NEGERI 53,-6.8992,107.6808,JL. ARCAMANIK NO 10 SINDANGLAYA,227812698
SMP CITRA CEMARA,-6.9192,107.5733,JL. SOEKARNO HATTA NO 22,226032757
SMP NEGERI 54,-6.95814,107.7065,JL. RAYA UTSMAN BIN AFFAN,0
SMP DAARUT TAUHIID BOARDING SCHOOL,-6.8625,107.5911,JL. GEGERKALONG GIRANG BARU NO.11 BANDUNG 40154,222003019
SMP TAHFIZHUL QURAN AMANAH UMMAH,-6.9138,107.6841,JL. CICUKANG NO. 54 RT. 01 RW 09,63724730
SMP SURYA KENCANA BHAKTI,-6.92256,107.6769,JL. CINGISED BLK PEMDA I,0
SMP KUNTUM CEMERLANG,-6.86934,107.6164,JL. CIPAKU INDAH XI NO. 2,222005667
SMP KRISTEN BPK PENABUR SINGGASANA,-6.9536,107.5989,JL. INDRA PRAHASTA TIMUR NO. 2,225436322
SMP NURUL HIDAYAH,-6.9266,107.66,JL. RANDUSARI V NO. 5,2287772530
SMP TEMASEK INDEPENDENT SCHOOL,-6.86806,107.5879,JL. SINDANG SIRNA NO. 8,222031381
SMP SEMI PALAR,-6.89118,107.5912,JL. SUKAMULYA NO. 77-79,2270173412
SMP EDU GLOBAL,-6.91818,107.6176,JL. KALIMANTAN NO. 7,227108377
SMP PELITA FAJAR,-6.9191,107.5883,JL. JENDERAL SUDIRMAN NO. 467,6001456
SMP BINA SARANA CENDEKIA,-6.89801,107.6365,JL. P.H.H MUSTOFA NO. 25,227234025
SMP HARAPAN KASIH,-6.9527,107.6039,JL. MEKAR KENCANA NO. 2A KOMPLEK MEKAR WANGI,81398000000
SMP BPK PENABUR BANDA,-6.91026,107.6269,JL. BANDA NO. 19,62224000000
SMP ISLAM AL-AZHAR 36,-6.9276,107.622,JL. PATUHA NO. 36,227333436
SMP NEGERI 55,-6.94057,107.5576,JL. BATU RENGAT RT. 04/01,8121454981
SMP NEGERI 56,-6.924,107.705,JL. PASANGGRAHAN IX RT.04/10,2263727844
SMP NEGERI 57,-6.93709,107.5534,JL. GEMPOL SARI NO. 142 RT.05/09,63001069
SMP AISYIYAH BOARDING SCHOOL,-6.93125,107.6369,JL. TERUSAN RANCAGOONG 2 NO. 1,227313774
SMP ALAM BANDUNG,-6.86683,107.6171,JL. CIKALAPA II NO. 4 KP. TANGGULAN DAGO POJOK,8157035310
SMP AL-KHULAFA,-6.91261,107.7084,JL. NEGLASENANG III NO. 3,227804040
SMP AL-IHSAN CIMENCRANG,-6.94479,107.706,CIMENCRANG CILAMETA NO. 13,2266737566
SMP SANTO YUSUP 2,-6.9148,107.6115,JL. JAWA NO. 2-6,2220522398
SMP BINTANG MADANI,-6.91302,107.6817,JL. TERUSAN PESANTREN NO. 102,227211124
SMP AR RAFI DRAJAT,-6.9405,107.6465,JL. SEKEJATI RAYA NO. 32,2273516938
SMP NEGERI 59,-6.90033,107.6657,JL. H. ABDUL HAMID NO. 66,227236166
SMP NEGERI 60,-6.9562,107.6145,JL. CIBURUY KAV. 59 MOCH TOHA,0
SMP NEGERI 61,-6.9032,107.648,JL. BABAKAN HAJI TAMIM NO.33,0
SMP NEGERI 62,-6.9298,107.6418,JL. KEBON GEDANG NO.82,0
SMP NEGERI 63,-6.8925,107.6256,KP. PASIRKALIKI BARAT RT 10 RW 15,0
SMP ISLAM TERPADU LUQMANUL HAKIM,-6.9291,107.6755,JL. CINGISED NO. 531,2263724820
SMP ISLAM TERPADU AL-IRSYAD,-6.894,107.6393,JL. CIKUTRA NO. 205A,7271966
SMP PLUS INTAN AL-SALI,-6.8993,107.7296,JL. PASANGGRAHAN INDAH NO. 15,2263744941
SMP EL FITRA,-6.94871,107.7063,JL. SOEKARNO HATTA NO. 4,87703000000
SMP AL KENZIE,-6.94228,107.6612,JL. KP. MARGAASIH - CIJAWURA,0
SMP INTELIGENSIA,-6.9213,107.7092,JL. A.H NASUTION NO. 242,85315000000
SMP NEGERI 65,-6.96635,107.6662,JL. BATURADEN VIII NO. 19,0
SMP NEGERI 72,-6.9582,107.7064,JL. UTSMAN BIN AFFAN,0
SMP NEGERI 73,-6.91864,107.5834,JL. JEND. SUDIRMAN NO. 587,0
SMP NEGERI 75,-6.9456,107.5802,JL. CARINGIN GG. LUMBUNG 2,225402000
SMP NEGERI 58,-6.92297,107.7007,JL. PASANGGRAHAN IX,2263727844
SMP NEGERI 64,-6.89127,107.5802,JL. DR. JUNGJUNAN NO.79,0
SMP NEGERI 66,-6.9429,107.6837,JL. RIUNG WARGI,82130000000
SMP NEGERI 67,-6.90089,107.5658,JL. ASRAMA KIPAL NO. 55,226027757
SMP NEGERI 68,-6.90403,107.5721,JL. TERUSAN PASTEUR NO.38,0
SMP NEGERI 69,-6.8819,107.6094,JL. SANGKURIANG NO. 87,0
SMP NEGERI 70,-6.87374,107.5895,JL. SETRASARI TENGAH NO. 15,0
SMP NEGERI 71,-6.92183,107.7149,JL. MANGLAYANG I NO. 1,0
SMP NEGERI 74,-6.8925,107.5924,JL. SUKAGALIH NO. 108,0
SMP BODHI SINAR TERANG,-6.91849,107.5869,JL. JENDERAL SUDIRMAN NO. 478-480,0
SMP BINA DHARMA 3,-6.8696,107.5925,JL. GEGER KALONG HILIR NO. 18,222013882
SMP BANDUNG INSTITUT,-6.9123,107.7242,JL. MANGLAYANG I NO. 7,227802208
SMP ASSALAAM,-6.9269,107.6071,JL. SASAKGANTUNG NO. 12-14,224201351
SMP ANGKASA LANUD HUSEIN SASTRANEGARA,-6.9059,107.5899,JL. PAJAJARAN NO.151,6078929
SMP ISLAM AL WASLIYAH,-6.9361,107.6601,JL. KAWALUYAAN,227317593
SMP AL HUSAINIYYAH,-6.8803,107.6063,JL. BUKIT JARIAN NO. 29/165 D,2041235
SMP AL HASAN,-6.9345,107.7089,KOMPLEK BUMI PANYILEUKAN N2,227814755
SMP AL HADI BANDUNG,-6.9058,107.6718,JL. A.H.NASUTION NO.25,2263721574
SMP BINAHARAPAN,-6.9167,107.6844,GOLF SELATAN IV NO 5 PERUM BINA MARGA,227801920
SMP BPI 1,-6.92371,107.6194,JL. BURANGRANG NO.8 BANDUNG,227305735
SMP BPK PENABUR HOLIS,-6.9397,107.5646,KOMPLEKS TAMAN HOLIS INDAH BLOK A,226003636
SMP DEWI SARTIKA,-6.9255,107.605,JL. KAUTAMAAN ISTRI NO. 12,224231509
SMP DARUL HIKAM,-6.879,107.6164,JL. IR. H. JUANDA 285 A BANDUNG,2501375
SMP BUNGA BANGSA,-6.8676,107.6198,JL. DAGO BENGKOK NO. 3,2220455422
SMP BPPI BOJONG,-6.926,107.5711,JL. KAPUR RT 04 / RW 10 BOJONG RAYA,2220560221
SMP BPP,-6.9185,107.6177,JL. KARTINI NO. 10 BANDUNG,224207390
SMP AL FALAH,-6.8828,107.6132,JL. CISITU BARU NO.52,222530135
SMP ADVENT II BANDUNG,-6.885,107.6044,JL. DR. SETIABUDI NO. 1,2043220
SMP ADVENT CIMINDI,-6.9497,107.6031,JL. RAYA CIMINDI NO. 74,226010612
SMP ADVENT NARIPAN,-6.9186,107.6123,JL. NARIPAN NO. 91,224234027
SMP NEGERI 23,-6.91492,107.5896,JL. ARJUNA NO. 20-22,6011128
SMP NEGERI 12,-6.86594,107.5934,JL. DR. SETIABUDHI NO. 195,2013947
SMP NEGERI 11,-6.93478,107.6081,JL. H. SAMSUDIN NO.34,225200816
SMP NEGERI 10,-6.9291,107.606,JL. RD. DEWI SARTIKA NO.115,5210133
SMP NEGERI 1,-6.9117,107.5966,JL.KSATRIAAN NO.12,6011429
SMP YWKA,-6.9152,107.5763,JL. ELANG II NO. 2,226013492
SMP NEGERI 13,-6.9353,107.6228,JL. MUTIARA NO.15,227305062
SMP NEGERI 14,-6.9081,107.6304,JL. LAPANGAN SUPRATMAN NO. 8,227272064
SMP NEGERI 15,-6.87445,107.5956,JL. SETIABUDI NO. 89,222034914
SMP NEGERI 22,-6.9118,107.6339,JL. WR SUPRATMAN NO. 24 BANDUNG,227271182
SMP NEGERI 21,-6.94561,107.5802,JL. CARINGIN GG. LUMBUNG II,225402000
SMP NEGERI 20,-6.9195,107.6261,JL. CENTEH NO. 5,227302884
SMP NEGERI 2,-6.914,107.6141,JL. SUMATERA NO.42,224204155
SMP NEGERI 19,-6.8862,107.6222,JL. SADANG LUHUR XI,222500657
SMP NEGERI 18,-6.952,107.6418,JL. SMP NO 5-6 TERUSAN KIARACONDONG,7566331
SMP NEGERI 17,-6.9066,107.6726,JL. PACUAN KUDA ARCAMANIK,0
SMP NEGERI 16,-6.89945,107.6425,JL. PHH. MUSTOPA 53,227275281
SMP YPU,-6.9237,107.6288,JL. CUKANGJATI NO. 5 RT.02/05 GATOT SUBROTO,227306538
SMP YPKKP,-6.9274,107.5653,JL.CIJERAH NO. 230,6000383
SMP YPI,-6.9016,107.5952,JL. MUHAMAD NO. 17 BANDUNG,226070867
SMP TARUNA BAKTI,-6.9063,107.6234,JLN. L.L.R.E. MARTADINATA NO. 52,224261468
SMP TAMANSISWA,-6.9288,107.6207,JL.TAMANSISWA NO.4 BANDUNG,227321628
SMP SWADAYA 2,-6.923,107.5888,JL. PAGARSIH GG. WD SASTRA,2286060854
SMP SWADAYA 1,-6.926,107.5889,JL PASIR KOJA NO.181,226124421
SMP SUMATERA 40,-6.9001,107.634,JL. PAHLAWAN NO.21,2270343696
SMP SANTO YUSUP,-6.9053,107.6619,JL. SULAKSANA BARU I NO. 18,7273633
SMP SANTO ALOYSIUS 2,-6.9606,107.64,JL. BATUNUNGGAL INDAH II NO. 30,227507418
SMP SANTO ALOYSIUS,-6.90541,107.6116,JL. SULTAN AGUNG NO. 4,224235568
SMP SANTA MARIA,-6.9139,107.6327,JL. JEND. AHMAD YANI NO. 273,7217382
SMP TRIYASA,-6.9121,107.7042,UJUNGBERUNG,227800422
SMP TULUS KARTIKA,-6.9484,107.6619,JL. YUPITER TENGAH 2 NO.1,227502480
SMP WARINGIN,-6.915,107.5995,JL. KEBONJATI NO. 209,226029715
SMP YOS SUDARSO,-6.9289,107.6063,JL. MOHAMAD TOHA NO. 19,225230723
SMP YAYASAN BUDI BAKTI,-6.9021,107.5879,JL. CITEPUS II NO. 3,2270425335
SMP YAYASAN ATIKAN SUNDA,-6.901,107.6472,JL. PANGHULU HAJI HASAN MUSTAPA NO. 115,227218108
SMP YAQIN,-6.896,107.5879,JL.DR.JUNJUNAN NO.3,226123877
SMP YAMI,-6.9509,107.6091,JL. KARASAK BARU NO.16,225222362
SMP WYATA DHARMA,-6.92,107.6209,JL. AHMAD YANI NO. 107 A,224261736
SMP SANTA ANGELA,-6.91277,107.6109,JL. MERDEKA NO. 24,224214715
SMP NEGERI 50,-6.90743,107.6973,JL. PASIRJATI NO. 12,227800874
SMP NEGERI 5,-6.9146,107.6141,JL. SUMATRA NO. 40,224207121
SMP NEGERI 49,-6.9074,107.6582,JL. ANTAPANI NO. 58 CICAHEUM,227275285
SMP NEGERI 48,-6.9663,107.6664,JL. BATURADEN VIII NO.19,7560480
SMP NEGERI 47,-6.8898,107.5587,JL. BUDI CILEMBER NO. 19 B,226652284
SMP NEGERI 46,-6.9156,107.7249,JL. CIGAGAK,227807214
SMP NEGERI 45,-6.92218,107.6602,JL. YOGYAKARTA ANTAPANI BANDUNG,227277721
SMP NEGERI 44,-6.9052,107.6201,JL. CIMANUK NO.1,224205409
SMP NEGERI 43,-6.92548,107.6068,JL. KAUTAMAAN ISTRI NO.31,224234863
SMP NEGERI 51,-6.9653,107.6803,JL.DERWATI,227563831
SMP NEGERI 52,-6.8607,107.6065,JL. BUKIT RAYA CIUMBULEUIT,222034769
SMP NEGERI 9,-6.9087,107.5969,JL. SEMAR NO. 5 BANDUNG,226014886
SMP NEGERI 8,-6.9125,107.7017,JL. ALUN-ALUN UTARA NO.211B UJUNGBERUNG,227800098
SMP NEGERI 7,-6.907,107.6185,JL. AMBON NO. 23,224233470
SMP NEGERI 6,-6.91854,107.6018,JL. H. YAKUB NO. 36,85880151
SMP NEGERI 42,-6.9575,107.6721,JL. MANJAHLEGA BANDUNG,227565864
SMP NEGERI 41,-6.9153,107.5903,JL. ARJUNA NO. 18,226123942
SMP NEGERI 40,-6.9055,107.6066,JL. WASTUKENCANA NO. 75 A,224239058
SMP NEGERI 3,-6.9292,107.6053,JL. RD. DEWI SARTIKA NO. 96,225207378
SMP NEGERI 29,-6.8603,107.5865,JL. GEGER ARUM NO. 11 A,222012579
SMP NEGERI 28,-6.9375,107.626,JL. SOLONTONGAN II BUAHBATU,227304544
SMP NEGERI 27,-6.9055,107.6346,JL. YUDHAWASTU PRAMUKA I,227101246
SMP NEGERI 26,-6.8827,107.5774,JL. SARIMANAH BLOK 23,2012277
SMP NEGERI 25,-6.9256,107.6009,JL. PAJAGALAN NO. 67,4265907
SMP NEGERI 24,-6.93643,107.5866,JL. SUKAMULYA NO.33,226015090
SMP NEGERI 30,-6.9406,107.6447,JL. SEKEJATI NO.23,227305150
SMP NEGERI 31,-6.9385,107.6405,JL. BINONG JATI NO. 139,227337017
SMP NEGERI 32,-6.9158,107.5904,JL ARJUNA NO 18 BANDUNG,226072410
SMP NEGERI 4,-6.921,107.6259,JL. SAMOJA NO. 5,7312394
SMP NEGERI 39,-6.9425,107.5688,JL. HOLIS NO.439,225406684
SMP NEGERI 37,-6.92625,107.656,JL. BABAKAN SARI KIARACONDONG BANDUNG,227101104
SMP NEGERI 36,-6.94223,107.5741,JL. CARINGIN,226078507
SMP NEGERI 35,-6.87443,107.6168,JL. DAGO POJOK NO. 12 BANDUNG,222505332
SMP NEGERI 34,-6.9504,107.6258,JL. WAAS SOEKARNO HATTA,7565790
SMP NEGERI 33,-6.9283,107.59,JL. BABAKAN TAROGONG,226035940
SMP SALMAN AL FARISI,-6.88301,107.6226,JL. TUBAGUS ISMAIL VIII NO. 42 A,222515962
SMP MUHAMMADIYAH 9,-6.9339,107.6799,JL. SUMBERSARI NO. 104,227835961
SMP LPPN,-6.9157,107.5855,KOTA BANDUNG,226040827
SMP LANGLANGBUANA 2,-6.9071,107.6761,JL. RUSBANDI SH (ASPOL),7208701
SMP LANGLANGBUANA 1,-6.896,107.6506,JL. TERUSAN CIMUNCANG NO.11,2220503150
SMP LABORATORIUM-PERCONTOHAN UPI,-6.8619,107.5917,JL. SENJAYAGURU KAMPUS UPI BANDUNG,222012805
SMP KIANSANTANG,-6.9163,107.5805,JL. JENDERAL SUDIRMAN NO. 330/77,2226024936
SMP KEMALA BHAYANGKARI,-6.9321,107.6219,JL. PALASARI NO. 46 BANDUNG,227312139
SMP KEMAH INDONESIA 4,-6.8874,107.625,JL. SADANG SERANG BLK NO. 2 RT 03/13,222510325
SMP KARYA PEMBANGUNAN 10,-6.9076,107.6882,JL. A.H.NASUTION NO.25A,227808267
SMP MAARIF,-6.9353,107.6355,JL.TRS. GALUNGGUNG NO 9,7333760
SMP MADYA,-6.9507,107.6395,JL. SEKELIMUS UTARA I NO.16,227566834
SMP MUHAMMADIYAH 8,-6.9179,107.6556,JL. KADIPATEN RAYA NO.4-6 ANTAPANI BANDUNG,227279057
SMP MUHAMMADIYAH 6,-6.8939,107.5922,JL. SUKAGALIH GG. H. GOJALI NO.134 RT 06 RW 07,222036179
SMP MUHAMMADIYAH 5,-6.9245,107.6553,JL. SARIWATES RAYA NO. 6,0
SMP MUHAMMADIYAH 4,-6.9121,107.5832,JL. ANDIR-RI WINATA BANDUNG,6040337
SMP MUHAMMADIYAH 3,-6.9025,107.6529,JL. PHH MUSTOPA NO. 90/209C,2220521520
SMP MUHAMMADIYAH 2,-6.8891,107.5586,JL. RAYA CILEMBER GG. BUNISUGIH BANDUNG,89647000000
SMP MUHAMMADIYAH 10,-6.9161,107.7043,JL. A.H.NASUTION NO.168 BANDUNG,2263749889
SMP MUHAMMADIYAH 1,-6.9328,107.6242,JL. BANTENG DALAM NO. 6 BANDUNG,227306216
SMP MIFTAHUL IMAN,-6.8546,107.5936,JL. DR. SETIABUDHI 179/171 A RT 05 RW 04,222010399
SMP KARTIKA X-1,-6.9291,107.6343,JL. JEND.GATOT SUBROTO,227317512
SMP KARTIKA XIX-2,-6.8654,107.5881,JL. PAK GATOT RAYA NO. 73,222020411
SMP KARTIKA XIX-1,-6.913,107.6185,JL. BANGKA NO. 3,224231485
SMP KRISTEN 1 BINA BAKTI,-6.9123,107.5942,JL. BIMA 1-9,226074631
SMP ISTIQAMAH,-6.89613,107.6342,JL. PAHLAWAN NO.65,222507364
SMP INDONESIA RAYA,-6.8891,107.5809,PROF. SURIA SUMANTRI NO. 33 B,222012369
SMP IGNATIUS SLAMET RIYADI,-6.9372,107.6436,JL. H. IBRAHIM AJI GG. KEBON KANGKUNG X,227320834
SMP GUPPI,-6.9269,107.7025,JL. NEGLARASA NO.4 BANDUNG,227802949
SMP GUNA DHARMA,-6.9181,107.7066,"JL. A.H. NASUTION KM.11,70",227816827
SMP GEMA PANCASILA,-6.9048,107.7234,JL. SEKEMALA RT.02/11,82120000000
SMP GANTRA,-6.901,107.7046,JL. CINANGKA NO.131,87883536
SMP KRISTEN 1 BPK PENABUR,-6.9036,107.5973,JL. HOS TJOKROAMINOTO 157,226013181
SMP KRISTEN 2 BINA BAKTI,-6.9074,107.5979,JL. BIMA NO. 9,226018868
SMP KRISTEN 4 BPK PENABUR,-6.9258,107.6209,JL. GUNTUR NO.34,227334013
SMP KRISTEN YAHYA,-6.90539,107.6182,JL.LL.RE MARTADINATA 71A-73,224231542
SMP KRISTEN TRIMULIA,-6.898,107.5889,JL. DR.DJUNJUNAN NO. 105,226037934
SMP KRISTEN REHOBOTH,-6.9251,107.606,JL. RD. DEWI SARTIKA NO.36-38,224224984
SMP KRISTEN PAULUS,-6.904,107.5994,JL. DR. RAJIMAN 11,224264803
SMP KRISTEN KALAM KUDUS,-6.9506,107.5985,JL. MEKAR PUSPITA NO. 53 - 55,2285240578
SMP KRISTEN HIDUP BARU,-6.8659,107.6059,JL. CIUMBULEUIT 160,2031739
SMP KRISTEN BPPK,-6.9069,107.5944,JL. PAJAJARAN 91 BANDUNG,226018693
SMP KRISTEN BAPTIS,-6.9039,107.6063,JL. WASTUKENCANA 40,224263904
SMP KRISTEN 5 BPK PENABUR,-6.9171,107.5778,JL. JENDRAL SUDIRMAN 638,6018476
SMP GANESHA,-6.9361,107.6113,JL. MOHAMAD TOHA NO.84,225207330
SMP RAJAWALI,-6.9166,107.5843,JL. ANDIR NO. 117A/78,82115000000
SMP PGRI 2,-6.8613,107.6052,JL. CIUMBULEUIT NO 48 BANDUNG,2031676
SMP PGRI 1,-6.917,107.6261,JL. CENTEH NO.5,227306436
SMP PGII 2,-6.9004,107.6334,JL. PAHLAWAN BLK. NO. 17,2220511052
SMP PGII 1,-6.8981,107.6167,JL. PANATAYUDA NO. 2,222500604
SMP PERTIWI,-6.9027,107.615,JL. KEBON BIBIT NO. 16,222510433
SMP PELITA BANGSA,-6.8954,107.6355,JL. SOEKARNO HATTA NO.391,225201214
SMP PELITA,-6.897,107.6448,JL. SEKEJATI CIKUTRA,0
SMP PGRI 3,-6.91609,107.6353,JL. SUKABUMI DALAM NO. 4,87711000000
SMP PGRI 6,-6.8905,107.6237,JL. SADANG SERANG NO. 1 BANDUNG,222535723
SMP PGRI 5,-6.8783,107.5803,JL. SARIRASA BLOK IV NO. 100,0
SMP PLUS SINDANG RESMI,-6.9363,107.5673,JL. CICUKANG NO. 26,226074204
SMP PLUS AL GHIFARI,-6.922,107.6857,JL. INSPEKSI PENGAIRAN NO. 23 RT 04/03,227806223
SMP PGRI 10,-6.9111,107.6925,JL. A.H. NASUTION NO.15,227807127
SMP PGRI 9,-6.9408,107.6918,JL. GEDE BAGE NO. 17,0
SMP PGRI 4,-6.89083,107.5619,JL. GUNUNG BATU 30,2220562605
SMP PGRI 8,-6.9082,107.665,JL. SINDANGSARI I NO. 7,2263637366
SMP PGRI 7,-6.9593,107.6521,JL. KENCANAWANGI UTARA PANDANWANGI,227502478
SMP PASUNDAN 9,-6.9275,107.5854,JL. BABAKAN CIPARAY,226079366
SMP PASUNDAN 8,-6.8955,107.6421,JL. CIKUTRA NO.201,2287771816
SMP PASUNDAN 7,-6.9159,107.5694,JL. CIJERAH GG. PELITA NO. 11,6010026
SMP NUSANTARA RAYA,-6.9027,107.6574,JL. ANTAPANI NO.28,7277653
SMP NUSANTARA,-6.9418,107.5918,JL. KOPO NO.322,226010187
SMP NUGRAHA,-6.9513,107.6115,JL. PLN DALAM NO 4,5226701
SMP NASIONAL,-6.8921,107.6302,JL. SADANG SERANG NO.17,222504610
SMP MUTIARA 4,-6.9118,107.5702,JL. RAYA CIBEUREUM NO. 10,68606288
SMP MUTIARA 3,-6.9461,107.5793,JL. CARINGIN GG. LUMBUNG II NO. 19,225415229
SMP MUTIARA 1,-6.9079,107.5778,JL. MALEBER UTARA NO.37,2220567982
SMP MUSLIMIN 5,-6.9347,107.7183,JL. MANISI NO.2 BUNDERAN CIBIRU,0
SMP MUSLIMIN 3,-6.9244,107.6255,JL. LODAYA NO.38,89656000000
SMP PAHLAWAN TOHA,-6.9363,107.5922,JL. PETA (SUKAMULYA I),2220560736
SMP PAJAJARAN 1,-6.9066,107.577,JL. MALEBER UTARA NO.5 BANDUNG,0
SMP PANDU,-6.9054,107.5931,JL. PANDU NO. 6,226006539
SMP PASUNDAN 6,-6.9413,107.6298,JL. KLININGAN III NO. 11 A,2273517000
SMP PASUNDAN 5,-6.9426,107.5851,JL. BABAKAN CIPARAY BLK. NO 5,226122508
SMP PASUNDAN 4,-6.9166,107.6009,JL. KEBONJATI NO. 31 BANDUNG,224238548
SMP PASUNDAN 3,-6.8909,107.6035,JL. BAPAK HUSEN BLK. NO. 4 (DEPAN RS ADVENT),2033542
SMP PASUNDAN 2,-6.9242,107.6079,JL. PASUNDAN NO.32,224201328
SMP PASUNDAN 12,-6.8797,107.5768,JL. SARIRASA NO. 130/04 RT.04/04,2005092
SMP PASUNDAN 10,-6.8788,107.579,JL. SARIRASA NO. 130 RT.04/RW.04 SARIJADI,81313000000
SMP PASUNDAN 1,-6.9242,107.608,JL. PASUNDAN NO.32,224203383
SMP SANTA URSULA,-6.9129,107.6283,JL. TAMAN ANGGREK NO. 1,227274584
SMP SEBELAS MARET,-6.9456,107.6128,JL. DENKI SELATAN V NO. 38,225227683
SMP NEGERI 38,-6.95753,107.5913,JL. BOROBUDUR CIBADUYUT RT 03 RW 04,0
SMP BINA DHARMA 2,6.9275,107.6504,JL. BABAKAN SARI 1 NO. 131,227272862
SMP VIJAYA KUSUMA,-6.9407,107.6506,JL. MANDALA NO. 59 BANDUNG,227318626
SMP JENDERAL SUDIRMAN,-6.9329,107.592,JL. BABAKAN TAROGONG 119,226125782
SMP KRISTEN GAMALIEL,-6.9196,107.6027,JL. JENDERAL SUDIRMAN NO. 205-207,226003553
SMP PLUS BAITURRAHMAN,-6.9155,107.7061,JL. PROF. KHM SYADELY HASAN NO.44 NAGROG UJUNG BERUNG,2263737140
SMP MUTIARA BUNDA,-6.9091,107.6695,JL. PADANG GOLF NO. 11 ARCAMANIK,227204643
SMP GRACIA,-6.9222,107.6066,JL. CIBADAK GG. SEREH NO. 26,226014810
SMP BINTANG MULIA,-6.9543,107.602,JL. RADEN RANGGA KENCANA NO.1,5233892
SMP KRISTEN BALA KESELAMATAN,-6.9167,107.5982,JL. GARDUJATI NO. 89,226013297
SMP ISLAM CENDEKIA MUDA,-6.9213,107.6756,JL. PURI AYU PRATAMA NO 17 ARCAMANIK,82121000000
SMP BUDI ISTRI,-6.9302,107.6193,JL. SANCANG NO.4 BANDUNG,227312428
SMP DAARUL QURAN,-6.8505,107.6038,JL. NAGROG NO. 85 KAMP. CIWARU,2263728585
SMP BAHTERA,-6.9213,107.6714,JL. ARCAMANIK ENDAH NO. 107,2287241065
SMP ALFA CENTAURI,-6.9276,107.6234,JL. PALASARI NO. 9,227310894
SMP TUNAS UNGGUL,-6.9029,107.6762,JL. PASIR IMPUN NO. 94,2287789420
SMP AL ISLAM,-6.9096,107.7232,JL.CILENGKRANG I RT.05/RW.06,0
SMP AL BIRUNI CERDAS MULIA,-6.9404,107.7113,JL. TERUSAN PANYILEUKAN NO. 11 SOEKARNO HATTA,87820566
SMP THARIIQUL JANNAH,-6.9278,107.6909,JL. CISARANTEN WETAN 1 NO 138,85282000000
SMP HIKMAH TELADAN,-6.88946,107.558,JL. RAYA CILEMBER BLK NO. 286,226613496
SMP PGRI 11,-6.9023,107.6426,JL. CIKUTRA NO.15,82115000000
SMP MUHAMMADIYAH 7,-6.9406,107.6038,JL. LEUWI PANJANG GG. KEBON KALAPA NO.24,225233404
SMP JUARA BANDUNG,-6.9386,107.7105,KOMP. TAMAN CIPADUNG INDAH RT 06/01,2279570657
SMP PLUS TEMARA ILMU,-6.9426,107.7124,JL. TERUSAN PANYILEUKAN BLOK LEMBANG BULEUD GANG PESANTREN,2279160707
SMP YUDHISTIRA,-6.9584,107.5915,JL. CIBADUYUT GG. KOPSI NO. 60,225422740
SMP SETIA BHAKTI,-6.9572,107.6753,JL. KAWALUYAAN NO. 12 SOEKARNO HATTA,2287793056
SMP NEGERI 53,-6.8992,107.6808,JL. ARCAMANIK NO 10 SINDANGLAYA,227812698
SMP CITRA CEMARA,-6.9192,107.5733,JL. SOEKARNO HATTA NO 22,226032757
SMP NEGERI 54,-6.95814,107.7065,JL. RAYA UTSMAN BIN AFFAN,0
SMP DAARUT TAUHIID BOARDING SCHOOL,-6.8625,107.5911,JL. GEGERKALONG GIRANG BARU NO.11 BANDUNG 40154,222003019
SMP TAHFIZHUL QURAN AMANAH UMMAH,-6.9138,107.6841,JL. CICUKANG NO. 54 RT. 01 RW 09,63724730
SMP SURYA KENCANA BHAKTI,-6.92256,107.6769,JL. CINGISED BLK PEMDA I,0
SMP KUNTUM CEMERLANG,-6.86934,107.6164,JL. CIPAKU INDAH XI NO. 2,222005667
SMP KRISTEN BPK PENABUR SINGGASANA,-6.9536,107.5989,JL. INDRA PRAHASTA TIMUR NO. 2,225436322
SMP NURUL HIDAYAH,-6.9266,107.66,JL. RANDUSARI V NO. 5,2287772530
SMP TEMASEK INDEPENDENT SCHOOL,-6.86806,107.5879,JL. SINDANG SIRNA NO. 8,222031381
SMP SEMI PALAR,-6.89118,107.5912,JL. SUKAMULYA NO. 77-79,2270173412
SMP EDU GLOBAL,-6.91818,107.6176,JL. KALIMANTAN NO. 7,227108377
SMP PELITA FAJAR,-6.9191,107.5883,JL. JENDERAL SUDIRMAN NO. 467,6001456
SMP BINA SARANA CENDEKIA,-6.89801,107.6365,JL. P.H.H MUSTOFA NO. 25,227234025
SMP HARAPAN KASIH,-6.9527,107.6039,JL. MEKAR KENCANA NO. 2A KOMPLEK MEKAR WANGI,81398000000
SMP BPK PENABUR BANDA,-6.91026,107.6269,JL. BANDA NO. 19,62224000000
SMP ISLAM AL-AZHAR 36,-6.9276,107.622,JL. PATUHA NO. 36,227333436
SMP NEGERI 55,-6.94057,107.5576,JL. BATU RENGAT RT. 04/01,8121454981
SMP NEGERI 56,-6.924,107.705,JL. PASANGGRAHAN IX RT.04/10,2263727844
SMP NEGERI 57,-6.93709,107.5534,JL. GEMPOL SARI NO. 142 RT.05/09,63001069
SMP AISYIYAH BOARDING SCHOOL,-6.93125,107.6369,JL. TERUSAN RANCAGOONG 2 NO. 1,227313774
SMP ALAM BANDUNG,-6.86683,107.6171,JL. CIKALAPA II NO. 4 KP. TANGGULAN DAGO POJOK,8157035310
SMP AL-KHULAFA,-6.91261,107.7084,JL. NEGLASENANG III NO. 3,227804040
SMP AL-IHSAN CIMENCRANG,-6.94479,107.706,CIMENCRANG CILAMETA NO. 13,2266737566
SMP SANTO YUSUP 2,-6.9148,107.6115,JL. JAWA NO. 2-6,2220522398
SMP BINTANG MADANI,-6.91302,107.6817,JL. TERUSAN PESANTREN NO. 102,227211124
SMP AR RAFI DRAJAT,-6.9405,107.6465,JL. SEKEJATI RAYA NO. 32,2273516938
SMP NEGERI 59,-6.90033,107.6657,JL. H. ABDUL HAMID NO. 66,227236166
SMP NEGERI 60,-6.9562,107.6145,JL. CIBURUY KAV. 59 MOCH TOHA,0
SMP NEGERI 61,-6.9032,107.648,JL. BABAKAN HAJI TAMIM NO.33,0
SMP NEGERI 62,-6.9298,107.6418,JL. KEBON GEDANG NO.82,0
SMP NEGERI 63,-6.8925,107.6256,KP. PASIRKALIKI BARAT RT 10 RW 15,0
SMP ISLAM TERPADU LUQMANUL HAKIM,-6.9291,107.6755,JL. CINGISED NO. 531,2263724820
SMP ISLAM TERPADU AL-IRSYAD,-6.894,107.6393,JL. CIKUTRA NO. 205A,7271966
SMP PLUS INTAN AL-SALI,-6.8993,107.7296,JL. PASANGGRAHAN INDAH NO. 15,2263744941
SMP EL FITRA,-6.94871,107.7063,JL. SOEKARNO HATTA NO. 4,87703000000
SMP AL KENZIE,-6.94228,107.6612,JL. KP. MARGAASIH - CIJAWURA,0
SMP INTELIGENSIA,-6.9213,107.7092,JL. A.H NASUTION NO. 242,85315000000
SMP NEGERI 65,-6.96635,107.6662,JL. BATURADEN VIII NO. 19,0
SMP NEGERI 72,-6.9582,107.7064,JL. UTSMAN BIN AFFAN,0
SMP NEGERI 73,-6.91864,107.5834,JL. JEND. SUDIRMAN NO. 587,0
SMP NEGERI 75,-6.9456,107.5802,JL. CARINGIN GG. LUMBUNG 2,225402000
SMP NEGERI 58,-6.92297,107.7007,JL. PASANGGRAHAN IX,2263727844
SMP NEGERI 64,-6.89127,107.5802,JL. DR. JUNGJUNAN NO.79,0
SMP NEGERI 66,-6.9429,107.6837,JL. RIUNG WARGI,82130000000
SMP NEGERI 67,-6.90089,107.5658,JL. ASRAMA KIPAL NO. 55,226027757
SMP NEGERI 68,-6.90403,107.5721,JL. TERUSAN PASTEUR NO.38,0
SMP NEGERI 69,-6.8819,107.6094,JL. SANGKURIANG NO. 87,0
SMP NEGERI 70,-6.87374,107.5895,JL. SETRASARI TENGAH NO. 15,0
SMP NEGERI 71,-6.92183,107.7149,JL. MANGLAYANG I NO. 1,0
SMP NEGERI 74,-6.8925,107.5924,JL. SUKAGALIH NO. 108,0
SMP BODHI SINAR TERANG,-6.91849,107.5869,JL. JENDERAL SUDIRMAN NO. 478-480,0
SMP NEGERI 14,-6.9081,107.6304,JL. LAPANGAN SUPRATMAN NO. 8,227272064
SMP NEGERI 1,-6.9117,107.5966,JL. KSATRIAAN NO.12,6011429
SMP NEGERI 11,-6.93478,107.6081,JL. H. SAMSUDIN NO.34,225200816
SMP NEGERI 15,-6.87445,107.5956,JL. SETIABUDI NO. 89,222034914
SMP NEGERI 12,-6.86594,107.5934,JL. DR. SETIABUDHI NO. 195,2013947
SMP NEGERI 16,-6.89945,107.6425,JL. PHH. MUSTOPA 53,227275281
SMP NEGERI 10,-6.9291,107.606,JL. RD. DEWI SARTIKA NO.115,5210133
SMP NEGERI 13,-6.9353,107.6228,JL. MUTIARA NO.15,227305062
SMP NEGERI 22,-6.9118,107.6339,JL. WR SUPRATMAN NO. 24 BANDUNG,227271182
SMP NEGERI 21,-6.94561,107.5802,JL. CARINGIN GG. LUMBUNG II,225402000
SMP NEGERI 20,-6.9195,107.6261,JL. CENTEH NO. 5,227302884
SMP NEGERI 2,-6.914,107.6141,JL. SUMATERA NO.42,224204155
SMP NEGERI 19,-6.8862,107.6222,JL. SADANG LUHUR XI,222500657
SMP NEGERI 18,-6.952,107.6418,JL. SMP NO 5-6 TERUSAN KIARACONDONG,7566331
SMP NEGERI 17,-6.9066,107.6726,JL. PACUAN KUDA ARCAMANIK,0
SMP NEGERI 28,-6.9375,107.626,JL. SOLONTONGAN II BUAHBATU,227304544
SMP BINTANG MADANI,-6.91302,107.6817,JL. TERUSAN PESANTREN NO. 102,227211124
SMP BINAHARAPAN,-6.9167,107.6844,GOLF SELATAN IV NO 5 PERUM BINA MARGA,227801920
SMP BINA SARANA CENDEKIA,-6.89801,107.6365,JL. P.H.H MUSTOFA NO. 25,227234025
SMP BINA DHARMA 3,-6.8696,107.5925,JL GEGER KALONG HILIR NO. 18,222013882
SMP BINA DHARMA 2,6.9275,107.6504,JL. BABAKAN SARI 1 NO. 131,227272862
SMP BANDUNG ISLAMIC SCHOOL,-6.935,107.6234,JL. VAN DE VENTER NO. 12,0
SMP BANDUNG INSTITUT,-6.9123,107.7242,JL. MANGLAYANG I NO. 7,227802208
SMP BAHTERA,-6.9213,107.6714,JL. ARCAMANIK ENDAH NO. 107,2287241065
SMP PASUNDAN 5,-6.9426,107.5851,JL. BABAKAN CIPARAY BLK. NO 5,226122508
SMP PASUNDAN 6,-6.9413,107.6298,JL. KLININGAN III NO. 11 A,2273517000
SMP PASUNDAN 12,-6.8797,107.5768,JL. SARIRASA NO. 130/04 RT.04/04,2005092
SMP PASUNDAN 4,-6.9166,107.6009,JL. KEBONJATI NO. 31 BANDUNG,224238548
SMP PASUNDAN 2,-6.9242,107.6079,JL. PASUNDAN NO.32,224201328
SMP PASUNDAN 8,-6.8955,107.6421,JL. CIKUTRA NO.201,2287771816
SMP PASUNDAN 7,-6.9159,107.5694,JL. CIJERAH GG. PELITA NO. 11,6010026
SMP PASUNDAN 3,-6.8909,107.6035,JL. BAPAK HUSEN BLK. NO. 4 (DEPAN RS ADVENT),2033542
SMP YWKA,-6.9152,107.5763,JL. ELANG II NO. 2,226013492
SMP YPU,-6.9237,107.6288,JL. CUKANGJATI NO. 5 RT.02/05 GATOT SUBROTO,227306538
SMP YPI,-6.9016,107.5952,JL. MUHAMAD NO. 17 BANDUNG,226070867
SMP YP SEJATI,-6.9496,107.5883,JL. KOPO GG. PAKASIH NO.10,225405764
SMP YUDHISTIRA,-6.9584,107.5915,JL. CIBADUYUT GG. KOPSI NO. 60,225422740
SMP YAYASAN BUDI BAKTI,-6.9021,107.5879,JL. CITEPUS II NO. 3,2270425335
SMP YOS SUDARSO,-6.9289,107.6063,JL. MOHAMAD TOHA NO. 19,225230723
SMP YPKKP,-6.9274,107.5653,JL. CIJERAH NO. 230,6000383
SMP YAMI,-6.9509,107.6091,JL. KARASAK BARU NO.16,225222362
SMP WYATA DHARMA,-6.92,107.6209,JL. AHMAD YANI NO. 107 A,224261736
SMP YAQIN,-6.896,107.5879,JL. DR.JUNJUNAN NO.3,226123877
SMP YAYASAN ATIKAN SUNDA,-6.901,107.6472,JL. PANGHULU HAJI HASAN MUSTAPA NO. 115,227218108
SMP THARIIQUL JANNAH,-6.9278,107.6909,JL. CISARANTEN WETAN 1 NO 138,85282000000
SMP TULUS KARTIKA,-6.9484,107.6619,JL. YUPITER TENGAH 2 NO.1,227502480
SMP TERANG NUSANTARA,0,0,JL. LMU. NURTANIO NO. 54-56,2220590741
SMP WARINGIN,-6.915,107.5995,JL. KEBONJATI NO. 209,226029715
SMP TRIYASA,-6.9121,107.7042,UJUNGBERUNG,227800422
SMP TUNAS UNGGUL,-6.9029,107.6762,JL. PASIR IMPUN NO. 94,2287789420
SMP TEMASEK INDEPENDENT SCHOOL,-6.86806,107.5879,JL. SINDANG SIRNA NO. 8,222031381
SMP VIJAYA KUSUMA,-6.9407,107.6506,JL. MANDALA NO. 59 BANDUNG,227318626
SMP SWADAYA 2,-6.923,107.5888,JL. PAGARSIH GG. WD SASTRA,2286060854
SMP TAHFIZHUL QURAN AMANAH UMMAH,-6.9138,107.6841,JL. CICUKANG NO. 54 RT. 01 RW 09,63724730
SMP TAMANSISWA,-6.9288,107.6207,JL. TAMANSISWA NO.4 BANDUNG,227321628
SMP SWADAYA 1,-6.926,107.5889,JL. PASIR KOJA NO.181,226124421
SMP SURYA KENCANA BHAKTI,-6.92256,107.6769,JL. CINGISED BLK PEMDA I,0
SMP SEMI PALAR,-6.89118,107.5912,JL. SUKAMULYA NO. 77-79,2270173412
SMP SETIA BHAKTI,-6.9572,107.6753,JL. KAWALUYAAN NO. 12 SOEKARNO HATTA,2287793056
SMP SANTO YUSUP 2,-6.9148,107.6115,JL. JAWA NO. 2-6,2220522398
SMP SUMATERA 40,-6.9001,107.634,JL. PAHLAWAN NO.21,2270343696
SMP SEBELAS MARET,-6.9456,107.6128,JL. DENKI SELATAN V NO. 38,225227683
SMP TARUNA BAKTI,-6.9063,107.6234,JL. L.L.R.E. MARTADINATA NO. 52,224261468
SMP SANTO ALOYSIUS 2,-6.9606,107.64,JL. BATUNUNGGAL INDAH II NO. 30,227507418
SMP SANTO YUSUP,-6.9053,107.6619,JL. SULAKSANA BARU I NO. 18,7273633
SMP SANTO ALOYSIUS,-6.90541,107.6116,JL. SULTAN AGUNG NO. 4,224235568
SMP RAJAWALI,-6.9166,107.5843,JL. ANDIR NO. 117A/78,82115000000
SMP SANTA MARIA,-6.9139,107.6327,JL. JEND. AHMAD YANI NO. 273,7217382
SMP PLUS TEMARA ILMU,-6.9426,107.7124,JL. TERUSAN PANYILEUKAN BLOK LEMBANG BULEUD GANG PESANTREN,2279160707
SMP SANTA URSULA,-6.9129,107.6283,JL. TAMAN ANGGREK NO. 1,227274584
SMP PLUS SINDANG RESMI,-6.9363,107.5673,JL. CICUKANG NO. 26,226074204
SMP SALMAN AL FARISI,-6.88301,107.6226,JL. TUBAGUS ISMAIL VIII NO. 42 A,222515962
SMP PLUS INTAN AL-SALI,-6.8993,107.7296,JL. PASANGGRAHAN INDAH NO. 15,2263744941
SMP SANTA ANGELA,-6.91277,107.6109,JL. MERDEKA NO. 24,224214715
SMP PLUS BAITURRAHMAN,-6.9155,107.7061,JL. PROF. KHM SYADELY HASAN NO.44 NAGROG UJUNG BERUNG,2263737140
SMP PGRI 6,-6.8905,107.6237,JL. SADANG SERANG NO. 1 BANDUNG,222535723
SMP PGRI 9,-6.9408,107.6918,JL. GEDE BAGE NO. 17,0
SMP PGRI 8,-6.9082,107.665,JL. SINDANGSARI I NO. 7,2263637366
SMP PLUS AL GHIFARI,-6.922,107.6857,JL. INSPEKSI PENGAIRAN NO. 23 RT 04/03,227806223
SMP PGRI 5,-6.8783,107.5803,JL. SARIRASA BLOK IV NO. 100,0
SMP PGRI 4,-6.89083,107.5619,JL. GUNUNG BATU 30,2220562605
SMP PGRI 3,-6.91609,107.6353,JL. SUKABUMI DALAM NO. 4,87711000000
SMP PGRI 11,-6.9023,107.6426,JL. CIKUTRA NO.15,82115000000
SMP PGRI 7,-6.9593,107.6521,JL. KENCANAWANGI UTARA PANDANWANGI,227502478
SMP PGRI 2,-6.8613,107.6052,JL. CIUMBULEUIT NO 48 BANDUNG,2031676
SMP PELITA FAJAR,-6.9191,107.5883,JL. JENDERAL SUDIRMAN NO. 467,6001456
SMP PERTIWI,-6.9027,107.615,JL. KEBON BIBIT NO. 16,222510433
SMP PELITA BANGSA,-6.8954,107.6355,JL. SOEKARNO HATTA NO.391,225201214
SMP PGRI 1,-6.917,107.6261,JL. CENTEH NO.5,227306436
SMP PGRI 10,-6.9111,107.6925,JL. A.H. NASUTION NO.15,227807127
SMP PGII 2,-6.9004,107.6334,JL. PAHLAWAN BLK. NO. 17,2220511052
SMP PASUNDAN 10,-6.8788,107.579,JL. SARIRASA NO. 130 RT.04/RW.04 SARIJADI,81313000000
SMP PGII 1,-6.8981,107.6167,JL. PANATAYUDA NO. 2,222500604
SMP PAJAJARAN 1,-6.9066,107.577,JL. MALEBER UTARA NO.5 BANDUNG,0
SMP PANDU,-6.9054,107.5931,JL. PANDU NO. 6,226006539
SMP PELITA,-6.897,107.6448,JL. SEKEJATI CIKUTRA,0
SMP PASUNDAN 9,-6.9275,107.5854,JL. BABAKAN CIPARAY,226079366
SMP NUSANTARA RAYA,-6.9027,107.6574,JL. ANTAPANI NO.28,7277653
SMP NURUL HIDAYAH,-6.9266,107.66,JL. RANDUSARI V NO. 5,2287772530
SMP NUSANTARA,-6.9418,107.5918,JL. KOPO NO.322,226010187
SMP PAHLAWAN TOHA,-6.9363,107.5922,JL. PETA (SUKAMULYA I),2220560736
SMP PASUNDAN 1,-6.9242,107.608,JL. PASUNDAN NO.32,224203383
SMP NUGRAHA,-6.9513,107.6115,JL. PLN DALAM NO 4,5226701
SMP MUTIARA 3,-6.9461,107.5793,JL. CARINGIN GG. LUMBUNG II NO. 19,225415229
SMP MUTIARA BUNDA,-6.9091,107.6695,JL. PADANG GOLF NO. 11 ARCAMANIK,227204643
SMP NASIONAL,-6.8921,107.6302,JL. SADANG SERANG NO.17,222504610
SMP MUSLIMIN 5,-6.9347,107.7183,JL. MANISI NO.2 BUNDERAN CIBIRU,0
SMP MUTIARA 1,-6.9079,107.5778,JL. MALEBER UTARA NO.37,2220567982
SMP MUSLIMIN 3,-6.9244,107.6255,JL. LODAYA NO.38,89656000000
SMP MUHAMMADIYAH 4,-6.9121,107.5832,JL. ANDIR-RI WINATA BANDUNG,6040337
SMP MUHAMMADIYAH 7,-6.9406,107.6038,JL. LEUWI PANJANG GG. KEBON KALAPA NO.24,225233404
SMP MUHAMMADIYAH 5,-6.9245,107.6553,JL. SARIWATES RAYA NO. 6,0
SMP MUHAMMADIYAH 9,-6.9339,107.6799,JL. SUMBERSARI NO. 104,227835961
SMP MUTIARA 4,-6.9118,107.5702,JL. RAYA CIBEUREUM NO. 10,68606288
SMP MUHAMMADIYAH 6,-6.8939,107.5922,JL. SUKAGALIH GG. H. GOJALI NO.134 RT 06 RW 07,222036179
SMP MUHAMMADIYAH 2,-6.8891,107.5586,JL. RAYA CILEMBER GG. BUNISUGIH BANDUNG,89647000000
SMP MUHAMMADIYAH 8,-6.9179,107.6556,JL. KADIPATEN RAYA NO.4-6 ANTAPANI BANDUNG,227279057
SMP MUHAMMADIYAH 3,-6.9025,107.6529,JL. PHH MUSTOPA NO. 90/209C,2220521520
SMP MIFTAHUL IMAN,-6.8546,107.5936,JL. DR. SETIABUDHI 179/171 A RT 05 RW 04,222010399
SMP MADYA,-6.9507,107.6395,JL. SEKELIMUS UTARA I NO.16,227566834
SMP MUHAMMADIYAH 1,-6.9328,107.6242,JL. BANTENG DALAM NO. 6 BANDUNG,227306216
SMP LPPN,-6.9157,107.5855,KOTA BANDUNG,226040827
SMP MUHAMMADIYAH 10,-6.9161,107.7043,JL. A.H.NASUTION NO.168 BANDUNG,2263749889
SMP MAARIF,-6.9353,107.6355,JL. TRS. GALUNGGUNG NO 9,7333760
SMP LANGLANGBUANA 1,-6.896,107.6506,JL. TERUSAN CIMUNCANG NO.11,2220503150
SMP LANGLANGBUANA 2,-6.9071,107.6761,JL. RUSBANDI SH (ASPOL),7208701
SMP KUNTUM CEMERLANG,-6.86934,107.6164,JL. CIPAKU INDAH XI NO. 2,222005667
SMP KRISTEN REHOBOTH,-6.9251,107.606,JL. RD. DEWI SARTIKA NO.36-38,224224984
SMP KRISTEN YAHYA,-6.90539,107.6182,JL. LL. RE MARTADINATA 71A-73,224231542
SMP KRISTEN PAULUS,-6.904,107.5994,JL. DR. RAJIMAN 11,224264803
SMP KRISTEN TRIMULIA,-6.898,107.5889,JL. DR.DJUNJUNAN NO. 105,226037934
SMP KRISTEN HIDUP BARU,-6.8659,107.6059,JL. CIUMBULEUIT 160,2031739
SMP KRISTEN GAMALIEL,-6.9196,107.6027,JL. JENDERAL SUDIRMAN NO. 205-207,226003553
SMP KRISTEN BPPK,-6.9069,107.5944,JL. PAJAJARAN 91 BANDUNG,226018693
SMP KRISTEN BAPTIS,-6.9039,107.6063,JL. WASTUKENCANA 40,224263904
SMP LABORATORIUM-PERCONTOHAN UPI,-6.8619,107.5917,JL. SENJAYAGURU KAMPUS UPI BANDUNG,222012805
SMP KRISTEN KALAM KUDUS,-6.9506,107.5985,JL. MEKAR PUSPITA NO. 53 - 55,2285240578
SMP KRISTEN BALA KESELAMATAN,-6.9167,107.5982,JL. GARDUJATI NO. 89,226013297
SMP KRISTEN BPK PENABUR SINGGASANA,-6.9536,107.5989,JL. INDRA PRAHASTA TIMUR NO. 2,225436322
SMP KRISTEN 2 BINA BAKTI,-6.9074,107.5979,JL. BIMA NO. 9,226018868
SMP KRISTEN 4 BPK PENABUR,-6.9258,107.6209,JL. GUNTUR NO.34,227334013
SMP KIANSANTANG,-6.9163,107.5805,JL. JENDERAL SUDIRMAN NO. 330/77,2226024936
SMP KRISTEN 1 BINA BAKTI,-6.9123,107.5942,JL. BIMA 1-9,226074631
SMP KRISTEN 5 BPK PENABUR,-6.9171,107.5778,JL. JENDRAL SUDIRMAN 638,6018476
SMP KEMAH INDONESIA 4,-6.8874,107.625,JL. SADANG SERANG BLK NO. 2 RT 03/13,222510325
SMP KARYA PEMBANGUNAN 10,-6.9076,107.6882,JL. A.H.NASUTION NO.25A,227808267
SMP KEMALA BHAYANGKARI,-6.9321,107.6219,JL. PALASARI NO. 46 BANDUNG,227312139
SMP KARTIKA XIX-2,-6.8654,107.5881,JL. PAK GATOT RAYA NO. 73,222020411
SMP JENDERAL SUDIRMAN,-6.9329,107.592,JL. BABAKAN TAROGONG 119,226125782
SMP JUARA BANDUNG,-6.9386,107.7105,KOMP. TAMAN CIPADUNG INDAH RT 06/01,2279570657
SMP KRISTEN 1 BPK PENABUR,-6.9036,107.5973,JL. HOS TJOKROAMINOTO 157,226013181
SMP KARTIKA XIX-1,-6.913,107.6185,JL. BANGKA NO. 3,224231485
SMP KARTIKA X-1,-6.9291,107.6343,JL. JEND.GATOT SUBROTO,227317512
SMP ISLAM TERPADU LUQMANUL HAKIM,-6.9291,107.6755,JL. CINGISED NO. 531,2263724820
SMP ISLAM TERPADU AL-IRSYAD,-6.894,107.6393,JL. CIKUTRA NO. 205A,7271966
SMP ISTIQAMAH,-6.89613,107.6342,JL. PAHLAWAN NO.65,222507364
SMP ISLAM CENDEKIA MUDA,-6.9213,107.6756,JL. PURI AYU PRATAMA NO 17 ARCAMANIK,82121000000
SMP INTELIGENSIA,-6.9213,107.7092,JL. A.H NASUTION NO. 242,85315000000
SMP ISLAM AL WASLIYAH,-6.9361,107.6601,JL. KAWALUYAAN,227317593
SMP GUPPI,-6.9269,107.7025,JL. NEGLARASA NO.4 BANDUNG,227802949
SMP INDONESIA RAYA,-6.8891,107.5809,PROF. SURIA SUMANTRI NO. 33 B,222012369
SMP IGNATIUS SLAMET RIYADI,-6.9372,107.6436,JL. H. IBRAHIM AJI GG. KEBON KANGKUNG X,227320834
SMP HARAPAN KASIH,-6.9527,107.6039,JL. MEKAR KENCANA NO. 2A KOMPLEK MEKAR WANGI,81398000000
SMP GRACIA,-6.9222,107.6066,JL. CIBADAK GG. SEREH NO. 26,226014810
SMP GEMA PANCASILA,-6.9048,107.7234,JL. SEKEMALA RT.02/11,82120000000
SMP ISLAM AL-AZHAR 36,-6.9276,107.622,JL. PATUHA NO. 36,227333436
SMP GUNA DHARMA,-6.9181,107.7066,"JL. A.H. NASUTION KM.11,70",227816827
SMP HIKMAH TELADAN,-6.88946,107.558,JL. RAYA CILEMBER BLK NO. 286,226613496
SMP GANTRA,-6.901,107.7046,JL. CINANGKA NO.131,87883536
SMP EDU GLOBAL,-6.91818,107.6176,JL. KALIMANTAN NO. 7,227108377
SMP GANESHA,-6.9361,107.6113,JL. MOHAMAD TOHA NO.84,225207330
SMP EL FITRA,-6.94871,107.7063,JL. SEOKARNO HATTA NO. 4,87703000000
SMP DAARUL QURAN,-6.8505,107.6038,JL. NAGROG NO. 85 KAMP. CIWARU,2263728585
SMP DEWI SARTIKA,-6.9255,107.605,JL. KAUTAMAAN ISTRI NO. 12,224231509
SMP CITRA CEMARA,-6.9192,107.5733,JL. SOEKARNO HATTA NO 22,226032757
SMP BPPI BOJONG,-6.926,107.5711,JL. KAPUR RT 04 / RW 10 BOJONG RAYA,2220560221
SMP BUNGA BANGSA,-6.8676,107.6198,JL. DAGO BENGKOK NO. 3,2220455422
SMP BPP,-6.9185,107.6177,JL. KARTINI NO. 10 BANDUNG,224207390
SMP BUDI ISTRI,-6.9302,107.6193,JL.SANCANG NO.4 BANDUNG,227312428
SMP DAARUT TAUHIID BOARDING SCHOOL,-6.8625,107.5911,JL. GEGERKALONG GIRANG BARU NO.11 BANDUNG 40154,222003019
SMP BODHI SINAR TERANG,-6.91849,107.5869,JL. JENDERAL SUDIRMAN NO. 478-480,0
SMP BPK PENABUR BANDA,-6.91026,107.6269,JL. BANDA NO. 19,62224000000
SMP DARUL HIKAM,-6.879,107.6164,JL. IR. H. JUANDA 285 A BANDUNG,2501375
SMP BINTANG MULIA,-6.9543,107.602,JL. RADEN RANGGA KENCANA NO.1,5233892
SMP BPK PENABUR HOLIS,-6.9397,107.5646,KOMPLEKS TAMAN HOLIS INDAH BLOK A,226003636
SMP AR RAFI DRAJAT,-6.9405,107.6465,JL. SEKEJATI RAYA NO. 32,2273516938
SMP BPI 1,-6.92371,107.6194,JL. BURANGRANG NO.8 BANDUNG,227305735
SMP ALAM BANDUNG,-6.86683,107.6171,JL. CIKALAPA II NO. 4 KP. TANGGULAN DAGO POJOK,8157035310
SMP ASSALAAM,-6.9269,107.6071,JL. SASAKGANTUNG NO. 12-14,224201351
SMP AL KENZIE,-6.94228,107.6612,JL. KP. MARGAASIH - CIJAWURA,0
SMP ANGKASA LANUD HUSEIN SASTRANEGARA,-6.9059,107.5899,JL. PAJAJARAN NO.151,6078929
SMP AL-KHULAFA,-6.91261,107.7084,JL. NEGLASENANG III NO. 3,227804040
SMP ALFA CENTAURI,-6.9276,107.6234,JL. PALASARI NO. 9,227310894
SMP AL-IHSAN CIMENCRANG,-6.94479,107.706,CIMENCRANG CILAMETA NO. 13,2266737566
SMP AL ISLAM,-6.9096,107.7232,JL. CILENGKRANG I RT.05/RW.06,0
SMP AL HUSAINIYYAH,-6.8803,107.6063,JL. BUKIT JARIAN NO. 29/165 D,2041235
SMP AL HASAN,-6.9345,107.7089,KOMPLEK BUMI PANYILEUKAN N2,227814755
SMP ADVENT NARIPAN,-6.9186,107.6123,JL. NARIPAN NO. 91,224234027
SMP AL BIRUNI CERDAS MULIA,-6.9404,107.7113,JL. TERUSAN PANYILEUKAN NO. 11 SOEKARNO HATTA,87820566
SMP AISYIYAH BOARDING SCHOOL,-6.93125,107.6369,JL. TERUSAN RANCAGOONG 2 NO. 1,227313774
SMP ADVENT II BANDUNG,-6.885,107.6044,JL. DR. SETIABUDI NO. 1,2043220
SMP ADVENT CIMINDI,-6.9497,107.6031,JL. RAYA CIMINDI NO. 74,226010612
SMP NEGERI 74,-6.8925,107.5924,JL. SUKAGALIH NO. 108,0
SMP AL FALAH,-6.8828,107.6132,JL. CISITU BARU NO.52,222530135
SMP AL HADI BANDUNG,-6.9058,107.6718,JL. A.H.NASUTION NO.25,2263721574
SMP NEGERI 75,-6.9456,107.5802,JL. CARINGIN GG. LUMBUNG 2,225402000
SMP NEGERI 72,-6.9582,107.7064,JL. UTSMAN BIN AFFAN,0
SMP NEGERI 73,-6.91864,107.5834,JL. JEND. SUDIRMAN NO. 587,0
SMP NEGERI 70,-6.87374,107.5895,JL. SETRASARI TENGAH NO. 15,0
SMP NEGERI 68,-6.90403,107.5721,JL. TERUSAN PASTEUR NO.38,0
SMP NEGERI 71,-6.92183,107.7149,JL. MANGLAYANG I NO. 1,0
SMP NEGERI 69,-6.8819,107.6094,JL. SANGKURIANG NO. 87,0
SMP NEGERI 67,-6.90089,107.5658,JL. ASRAMA KIPAL NO. 55,226027757
SMP NEGERI 9,-6.9087,107.5969,JL. SEMAR NO. 5 BANDUNG,226014886
SMP NEGERI 8,-6.9125,107.7017,JL. ALUN-ALUN UTARA NO.211B UJUNGBERUNG,227800098
SMP NEGERI 65,-6.96635,107.6662,JL. BATURADEN VIII NO. 19,0
SMP NEGERI 66,-6.9429,107.6837,JL. RIUNG WARGI,82130000000
SMP NEGERI 64,-6.89127,107.5802,JL. DR. JUNGJUNAN NO.79,0
SMP NEGERI 63,-6.8925,107.6256,KP. PASIRKALIKI BARAT RT 10 RW 15,0
SMP NEGERI 62,-6.9298,107.6418,JL. KEBON GEDANG NO.82,0
SMP NEGERI 60,-6.9562,107.6145,JL. CIBURUY KAV. 59 MOCH TOHA,0
SMP NEGERI 58,-6.92297,107.7007,JL. PASANGGRAHAN IX,2263727844
SMP NEGERI 61,-6.9032,107.648,JL. BABAKAN HAJI TAMIM NO.33,0
SMP NEGERI 7,-6.907,107.6185,JL. AMBON NO. 23,224233470
SMP NEGERI 59,-6.90033,107.6657,JL. H. ABDUL HAMID NO. 66,227236166
SMP NEGERI 57,-6.93709,107.5534,JL. GEMPOL SARI NO. 142 RT.05/09,63001069
SMP NEGERI 55,-6.94057,107.5576,JL. BATU RENGAT RT. 04/01,8121454981
SMP NEGERI 6,-6.91854,107.6018,JL. H. YAKUB NO. 36,85880151
SMP NEGERI 56,-6.924,107.705,JL. PASANGGRAHAN IX RT.04/10,2263727844
SMP NEGERI 53,-6.8992,107.6808,JL. ARCAMANIK NO 10 SINDANGLAYA,227812698
SMP NEGERI 54,-6.95814,107.7065,JL. RAYA UTSMAN BIN AFFAN,0
SMP NEGERI 52,-6.8607,107.6065,JL. BUKIT RAYA CIUMBULEUIT,222034769
SMP NEGERI 51,-6.9653,107.6803,JL. DERWATI,227563831
SMP NEGERI 5,-6.9146,107.6141,JL. SUMATRA NO. 40,224207121
SMP NEGERI 50,-6.90743,107.6973,JL. PASIRJATI NO. 12,227800874
SMP NEGERI 49,-6.9074,107.6582,JL. ANTAPANI NO. 58 CICAHEUM,227275285
SMP NEGERI 48,-6.9663,107.6664,JL. BATURADEN VIII NO.19,7560480
SMP NEGERI 47,-6.8898,107.5587,JL. BUDI CILEMBER NO. 19 B,226652284
SMP NEGERI 46,-6.9156,107.7249,JL. CIGAGAK,227807214
SMP NEGERI 45,-6.92218,107.6602,JL. YOGYAKARTA ANTAPANI BANDUNG,227277721
SMP NEGERI 44,-6.9052,107.6201,JL. CIMANUK NO.1,224205409
SMP NEGERI 43,-6.92548,107.6068,JL. KAUTAMAAN ISTRI NO.31,224234863
SMP NEGERI 42,-6.9575,107.6721,JL. MANJAHLEGA BANDUNG,227565864
SMP NEGERI 40,-6.9055,107.6066,JL. WASTUKENCANA NO. 75 A,224239058
SMP NEGERI 4,-6.921,107.6259,JL. SAMOJA NO. 5,7312394
SMP NEGERI 41,-6.9153,107.5903,JL. ARJUNA NO. 18,226123942
SMP NEGERI 39,-6.9425,107.5688,JL. HOLIS NO.439,225406684
SMP NEGERI 38,-6.95753,107.5913,JL. BOROBUDUR CIBADUYUT RT 03 RW 04,0
SMP NEGERI 36,-6.94223,107.5741,JL. CARINGIN,226078507
SMP NEGERI 37,-6.92625,107.656,JL. BABAKAN SARI KIARACONDONG BANDUNG,227101104
SMP NEGERI 32,-6.9158,107.5904,JL ARJUNA NO 18 BANDUNG,226072410
SMP NEGERI 34,-6.9504,107.6258,JL. WAAS SOEKARNO HATTA,7565790
SMP NEGERI 35,-6.87443,107.6168,JL. DAGO POJOK NO. 12 BANDUNG,222505332
SMP NEGERI 33,-6.9283,107.59,JL. BABAKAN TAROGONG,226035940
SMP NEGERI 31,-6.9385,107.6405,JL. BINONG JATI NO. 139,227337017
SMP NEGERI 30,-6.9406,107.6447,JL. SEKEJATI NO.23,227305150
SMP NEGERI 3,-6.9292,107.6053,JL. RD. DEWI SARTIKA NO. 96,225207378
SMP NEGERI 26,-6.8827,107.5774,JL. SARIMANAH BLOK 23,2012277
SMP NEGERI 29,-6.8603,107.5865,JL. GEGER ARUM NO. 11 A,222012579
SMP NEGERI 27,-6.9055,107.6346,JL. YUDHAWASTU PRAMUKA I,227101246
SMP NEGERI 25,-6.9256,107.6009,JL. PAJAGALAN NO. 67,4265907
SMP NEGERI 23,-6.91492,107.5896,JL. ARJUNA NO. 20-22,6011128
SMP NEGERI 24,-6.93643,107.5866,JL. SUKAMULYA NO.33,226015090
SMP NEGERI 1,-6.9117,107.5966,JL. KSATRIAAN NO.12,6011429
SMP NEGERI 18,-6.952,107.6418,JL. SMP NO 5-6 TERUSAN KIARACONDONG,7566331
SMP NEGERI 22,-6.9118,107.6339,JL. WR SUPRATMAN NO. 24 BANDUNG,227271182
SMP NEGERI 23,-6.91492,107.5896,JL. ARJUNA NO. 20-22,6011128
SMP NEGERI 24,-6.93643,107.5866,JL. SUKAMULYA NO.33,226015090
SMP NEGERI 2,-6.914,107.6141,JL. SUMATERA NO.42,224204155
SMP NEGERI 19,-6.8862,107.6222,JL. SADANG LUHUR XI,222500657
SMP NEGERI 20,-6.9195,107.6261,JL. CENTEH NO. 5,227302884
SMP NEGERI 21,-6.94561,107.5802,JL. CARINGIN GG. LUMBUNG II,225402000
SMP NEGERI 16,-6.89945,107.6425,JL. PHH. MUSTOPA 53,227275281
SMP NEGERI 12,-6.86594,107.5934,JL. DR. SETIABUDHI NO. 195,2013947
SMP NEGERI 17,-6.9066,107.6726,JL. PACUAN KUDA ARCAMANIK,0
SMP NEGERI 15,-6.87445,107.5956,JL. SETIABUDI NO. 89,222034914
SMP BINAHARAPAN,-6.9167,107.6844,GOLF SELATAN IV NO 5 PERUM BINA MARGA,227801920
SMP NEGERI 14,-6.9081,107.6304,JL. LAPANGAN SUPRATMAN NO. 8,227272064
SMP NEGERI 13,-6.9353,107.6228,JL. MUTIARA NO.15,227305062
SMP NEGERI 11,-6.93478,107.6081,JL. H. SAMSUDIN NO.34,225200816
SMP PASUNDAN 4,-6.9166,107.6009,JL. KEBONJATI NO. 31 BANDUNG,224238548
SMP PASUNDAN 2,-6.9242,107.6079,JL. PASUNDAN NO.32,224201328
SMP PASUNDAN 3,-6.8909,107.6035,JL. BAPAK HUSEN BLK. NO. 4 (DEPAN RS ADVENT),2033542
SMP PASUNDAN 12,-6.8797,107.5768,JL. SARIRASA NO. 130/04 RT.04/04,2005092
SMP PASUNDAN 10,-6.8797,107.5789,JL. SARIRASA NO. 130 RT.04/RW.04 SARIJADI,83100264001
SMP YUDHISTIRA,-6.9584,107.5915,"JL, CIBADUYUT GG. KOPSI NO. 60",225422740
SMP YWKA,-6.9152,107.5763,JL. ELANG II NO. 2,226013492
SMP YPKKP,-6.9274,107.5653,JL.CIJERAH NO. 230,6000383
SMP PASUNDAN 1,-6.9242,107.608,JL. PASUNDAN NO.32,224203383
SMP PANDU,-6.9054,107.5931,JL. PANDU NO. 6,226006539
SMP YPU,-6.9237,107.6288,JL. CUKANGJATI NO. 5 RT.02/05 GATOT SUBROTO,227306538
SMP PAJAJARAN 1,-6.9066,107.577,"JL. MALEBER UTARA NO.5 
  BANDUNG",226014934
SMP YPI,-6.9016,107.5952,JL. MUHAMAD NO. 17 BANDUNG,226070867
SMP YP SEJATI,-6.9496,107.5883,JL. KOPO GG. PAKASIH NO.10,225405764
SMP YOS SUDARSO,-6.9289,107.6063,JLN. MOHAMAD TOHA NO. 19,225230723
SMP YAYASAN BUDI BAKTI,-6.9021,107.5879,JL. CITEPUS II NO. 3,2270425335
SMP YAMI,-6.9509,107.6091,JL. KARASAK BARU NO.16,225222362
SMP WYATA DHARMA,-6.92,107.6209,JL. AHMAD YANI NO. 107 A,224261736
SMP YAQIN,-6.896,107.5879,JL.DR.JUNJUNAN NO.3,226123877
SMP YAYASAN ATIKAN SUNDA,-6.901,107.6472,JL. PANGHULU HAJI HASAN MUSTAPA NO. 115,227218108
SMP WARINGIN,-6.915,107.5995,JL. KEBONJATI NO. 209,226029715
SMP TUNAS UNGGUL,-6.9029,107.6762,JL. PASIR IMPUN NO. 94,2287789420
SMP THARIIQUL JANNAH,-6.9278,107.6909,JL CISARANTEN WETAN 1 NO 138,85282212206
SMP TULUS KARTIKA,-6.9484,107.6619,JL. YUPITER TENGAH 2 NO.1,227502480
SMP TRIYASA,-6.9121,107.7042,UJUNGBERUNG,227800422
SMP TEMASEK INDEPENDENT SCHOOL,-6.86806,107.5879,JL. SINDANG SIRNA NO. 8,222031381
SMP VIJAYA KUSUMA,-6.9407,107.6506,JALAN MANDALA NO. 59 BANDUNG,227318626
SMP TERANG NUSANTARA,-6.9129,107.5777,JL. LMU. NURTANIO NO. 54-56,2220590741
SMP TAHFIZHUL QURAN AMANAH UMMAH,-6.9138,107.6841,JL. CICUKANG NO. 54 RT. 01 RW 09,63724730
SMP TAMANSISWA,-6.9288,107.6207,JL.TAMANSISWA NO.4 BANDUNG,227321628
SMP SWADAYA 2,-6.923,107.5888,JL. PAGARSIH GG. WD SASTRA,2286060854
SMP SWADAYA 1,-6.926,107.5889,JL PASIR KOJA NO.181,226124421
SMP TARUNA BAKTI,-6.9063,107.6234,JLN. L.L.R.E. MARTADINATA NO. 52,224261468
SMP SURYA KENCANA BHAKTI,-6.92256,107.6769,JL. CINGISED BLK PEMDA I,0
SMP SEMI PALAR,-6.89118,107.5912,JL. SUKAMULYA NO. 77-79,2270173412
SMP SUMATERA 40,-6.9001,107.634,JL. PAHLAWAN NO.21,2270343696
SMP SANTO YUSUP 2,-6.9148,107.6115,JL. JAWA NO. 2-6,2220522398
SMP SEBELAS MARET,-6.9456,107.6128,JL. DENKI SELATAN V NO. 38,225227683
SMP SETIA BHAKTI,-6.9379,107.6631,JL.KAWALUYAAN NO. 12 SOEKARNO HATTA,2287793056
SMP SANTO YUSUP,-6.9053,107.6619,JL. SULAKSANA BARU I NO. 18,7273633
SMP SANTO ALOYSIUS,-6.90541,107.6116,JL. SULTAN AGUNG NO. 4,224235568
SMP SANTO ALOYSIUS 2,-6.9606,107.64,JL. BATUNUNGGAL INDAH II NO. 30,227507418
SMP SANTA URSULA,-6.911,107.631,JL. TAMAN ANGGREK NO. 1,227274584
SMP SANTA MARIA,-6.9139,107.6327,JL. JEND. AHMAD YANI NO. 273,7217382
SMP RAJAWALI,-6.9166,107.5843,JL. ANDIR NO. 117A/78,82115111670
SMP QLP RABBANI BANDUNG,-6.9157,107.7051,JL. A.H. NASUTION NO. 285,85163104400
SMP SANTA ANGELA,-6.9128,107.6109,JL. MERDEKA NO. 24,224214715
SMP PLUS TEMARA ILMU,-6.9426,107.7124,JL. TERUSAN PANYILEUKAN BLOK LEMBANG BULEUD GANG PESANTREN,2279160707
SMP SALMAN AL FARISI,-6.88301,107.6226,JL. TUBAGUS ISMAIL VIII NO. 42 A,222515962
SMP PLUS SINDANG RESMI,-6.9363,107.5673,JL. CICUKANG NO. 26,226074204
SMP PLUS INTAN AL-SALI,-6.9135,107.7169,JL. PASANGGRAHAN INDAH NO. 15,2263744941
SMP PLUS BAITURRAHMAN,-6.9155,107.7061,JL. PROF. KHM SYADELY HASAN NO.44 NAGROG UJUNG BERUNG,2263737140
SMP PLUS AL GHIFARI,-6.922,107.6857,JL. INSPEKSI PENGAIRAN NO. 23 RT 04/03,227806223
SMP PGRI 9,-6.9408,107.6918,JL. GEDE BAGE NO. 17,0
SMP PGRI 6,-6.8905,107.6237,JL. SADANG SERANG NO. 1 BANDUNG,222535723
SMP PGRI 8,-6.9082,107.665,JL. SINDANGSARI I NO. 7,2263637366
SMP PGRI 5,-6.8783,107.5803,JL. SARIRASA BLOK IV NO. 100,0
SMP PGRI 4,-6.89083,107.5619,JL. GUNUNG BATU 30,2220562605
SMP PGRI 3,-6.91609,107.6353,JL. SUKABUMI DALAM NO. 4,87710791649
SMP PGRI 11,-6.9023,107.6426,JL. CIKUTRA NO.15,82115281860
SMP PGRI 7,-6.9593,107.6521,JL. KENCANAWANGI UTARA PANDANWANGI,227502478
SMP PGRI 2,-6.8613,107.6052,JL. CIUMBULEUIT NO 48 BANDUNG,2031676
SMP PERTIWI,-6.9027,107.615,JL. KEBON BIBIT NO. 16,222510433
SMP PGRI 1,-6.917,107.6261,JL. CENTEH NO.5,227306436
SMP PGRI 10,-6.9111,107.6925,JL. A.H. NASUTION NO.15,227807127
SMP PGII 2,-6.9004,107.6334,JL. PAHLAWAN BLK. NO. 17,2220511052
SMP PELITA FAJAR,-6.9191,107.5883,JL. JENDERAL SUDIRMAN NO. 467,6001456
SMP PELITA BANGSA,-6.8954,107.6355,JL. SOEKARNO HATTA NO.391,225201214
SMP PGII 1,-6.8981,107.6167,JL. PANATAYUDA NO. 2,222500604
SMP PELITA,-6.897,107.6448,JL. SEKEJATI CIKUTRA,0
SMP PASUNDAN 6,-6.9413,107.6298,JL. KLININGAN III NO. 11 A,2273517000
SMP PASUNDAN 5,-6.9426,107.5851,JL. BABAKAN CIPARAY BLK. NO 5,226122508
SMP PASUNDAN 8,-6.8955,107.6421,JL. CIKUTRA NO.201,2287771816
SMP PASUNDAN 9,-6.9275,107.5854,JL. BABAKAN CIPARAY,226079366
SMP PASUNDAN 7,-6.9159,107.5694,JL. CIJERAH GG. PELITA NO. 11,6010026
SMP NUSANTARA,-6.9418,107.5918,JL. KOPO NO.322,226010187
SMP NURUL HIDAYAH,-6.9266,107.66,JL. RANDUSARI V NO. 5,2287772530
SMP NUSANTARA RAYA,-6.9027,107.6574,JL. ANTAPANI NO.28,7277653
SMP NUGRAHA,-6.9513,107.6115,JL. PLN DALAM NO 4,5226701
SMP PAHLAWAN TOHA,-6.9363,107.5922,JL. PETA (SUKAMULYA I),2220560736
SMP NAJIB BARIQ,-6.8933,107.7069,JL. BABAKAN BATAWI NO. 198,81320172075
SMP MUTIARA BUNDA,-6.9091,107.6695,JL. PADANG GOLF NO. 11 ARCAMANIK,227204643
SMP MUTIARA 3,-6.9461,107.5793,JL. CARINGIN GG. LUMBUNG II NO. 19,225415229
SMP NASIONAL,-6.8921,107.6302,JL. SADANG SERANG NO.17,222504610
SMP MUTIARA 1,-6.9079,107.5778,JL. MALEBER UTARA NO.37,2220567982
SMP MUSLIMIN 5,-6.9347,107.7183,JL. MANISI NO.2 BUNDERAN CIBIRU,0
SMP MUSLIMIN 3,-6.9294,107.6106,JL. PUNGKUR NO. 151,89656146781
SMP MUHAMMADIYAH 9,-6.9339,107.6799,JL. SUMBERSARI NO. 104,227835961
SMP MUTIARA 4,-6.9118,107.5702,JL. RAYA CIBEUREUM NO. 10,68606288
SMP MUHAMMADIYAH 7,-6.9406,107.6038,JL. LEUWI PANJANG GG. KEBON KALAPA NO.24,225233404
SMP MUHAMMADIYAH 8,-6.9179,107.6556,JL. KADIPATEN RAYA NO.4-6 ANTAPANI BANDUNG,227279057
SMP MUHAMMADIYAH 4,-6.9121,107.5832,JL. ANDIR-RI WINATA BANDUNG,6040337
SMP MUHAMMADIYAH 5,-6.9245,107.6553,JL. SARIWATES RAYA NO. 6,0
SMP MUHAMMADIYAH 6,-6.8939,107.5922,JL. SUKAGALIH GG. H. GOJALI NO.134 RT 06 RW 07,222036179
SMP MUHAMMADIYAH 3,-6.9025,107.6529,JL. PHH MUSTOPA NO. 90/209C,2220521520
SMP MUHAMMADIYAH 2,-6.8891,107.5586,JL. RAYA CILEMBER GG. BUNISUGIH BANDUNG,89646898078
SMP MUHAMMADIYAH 1,-6.9328,107.6242,JL. BANTENG DALAM NO. 6 BANDUNG,227306216
SMP MIFTAHUL IMAN,-6.8546,107.5936,JL. DR. SETIABUDHI 179/171 A RT 05 RW 04,222010399
SMP LPPN,-6.9157,107.5855,KOTA BANDUNG,226040827
SMP MUHAMMADIYAH 10,-6.9161,107.7043,JL. A.H.NASUTION NO.168 BANDUNG,2263749889
SMP MAARIF,-6.9353,107.6355,JL.TRS. GALUNGGUNG NO 9,7333760
SMP MADYA,-6.9507,107.6395,JL. SEKELIMUS UTARA I NO.16,227566834
SMP LANGLANGBUANA 1,-6.896,107.6506,JL. TERUSAN CIMUNCANG NO.11,2220503150
SMP LANGLANGBUANA 2,-6.9071,107.6761,JL. RUSBANDI SH (ASPOL),7208701
SMP KRISTEN REHOBOTH,-6.9251,107.606,JL. RD. DEWI SARTIKA NO.36-38,224224984
SMP KUNTUM CEMERLANG,-6.86934,107.6164,JL. CIPAKU INDAH XI NO. 2,222005667
SMP LABORATORIUM-PERCONTOHAN UPI,-6.8619,107.5917,JL. SENJAYAGURU KAMPUS UPI BANDUNG,222012805
SMP KRISTEN YAHYA,-6.90539,107.6182,JL.LLRE MARTADINATA 71A-73,224231542
SMP KRISTEN TRIMULIA,-6.898,107.5889,JL. DR.DJUNJUNAN NO. 105,226037934
SMP KRISTEN PAULUS,-6.904,107.5994,JL. DR. RAJIMAN 11,224264803
SMP KRISTEN HIDUP BARU,-6.8659,107.6059,JL. CIUMBULEUIT 160,2031739
SMP KRISTEN KALAM KUDUS,-6.9506,107.5985,JL. MEKAR PUSPITA NO. 53 - 55,2285240578
SMP KRISTEN BPPK,-6.9069,107.5944,JL. PAJAJARAN 91 BANDUNG,226018693
SMP KRISTEN GAMALIEL,-6.9196,107.6027,JL. JENDERAL SUDIRMAN NO. 205-207,226003553
SMP KRISTEN BAPTIS,-6.9039,107.6063,JL. WASTUKENCANA 40,224263904
SMP KRISTEN BPK PENABUR SINGGASANA,-6.9536,107.5989,JL. INDRA PRAHASTA TIMUR NO. 2,225436322
SMP KRISTEN BALA KESELAMATAN,-6.9167,107.5982,JL. GARDUJATI NO. 89,226013297
SMP KRISTEN 2 BINA BAKTI,-6.9074,107.5979,JL. BIMA NO. 9,226018868
SMP KRISTEN 4 BPK PENABUR,-6.9258,107.6209,JL. GUNTUR NO.34,227334013
SMP KRISTEN 1 BINA BAKTI,-6.9123,107.5942,JL. BIMA 1-9,226074631
SMP KIANSANTANG,-6.9163,107.5805,JL. JENDERAL SUDIRMAN NO. 330/77,2220597485
SMP KRISTEN 5 BPK PENABUR,-6.9171,107.5778,JALAN JENDRAL SUDIRMAN 638,6018476
SMP KEMAH INDONESIA 4,-6.8874,107.625,JL. SADANG SERANG BLK NO. 2 RT 03/13,222510325
SMP KEMALA BHAYANGKARI,-6.9321,107.6219,JL. PALASARI NO. 46 BANDUNG,227312139
SMP KARYA PEMBANGUNAN 10,-6.9076,107.6882,JL. A.H.NASUTION NO.25A,227808267
SMP KRISTEN 1 BPK PENABUR,-6.9036,107.5973,JL. HOS TJOKROAMINOTO 157,226013181
SMP KARTIKA XIX-2,-6.8654,107.5881,JL. PAK GATOT RAYA NO. 73,222020411
SMP JENDERAL SUDIRMAN,-6.9329,107.592,JL. BABAKAN TAROGONG 119,226125782
SMP JUARA BANDUNG,-6.9386,107.7105,KOMP. TAMAN CIPADUNG INDAH RT 06/01,0
SMP KARTIKA XIX-1,-6.913,107.6185,JL. BANGKA NO. 3,224231485
SMP ITQAN ISLAMIC SCHOOL,0,0,JL. PADASUKA NO. 160,85793837300
SMP KARTIKA X-1,-6.9291,107.6343,JALAN CIKURAY NO. 2 KOMPLEK PUSSENKAV TNI AD,227317512
SMP ISTIQAMAH,-6.89613,107.6342,JL. PAHLAWAN NO.65,222507364
SMP ISLAM TERPADU AR-RIFQI,0,0,JL. TERUSAN PANYILEUKAN BLOK LEMBANG BULEUD,0
SMP ISLAM TERPADU LUQMANUL HAKIM,-6.9291,107.6755,JL. CINGISED NO. 531,2263724820
SMP ISLAM TERPADU AL-IRSYAD,-6.894,107.6393,JL. CIKUTRA NO. 205A,7271966
SMP ISLAM TERPADU AL FITRAH,0,0,JL. CIPAMOKOLAN NO. 59,0
SMP ISLAM CENDEKIA MUDA,-6.9213,107.6756,JL PURI AYU PRATAMA NO 17 ARCAMANIK,82121022114
SMP ISLAM AL WASLIYAH,-6.9361,107.6601,JL. KAWALUYAAN,227317593
SMP INDONESIA RAYA,-6.8891,107.5809,PROF. SURIA SUMANTRI NO. 33 B,222012369
SMP INTELIGENSIA,-6.9213,107.7092,JL. A.H NASUTION NO. 242,85314529216
SMP ISLAM AL-AZHAR 36,-6.9276,107.622,JL. PATUHA NO. 36,227333436
SMP IGNATIUS SLAMET RIYADI,-6.9372,107.6436,JL. H. IBRAHIM AJI GG. KEBON KANGKUNG X,227320834
SMP GRACIA,-6.9222,107.6066,JL. CIBADAK GG. SEREH NO. 26,226014810
SMP HARAPAN KASIH,-6.9527,107.6039,JL. MEKAR KENCANA NO. 2A KOMPLEK MEKAR WANGI,81398393799
SMP GUNA DHARMA,-6.9181,107.7066,"JL. A.H. NASUTION KM.11,70",227816827
SMP HIKMAH TELADAN,-6.88946,107.558,JL. RAYA CILEMBER BLK NO. 286,226613496
SMP GEMA PANCASILA,-6.9048,107.7234,JL. SEKEMALA RT.02/11,82119609425
SMP GANTRA,-6.901,107.7046,JL. CINANGKA NO.131,87883536
SMP EL FITRA,-6.94871,107.7063,JL. SEOKARNO HATTA NO. 4,87702855942
SMP GANESHA,-6.9361,107.6113,JL. MOHAMAD TOHA NO.84,225207330
SMP EDU GLOBAL,-6.91818,107.6176,JL. KALIMANTAN NO. 7,227108377
SMP DAARUL QURAN,-6.9027,107.7159,JL. NAGROG NO. 85 KAMP. CIWARU,2263728585
SMP CITRA CEMARA,-6.9192,107.5733,JL. SOEKARNO HATTA NO 22,226032757
SMP DEWI SARTIKA,-6.9255,107.605,JL. KAUTAMAAN ISTRI NO. 12,224231509
SMP DARUL HIKAM,-6.879,107.6164,JL. IR. H. JUANDA 285 A BANDUNG,2501375
SMP DAARUT TAUHIID BOARDING SCHOOL,-6.8625,107.5911,JL. GEGERKALONG GIRANG BARU NO.11 BANDUNG 40154,8112243019
SMP BUNGA BANGSA,-6.8638,107.6212,JL. DAGO BENGKOK NO. 3,2220455422
SMP BPPI BOJONG,-6.926,107.5711,JL. KAPUR RT 04 / RW 10 BOJONG RAYA,2220560221
SMP BUDI ISTRI,-6.9302,107.6193,JL.SANCANG NO.4 BANDUNG,227312428
SMP BPP,-6.9185,107.6177,JL. KARTINI NO. 10 BANDUNG,224207390
SMP BODHI SINAR TERANG,-6.91849,107.5869,JL. JENDERAL SUDIRMAN NO. 478-480,0
SMP BPK PENABUR BANDA,-6.91026,107.6269,JL. BANDA NO. 19,62224210787
SMP BPK PENABUR HOLIS,-6.9397,107.5646,KOMPLEKS TAMAN HOLIS INDAH BLOK A,226003636
SMP BPI 1,-6.92371,107.6194,JL. BURANGRANG NO.8 BANDUNG,227305735
SMP BINTANG MULIA,-6.9543,107.602,JL. RADEN RANGGA KENCANA NO.1,5233892
SMP BINTANG MADANI,-6.91302,107.6817,JL. TERUSAN PESANTREN NO. 102,227211124
SMP BINA DHARMA 3,-6.8696,107.5925,JL GEGER KALONG HILIR NO. 18,222013882
SMP BINA SARANA CENDEKIA,-6.89801,107.6365,JL. P.H.H MUSTOFA NO. 25,227234025
SMP BANDUNG ISLAMIC SCHOOL,-6.935,107.6234,JL. VAN DE VENTER NO. 12,0
SMP BANDUNG INSTITUT,-6.9123,107.7242,JL. MANGLAYANG I NO. 7,227802208
SMP BAHTERA,-6.9213,107.6714,JL. ARCAMANIK ENDAH NO. 107,2287241065
SMP BINA DHARMA 2,6.9275,107.6504,JL. BABAKAN SARI 1 NO. 131,227272862
SMP AR RAFI DRAJAT,-6.9405,107.6465,JL. SEKEJATI RAYA NO. 32,2273516938
SMP ASSALAAM,-6.9269,107.6071,JL. SASAKGANTUNG NO. 12-14,224201351
SMP ANGKASA LANUD HUSEIN SASTRANEGARA,-6.9059,107.5899,JL. PAJAJARAN NO.151,6078929
SMP AL-KAUTSAR LABSCHOOL,-6.9497,107.6439,JL. ANTAMURNI NO. 7,81224479494
SMP AL-KHULAFA,-6.91261,107.7084,JL. NEGLASENANG III NO. 3,0
SMP ALAM BANDUNG,-6.86683,107.6171,JL. CIKALAPA II NO. 4 KP. TANGGULAN DAGO POJOK,8157035310
SMP ALFA CENTAURI,-6.9276,107.6234,JL. PALASARI NO. 9,227310894
SMP AL-IHSAN CIMENCRANG,-6.94479,107.706,CIMENCRANG CILAMETA NO. 13,2266737566
SMP AL KENZIE,-6.94228,107.6612,JL. KP. MARGAASIH - CIJAWURA,0
SMP AL HUSAINIYYAH,-6.8803,107.6063,JALAN BUKIT JARIAN NO. 29/165 D,2041235
SMP AL ISLAM,-6.9096,107.7232,JL.CILENGKRANG I RT.05/RW.06,0
SMP AL HASAN,-6.9345,107.7089,KOMPLEK BUMI PANYILEUKAN N2,227814755
SMP ADVENT NARIPAN,-6.9186,107.6123,JL. NARIPAN NO. 91,224234027
SMP AISYIYAH BOARDING SCHOOL,-6.93125,107.6369,JL. TERUSAN RANCAGOONG 2 NO. 1,227313774
SMP AL BIRUNI CERDAS MULIA,-6.9404,107.7113,JL. TERUSAN PANYILEUKAN NO. 11 SOEKARNO HATTA,87820566
SMP ADVENT II BANDUNG,-6.885,107.6044,JL. DR. SETIABUDI NO. 1,2043220
SMP AL FALAH,-6.8828,107.6132,JL. CISITU BARU NO.52,222530135
SMP ADVENT CIMINDI,-6.9497,107.6031,JL. RAYA CIMINDI NO. 74,226010612
SMP AL HADI BANDUNG,-6.9058,107.6718,JL. A.H.NASUTION NO.25,2263721574
SMP NEGERI 72,-6.9418,107.7128,JL. UTSMAN BIN AFFAN,0
SMP NEGERI 75,-6.9456,107.5802,JL. CARINGIN GG. LUMBUNG 2,225402000
SMP NEGERI 74,-6.8925,107.5924,JL. SUKAGALIH NO. 108,0
SMP NEGERI 73,-6.91864,107.5834,JL. JEND. SUDIRMAN NO. 587,0
SMP NEGERI 70,-6.87374,107.5895,JL. SETRASARI TENGAH NO. 15,0
SMP NEGERI 9,-6.9087,107.5969,JL. SEMAR NO. 5 BANDUNG,226014886
SMP NEGERI 71,-6.92183,107.7149,JL. MANGLAYANG I NO. 1,0
SMP NEGERI 8,-6.9125,107.7017,JL. ALUN-ALUN UTARA NO.211B UJUNGBERUNG,227800098
SMP NEGERI 69,-6.8819,107.6094,JL. SANGKURIANG NO. 87,0
SMP NEGERI 68,-6.90403,107.5721,JL. TERUSAN PASTEUR NO.38,0
SMP NEGERI 67,-6.90089,107.5658,JL. ASRAMA KIPAL NO. 55,226027757
SMP NEGERI 65,-6.96635,107.6662,JL. BATURADEN VIII NO. 19,0
SMP NEGERI 64,-6.89127,107.5802,JL. DR. JUNGJUNAN NO.79,0
SMP NEGERI 63,-6.8925,107.6256,KP. PASIRKALIKI BARAT RT 10 RW 15,0
SMP NEGERI 66,-6.9429,107.6837,JL. RIUNG WARGI,82129531014
SMP NEGERI 7,-6.907,107.6185,JL. AMBON NO. 23,224233470
SMP NEGERI 62,-6.9298,107.6418,JL.KEBON GEDANG NO.82,0
SMP NEGERI 60,-6.9562,107.6145,JL. CIBURUY KAV. 59 MOCH TOHA,0
SMP NEGERI 61,-6.9032,107.648,JL. BABAKAN HAJI TAMIM NO.33,0
SMP NEGERI 59,-6.9007,107.6596,JL. H. ABDUL HAMID NO. 66,227236166
SMP NEGERI 58,-6.92297,107.7007,JL. PASANGGRAHAN IX,2263727844
SMP NEGERI 6,-6.91854,107.6018,JL. H. YAKUB NO. 36,85880151
SMP NEGERI 55,-6.94057,107.5576,JL. BATU RENGAT RT. 04/01,8121454981
SMP NEGERI 57,-6.93709,107.5534,JL. GEMPOL SARI NO. 142 RT.05/09,63001069
SMP NEGERI 56,-6.924,107.705,JL. PASANGGRAHAN IX RT.04/10,2263727844
SMP NEGERI 54,-6.95814,107.7065,JL. RAYA UTSMAN BIN AFFAN,0
SMP NEGERI 53,-6.8992,107.6808,JL. ARCAMANIK NO 10 SINDANGLAYA,227812698
SMP NEGERI 52,-6.8607,107.6065,JL. BUKIT RAYA CIUMBULEUIT,222034769
SMP NEGERI 51,-6.9653,107.6803,JL.DERWATI,227563831
SMP NEGERI 50,-6.9074,107.6973,JL. PASIRJATI NO. 12,7800874
SMP NEGERI 5,-6.9146,107.6141,JL. SUMATRA NO. 40,224207121
SMP NEGERI 49,-6.9074,107.6582,JL. ANTAPANI NO. 58 CICAHEUM,227275285
SMP NEGERI 48,-6.9663,107.6664,JL. BATURADEN VIII NO.19,7560480
SMP NEGERI 47,-6.8898,107.5587,JL. BUDI CILEMBER NO. 19 B,226652284
SMP NEGERI 46,-6.9156,107.7249,JL. CIGAGAK,227807214
SMP NEGERI 45,-6.92218,107.6602,JL. YOGYAKARTA ANTAPANI BANDUNG,227277721
SMP NEGERI 44,-6.9052,107.6201,JL. CIMANUK NO.1,224205409
SMP NEGERI 43,-6.92548,107.6068,JL. KAUTAMAAN ISTRI NO.31,224234863
SMP NEGERI 42,-6.9575,107.6721,JL. MANJAHLEGA BANDUNG,227565864
SMP NEGERI 4,-6.921,107.6259,JL. SAMOJA NO. 5,7312394
SMP NEGERI 40,-6.9055,107.6066,JL. WASTUKENCANA NO. 75 A,224239058
SMP NEGERI 41,-6.9153,107.5903,JL. ARJUNA NO. 18,226123942
SMP NEGERI 39,-6.9425,107.5688,JL. HOLIS NO.439,225406684
SMP NEGERI 38,-6.95753,107.5913,JL. BOROBUDUR CIBADUYUT RT 03 RW 04,0
SMP NEGERI 36,-6.94223,107.5741,JL. CARINGIN,226078507
SMP NEGERI 34,-6.9504,107.6258,JL. WAAS SOEKARNO HATTA,7565790
SMP NEGERI 35,-6.87443,107.6168,JL. DAGO POJOK NO. 12 BANDUNG,222505332
SMP NEGERI 37,-6.92625,107.656,JL. BABAKAN SARI KIARACONDONG BANDUNG,227101104
SMP NEGERI 33,-6.9283,107.59,JL. BABAKAN TAROGONG,226035940
SMP NEGERI 32,-6.9158,107.5904,JL ARJUNA NO 18 BANDUNG,226072410
SMP NEGERI 3,-6.9292,107.6053,JL. RD. DEWI SARTIKA NO. 96,225207378
SMP NEGERI 30,-6.9406,107.6447,JL. SEKEJATI NO.23,227305150
SMP NEGERI 31,-6.9385,107.6405,JL. BINONG JATI NO. 139,227337017
SMP NEGERI 29,-6.8607,107.5862,JL. GEGER ARUM NO. 11 A,222012579
SMP NEGERI 28,-6.9375,107.626,JL. SOLONTONGAN II BUAHBATU,227304544
SMP NEGERI 26,-6.8827,107.5774,JL. SARIMANAH BLOK 23,2012277
SMP NEGERI 27,-6.9055,107.6346,JL. YUDHAWASTU PRAMUKA I,227101246
SMP NEGERI 25,-6.9256,107.6009,JL. PAJAGALAN NO. 67,4265907
SMP NEGERI 10,-6.9291,107.606,JL. RD. DEWI SARTIKA NO.115,5210133
SMP NEGERI 1,-6.9117,107.5966,JL. KSATRIAAN NO.12,6011429
SMP NEGERI 18,-6.952,107.6418,JL. SMP NO 5-6 TERUSAN KIARACONDONG,7566331
SMP NEGERI 22,-6.9118,107.6339,JL. WR SUPRATMAN NO. 24 BANDUNG,227271182
SMP NEGERI 23,-6.91492,107.5896,JL. ARJUNA NO. 20-22,6011128
SMP NEGERI 24,-6.93643,107.5866,JL. SUKAMULYA NO.33,226015090
SMP NEGERI 2,-6.914,107.6141,JL. SUMATERA NO.42,224204155
SMP NEGERI 19,-6.8862,107.6222,JL. SADANG LUHUR XI,222500657
SMP NEGERI 20,-6.9195,107.6261,JL. CENTEH NO. 5,227302884
SMP NEGERI 21,-6.94561,107.5802,JL. CARINGIN GG. LUMBUNG II,225402000
SMP NEGERI 16,-6.89945,107.6425,JL. PHH. MUSTOPA 53,227275281
SMP NEGERI 12,-6.86594,107.5934,JL. DR. SETIABUDHI NO. 195,2013947
SMP NEGERI 17,-6.9066,107.6726,JL. PACUAN KUDA ARCAMANIK,0
SMP NEGERI 15,-6.87445,107.5956,JL. SETIABUDI NO. 89,222034914
SMP BINAHARAPAN,-6.9167,107.6844,GOLF SELATAN IV NO 5 PERUM BINA MARGA,227801920
SMP NEGERI 14,-6.9081,107.6304,JL. LAPANGAN SUPRATMAN NO. 8,227272064
SMP NEGERI 13,-6.9353,107.6228,JL. MUTIARA NO.15,227305062
SMP NEGERI 11,-6.93478,107.6081,JL. H. SAMSUDIN NO.34,225200816
SMP PASUNDAN 4,-6.9166,107.6009,JL. KEBONJATI NO. 31 BANDUNG,224238548
SMP PASUNDAN 2,-6.9242,107.6079,JL. PASUNDAN NO.32,224201328
SMP PASUNDAN 3,-6.8909,107.6035,JL. BAPAK HUSEN BLK. NO. 4 (DEPAN RS ADVENT),2033542
SMP PASUNDAN 12,-6.8797,107.5768,JL. SARIRASA NO. 130/04 RT.04/04,2005092
SMP PASUNDAN 10,-6.8797,107.5789,JL. SARIRASA NO. 130 RT.04/RW.04 SARIJADI,83100264001
SMP YUDHISTIRA,-6.9584,107.5915,"JL, CIBADUYUT GG. KOPSI NO. 60",225422740
SMP YWKA,-6.9152,107.5763,JL. ELANG II NO. 2,226013492
SMP YPKKP,-6.9274,107.5653,JL.CIJERAH NO. 230,6000383
SMP PASUNDAN 1,-6.9242,107.608,JL. PASUNDAN NO.32,224203383
SMP PANDU,-6.9054,107.5931,JL. PANDU NO. 6,226006539
SMP YPU,-6.9237,107.6288,JL. CUKANGJATI NO. 5 RT.02/05 GATOT SUBROTO,227306538
SMP PAJAJARAN 1,-6.9066,107.577,"JL. MALEBER UTARA NO.5 
  BANDUNG",226014934
SMP YPI,-6.9016,107.5952,JL. MUHAMAD NO. 17 BANDUNG,226070867
SMP YP SEJATI,-6.9496,107.5883,JL. KOPO GG. PAKASIH NO.10,225405764
SMP YOS SUDARSO,-6.9289,107.6063,JLN. MOHAMAD TOHA NO. 19,225230723
SMP YAYASAN BUDI BAKTI,-6.9021,107.5879,JL. CITEPUS II NO. 3,2270425335
SMP YAMI,-6.9509,107.6091,JL. KARASAK BARU NO.16,225222362
SMP WYATA DHARMA,-6.92,107.6209,JL. AHMAD YANI NO. 107 A,224261736
SMP YAQIN,-6.896,107.5879,JL.DR.JUNJUNAN NO.3,226123877
SMP YAYASAN ATIKAN SUNDA,-6.901,107.6472,JL. PANGHULU HAJI HASAN MUSTAPA NO. 115,227218108
SMP WARINGIN,-6.915,107.5995,JL. KEBONJATI NO. 209,226029715
SMP TUNAS UNGGUL,-6.9029,107.6762,JL. PASIR IMPUN NO. 94,2287789420
SMP THARIIQUL JANNAH,-6.9278,107.6909,JL CISARANTEN WETAN 1 NO 138,85282212206
SMP TULUS KARTIKA,-6.9484,107.6619,JL. YUPITER TENGAH 2 NO.1,227502480
SMP TRIYASA,-6.9121,107.7042,UJUNGBERUNG,227800422
SMP TEMASEK INDEPENDENT SCHOOL,-6.86806,107.5879,JL. SINDANG SIRNA NO. 8,222031381
SMP VIJAYA KUSUMA,-6.9407,107.6506,JALAN MANDALA NO. 59 BANDUNG,227318626
SMP TERANG NUSANTARA,-6.9129,107.5777,JL. LMU. NURTANIO NO. 54-56,2220590741
SMP TAHFIZHUL QURAN AMANAH UMMAH,-6.9138,107.6841,JL. CICUKANG NO. 54 RT. 01 RW 09,63724730
SMP TAMANSISWA,-6.9288,107.6207,JL.TAMANSISWA NO.4 BANDUNG,227321628
SMP SWADAYA 2,-6.923,107.5888,JL. PAGARSIH GG. WD SASTRA,2286060854
SMP SWADAYA 1,-6.926,107.5889,JL PASIR KOJA NO.181,226124421
SMP TARUNA BAKTI,-6.9063,107.6234,JLN. L.L.R.E. MARTADINATA NO. 52,224261468
SMP SURYA KENCANA BHAKTI,-6.92256,107.6769,JL. CINGISED BLK PEMDA I,0
SMP SEMI PALAR,-6.89118,107.5912,JL. SUKAMULYA NO. 77-79,2270173412
SMP SUMATERA 40,-6.9001,107.634,JL. PAHLAWAN NO.21,2270343696
SMP SANTO YUSUP 2,-6.9148,107.6115,JL. JAWA NO. 2-6,2220522398
SMP SEBELAS MARET,-6.9456,107.6128,JL. DENKI SELATAN V NO. 38,225227683
SMP SETIA BHAKTI,-6.9379,107.6631,JL.KAWALUYAAN NO. 12 SOEKARNO HATTA,2287793056
SMP SANTO YUSUP,-6.9053,107.6619,JL. SULAKSANA BARU I NO. 18,7273633
SMP SANTO ALOYSIUS,-6.90541,107.6116,JL. SULTAN AGUNG NO. 4,224235568
SMP SANTO ALOYSIUS 2,-6.9606,107.64,JL. BATUNUNGGAL INDAH II NO. 30,227507418
SMP SANTA URSULA,-6.911,107.631,JL. TAMAN ANGGREK NO. 1,227274584
SMP SANTA MARIA,-6.9139,107.6327,JL. JEND. AHMAD YANI NO. 273,7217382
SMP RAJAWALI,-6.9166,107.5843,JL. ANDIR NO. 117A/78,82115111670
SMP QLP RABBANI BANDUNG,-6.9157,107.7051,JL. A.H. NASUTION NO. 285,85163104400
SMP SANTA ANGELA,-6.9128,107.6109,JL. MERDEKA NO. 24,224214715
SMP PLUS TEMARA ILMU,-6.9426,107.7124,JL. TERUSAN PANYILEUKAN BLOK LEMBANG BULEUD GANG PESANTREN,2279160707
SMP SALMAN AL FARISI,-6.88301,107.6226,JL. TUBAGUS ISMAIL VIII NO. 42 A,222515962
SMP PLUS SINDANG RESMI,-6.9363,107.5673,JL. CICUKANG NO. 26,226074204
SMP PLUS INTAN AL-SALI,-6.9135,107.7169,JL. PASANGGRAHAN INDAH NO. 15,2263744941
SMP PLUS BAITURRAHMAN,-6.9155,107.7061,JL. PROF. KHM SYADELY HASAN NO.44 NAGROG UJUNG BERUNG,2263737140
SMP PLUS AL GHIFARI,-6.922,107.6857,JL. INSPEKSI PENGAIRAN NO. 23 RT 04/03,227806223
SMP PGRI 9,-6.9408,107.6918,JL. GEDE BAGE NO. 17,0
SMP PGRI 6,-6.8905,107.6237,JL. SADANG SERANG NO. 1 BANDUNG,222535723
SMP PGRI 8,-6.9082,107.665,JL. SINDANGSARI I NO. 7,2263637366
SMP PGRI 5,-6.8783,107.5803,JL. SARIRASA BLOK IV NO. 100,0
SMP PGRI 4,-6.89083,107.5619,JL. GUNUNG BATU 30,2220562605
SMP PGRI 3,-6.91609,107.6353,JL. SUKABUMI DALAM NO. 4,87710791649
SMP PGRI 11,-6.9023,107.6426,JL. CIKUTRA NO.15,82115281860
SMP PGRI 7,-6.9593,107.6521,JL. KENCANAWANGI UTARA PANDANWANGI,227502478
SMP PGRI 2,-6.8613,107.6052,JL. CIUMBULEUIT NO 48 BANDUNG,2031676
SMP PERTIWI,-6.9027,107.615,JL. KEBON BIBIT NO. 16,222510433
SMP PGRI 1,-6.917,107.6261,JL. CENTEH NO.5,227306436
SMP PGRI 10,-6.9111,107.6925,JL. A.H. NASUTION NO.15,227807127
SMP PGII 2,-6.9004,107.6334,JL. PAHLAWAN BLK. NO. 17,2220511052
SMP PELITA FAJAR,-6.9191,107.5883,JL. JENDERAL SUDIRMAN NO. 467,6001456
SMP PELITA BANGSA,-6.8954,107.6355,JL. SOEKARNO HATTA NO.391,225201214
SMP PGII 1,-6.8981,107.6167,JL. PANATAYUDA NO. 2,222500604
SMP PELITA,-6.897,107.6448,JL. SEKEJATI CIKUTRA,0
SMP PASUNDAN 6,-6.9413,107.6298,JL. KLININGAN III NO. 11 A,2273517000
SMP PASUNDAN 5,-6.9426,107.5851,JL. BABAKAN CIPARAY BLK. NO 5,226122508
SMP PASUNDAN 8,-6.8955,107.6421,JL. CIKUTRA NO.201,2287771816
SMP PASUNDAN 9,-6.9275,107.5854,JL. BABAKAN CIPARAY,226079366
SMP PASUNDAN 7,-6.9159,107.5694,JL. CIJERAH GG. PELITA NO. 11,6010026
SMP NUSANTARA,-6.9418,107.5918,JL. KOPO NO.322,226010187
SMP NURUL HIDAYAH,-6.9266,107.66,JL. RANDUSARI V NO. 5,2287772530
SMP NUSANTARA RAYA,-6.9027,107.6574,JL. ANTAPANI NO.28,7277653
SMP NUGRAHA,-6.9513,107.6115,JL. PLN DALAM NO 4,5226701
SMP PAHLAWAN TOHA,-6.9363,107.5922,JL. PETA (SUKAMULYA I),2220560736
SMP NAJIB BARIQ,-6.8933,107.7069,JL. BABAKAN BATAWI NO. 198,81320172075
SMP MUTIARA BUNDA,-6.9091,107.6695,JL. PADANG GOLF NO. 11 ARCAMANIK,227204643
SMP MUTIARA 3,-6.9461,107.5793,JL. CARINGIN GG. LUMBUNG II NO. 19,225415229
SMP NASIONAL,-6.8921,107.6302,JL. SADANG SERANG NO.17,222504610
SMP MUTIARA 1,-6.9079,107.5778,JL. MALEBER UTARA NO.37,2220567982
SMP MUSLIMIN 5,-6.9347,107.7183,JL. MANISI NO.2 BUNDERAN CIBIRU,0
SMP MUSLIMIN 3,-6.9294,107.6106,JL. PUNGKUR NO. 151,89656146781
SMP MUHAMMADIYAH 9,-6.9339,107.6799,JL. SUMBERSARI NO. 104,227835961
SMP MUTIARA 4,-6.9118,107.5702,JL. RAYA CIBEUREUM NO. 10,68606288
SMP MUHAMMADIYAH 7,-6.9406,107.6038,JL. LEUWI PANJANG GG. KEBON KALAPA NO.24,225233404
SMP MUHAMMADIYAH 8,-6.9179,107.6556,JL. KADIPATEN RAYA NO.4-6 ANTAPANI BANDUNG,227279057
SMP MUHAMMADIYAH 4,-6.9121,107.5832,JL. ANDIR-RI WINATA BANDUNG,6040337
SMP MUHAMMADIYAH 5,-6.9245,107.6553,JL. SARIWATES RAYA NO. 6,0
SMP MUHAMMADIYAH 6,-6.8939,107.5922,JL. SUKAGALIH GG. H. GOJALI NO.134 RT 06 RW 07,222036179
SMP MUHAMMADIYAH 3,-6.9025,107.6529,JL. PHH MUSTOPA NO. 90/209C,2220521520
SMP MUHAMMADIYAH 2,-6.8891,107.5586,JL. RAYA CILEMBER GG. BUNISUGIH BANDUNG,89646898078
SMP MUHAMMADIYAH 1,-6.9328,107.6242,JL. BANTENG DALAM NO. 6 BANDUNG,227306216
SMP MIFTAHUL IMAN,-6.8546,107.5936,JL. DR. SETIABUDHI 179/171 A RT 05 RW 04,222010399
SMP LPPN,-6.9157,107.5855,KOTA BANDUNG,226040827
SMP MUHAMMADIYAH 10,-6.9161,107.7043,JL. A.H.NASUTION NO.168 BANDUNG,2263749889
SMP MAARIF,-6.9353,107.6355,JL.TRS. GALUNGGUNG NO 9,7333760
SMP MADYA,-6.9507,107.6395,JL. SEKELIMUS UTARA I NO.16,227566834
SMP LANGLANGBUANA 1,-6.896,107.6506,JL. TERUSAN CIMUNCANG NO.11,2220503150
SMP LANGLANGBUANA 2,-6.9071,107.6761,JL. RUSBANDI SH (ASPOL),7208701
SMP KRISTEN REHOBOTH,-6.9251,107.606,JL. RD. DEWI SARTIKA NO.36-38,224224984
SMP KUNTUM CEMERLANG,-6.86934,107.6164,JL. CIPAKU INDAH XI NO. 2,222005667
SMP LABORATORIUM-PERCONTOHAN UPI,-6.8619,107.5917,JL. SENJAYAGURU KAMPUS UPI BANDUNG,222012805
SMP KRISTEN YAHYA,-6.90539,107.6182,JL.LLRE MARTADINATA 71A-73,224231542
SMP KRISTEN TRIMULIA,-6.898,107.5889,JL. DR.DJUNJUNAN NO. 105,226037934
SMP KRISTEN PAULUS,-6.904,107.5994,JL. DR. RAJIMAN 11,224264803
SMP KRISTEN HIDUP BARU,-6.8659,107.6059,JL. CIUMBULEUIT 160,2031739
SMP KRISTEN KALAM KUDUS,-6.9506,107.5985,JL. MEKAR PUSPITA NO. 53 - 55,2285240578
SMP KRISTEN BPPK,-6.9069,107.5944,JL. PAJAJARAN 91 BANDUNG,226018693
SMP KRISTEN GAMALIEL,-6.9196,107.6027,JL. JENDERAL SUDIRMAN NO. 205-207,226003553
SMP KRISTEN BAPTIS,-6.9039,107.6063,JL. WASTUKENCANA 40,224263904
SMP KRISTEN BPK PENABUR SINGGASANA,-6.9536,107.5989,JL. INDRA PRAHASTA TIMUR NO. 2,225436322
SMP KRISTEN BALA KESELAMATAN,-6.9167,107.5982,JL. GARDUJATI NO. 89,226013297
SMP KRISTEN 2 BINA BAKTI,-6.9074,107.5979,JL. BIMA NO. 9,226018868
SMP KRISTEN 4 BPK PENABUR,-6.9258,107.6209,JL. GUNTUR NO.34,227334013
SMP KRISTEN 1 BINA BAKTI,-6.9123,107.5942,JL. BIMA 1-9,226074631
SMP KIANSANTANG,-6.9163,107.5805,JL. JENDERAL SUDIRMAN NO. 330/77,2220597485
SMP KRISTEN 5 BPK PENABUR,-6.9171,107.5778,JALAN JENDRAL SUDIRMAN 638,6018476
SMP KEMAH INDONESIA 4,-6.8874,107.625,JL. SADANG SERANG BLK NO. 2 RT 03/13,222510325
SMP KEMALA BHAYANGKARI,-6.9321,107.6219,JL. PALASARI NO. 46 BANDUNG,227312139
SMP KARYA PEMBANGUNAN 10,-6.9076,107.6882,JL. A.H.NASUTION NO.25A,227808267
SMP KRISTEN 1 BPK PENABUR,-6.9036,107.5973,JL. HOS TJOKROAMINOTO 157,226013181
SMP KARTIKA XIX-2,-6.8654,107.5881,JL. PAK GATOT RAYA NO. 73,222020411
SMP JENDERAL SUDIRMAN,-6.9329,107.592,JL. BABAKAN TAROGONG 119,226125782
SMP JUARA BANDUNG,-6.9386,107.7105,KOMP. TAMAN CIPADUNG INDAH RT 06/01,0
SMP KARTIKA XIX-1,-6.913,107.6185,JL. BANGKA NO. 3,224231485
SMP ITQAN ISLAMIC SCHOOL,0,0,JL. PADASUKA NO. 160,85793837300
SMP KARTIKA X-1,-6.9291,107.6343,JALAN CIKURAY NO. 2 KOMPLEK PUSSENKAV TNI AD,227317512
SMP ISTIQAMAH,-6.89613,107.6342,JL. PAHLAWAN NO.65,222507364
SMP ISLAM TERPADU AR-RIFQI,0,0,JL. TERUSAN PANYILEUKAN BLOK LEMBANG BULEUD,0
SMP ISLAM TERPADU LUQMANUL HAKIM,-6.9291,107.6755,JL. CINGISED NO. 531,2263724820
SMP ISLAM TERPADU AL-IRSYAD,-6.894,107.6393,JL. CIKUTRA NO. 205A,7271966
SMP ISLAM TERPADU AL FITRAH,0,0,JL. CIPAMOKOLAN NO. 59,0
SMP ISLAM CENDEKIA MUDA,-6.9213,107.6756,JL PURI AYU PRATAMA NO 17 ARCAMANIK,82121022114
SMP ISLAM AL WASLIYAH,-6.9361,107.6601,JL. KAWALUYAAN,227317593
SMP INDONESIA RAYA,-6.8891,107.5809,PROF. SURIA SUMANTRI NO. 33 B,222012369
SMP INTELIGENSIA,-6.9213,107.7092,JL. A.H NASUTION NO. 242,85314529216
SMP ISLAM AL-AZHAR 36,-6.9276,107.622,JL. PATUHA NO. 36,227333436
SMP IGNATIUS SLAMET RIYADI,-6.9372,107.6436,JL. H. IBRAHIM AJI GG. KEBON KANGKUNG X,227320834
SMP GRACIA,-6.9222,107.6066,JL. CIBADAK GG. SEREH NO. 26,226014810
SMP HARAPAN KASIH,-6.9527,107.6039,JL. MEKAR KENCANA NO. 2A KOMPLEK MEKAR WANGI,81398393799
SMP GUNA DHARMA,-6.9181,107.7066,"JL. A.H. NASUTION KM.11,70",227816827
SMP HIKMAH TELADAN,-6.88946,107.558,JL. RAYA CILEMBER BLK NO. 286,226613496
SMP GEMA PANCASILA,-6.9048,107.7234,JL. SEKEMALA RT.02/11,82119609425
SMP GANTRA,-6.901,107.7046,JL. CINANGKA NO.131,87883536
SMP EL FITRA,-6.94871,107.7063,JL. SEOKARNO HATTA NO. 4,87702855942
SMP GANESHA,-6.9361,107.6113,JL. MOHAMAD TOHA NO.84,225207330
SMP EDU GLOBAL,-6.91818,107.6176,JL. KALIMANTAN NO. 7,227108377
SMP DAARUL QURAN,-6.9027,107.7159,JL. NAGROG NO. 85 KAMP. CIWARU,2263728585
SMP CITRA CEMARA,-6.9192,107.5733,JL. SOEKARNO HATTA NO 22,226032757
SMP DEWI SARTIKA,-6.9255,107.605,JL. KAUTAMAAN ISTRI NO. 12,224231509
SMP DARUL HIKAM,-6.879,107.6164,JL. IR. H. JUANDA 285 A BANDUNG,2501375
SMP DAARUT TAUHIID BOARDING SCHOOL,-6.8625,107.5911,JL. GEGERKALONG GIRANG BARU NO.11 BANDUNG 40154,8112243019
SMP BUNGA BANGSA,-6.8638,107.6212,JL. DAGO BENGKOK NO. 3,2220455422
SMP BPPI BOJONG,-6.926,107.5711,JL. KAPUR RT 04 / RW 10 BOJONG RAYA,2220560221
SMP BUDI ISTRI,-6.9302,107.6193,JL.SANCANG NO.4 BANDUNG,227312428
SMP BPP,-6.9185,107.6177,JL. KARTINI NO. 10 BANDUNG,224207390
SMP BODHI SINAR TERANG,-6.91849,107.5869,JL. JENDERAL SUDIRMAN NO. 478-480,0
SMP BPK PENABUR BANDA,-6.91026,107.6269,JL. BANDA NO. 19,62224210787
SMP BPK PENABUR HOLIS,-6.9397,107.5646,KOMPLEKS TAMAN HOLIS INDAH BLOK A,226003636
SMP BPI 1,-6.92371,107.6194,JL. BURANGRANG NO.8 BANDUNG,227305735
SMP BINTANG MULIA,-6.9543,107.602,JL. RADEN RANGGA KENCANA NO.1,5233892
SMP BINTANG MADANI,-6.91302,107.6817,JL. TERUSAN PESANTREN NO. 102,227211124
SMP BINA DHARMA 3,-6.8696,107.5925,JL GEGER KALONG HILIR NO. 18,222013882
SMP BINA SARANA CENDEKIA,-6.89801,107.6365,JL. P.H.H MUSTOFA NO. 25,227234025
SMP BANDUNG ISLAMIC SCHOOL,-6.935,107.6234,JL. VAN DE VENTER NO. 12,0
SMP BANDUNG INSTITUT,-6.9123,107.7242,JL. MANGLAYANG I NO. 7,227802208
SMP BAHTERA,-6.9213,107.6714,JL. ARCAMANIK ENDAH NO. 107,2287241065
SMP BINA DHARMA 2,6.9275,107.6504,JL. BABAKAN SARI 1 NO. 131,227272862
SMP AR RAFI DRAJAT,-6.9405,107.6465,JL. SEKEJATI RAYA NO. 32,2273516938
SMP ASSALAAM,-6.9269,107.6071,JL. SASAKGANTUNG NO. 12-14,224201351
SMP ANGKASA LANUD HUSEIN SASTRANEGARA,-6.9059,107.5899,JL. PAJAJARAN NO.151,6078929
SMP AL-KAUTSAR LABSCHOOL,-6.9497,107.6439,JL. ANTAMURNI NO. 7,81224479494
SMP AL-KHULAFA,-6.91261,107.7084,JL. NEGLASENANG III NO. 3,0
SMP ALAM BANDUNG,-6.86683,107.6171,JL. CIKALAPA II NO. 4 KP. TANGGULAN DAGO POJOK,8157035310
SMP ALFA CENTAURI,-6.9276,107.6234,JL. PALASARI NO. 9,227310894
SMP AL-IHSAN CIMENCRANG,-6.94479,107.706,CIMENCRANG CILAMETA NO. 13,2266737566
SMP AL KENZIE,-6.94228,107.6612,JL. KP. MARGAASIH - CIJAWURA,0
SMP AL HUSAINIYYAH,-6.8803,107.6063,JALAN BUKIT JARIAN NO. 29/165 D,2041235
SMP AL ISLAM,-6.9096,107.7232,JL.CILENGKRANG I RT.05/RW.06,0
SMP AL HASAN,-6.9345,107.7089,KOMPLEK BUMI PANYILEUKAN N2,227814755
SMP ADVENT NARIPAN,-6.9186,107.6123,JL. NARIPAN NO. 91,224234027
SMP AISYIYAH BOARDING SCHOOL,-6.93125,107.6369,JL. TERUSAN RANCAGOONG 2 NO. 1,227313774
SMP AL BIRUNI CERDAS MULIA,-6.9404,107.7113,JL. TERUSAN PANYILEUKAN NO. 11 SOEKARNO HATTA,87820566
SMP ADVENT II BANDUNG,-6.885,107.6044,JL. DR. SETIABUDI NO. 1,2043220
SMP AL FALAH,-6.8828,107.6132,JL. CISITU BARU NO.52,222530135
SMP ADVENT CIMINDI,-6.9497,107.6031,JL. RAYA CIMINDI NO. 74,226010612
SMP AL HADI BANDUNG,-6.9058,107.6718,JL. A.H.NASUTION NO.25,2263721574
SMP NEGERI 72,-6.9418,107.7128,JL. UTSMAN BIN AFFAN,0
SMP NEGERI 75,-6.9456,107.5802,JL. CARINGIN GG. LUMBUNG 2,225402000
SMP NEGERI 74,-6.8925,107.5924,JL. SUKAGALIH NO. 108,0
SMP NEGERI 73,-6.91864,107.5834,JL. JEND. SUDIRMAN NO. 587,0
SMP NEGERI 70,-6.87374,107.5895,JL. SETRASARI TENGAH NO. 15,0
SMP NEGERI 9,-6.9087,107.5969,JL. SEMAR NO. 5 BANDUNG,226014886
SMP NEGERI 71,-6.92183,107.7149,JL. MANGLAYANG I NO. 1,0
SMP NEGERI 8,-6.9125,107.7017,JL. ALUN-ALUN UTARA NO.211B UJUNGBERUNG,227800098
SMP NEGERI 69,-6.8819,107.6094,JL. SANGKURIANG NO. 87,0
SMP NEGERI 68,-6.90403,107.5721,JL. TERUSAN PASTEUR NO.38,0
SMP NEGERI 67,-6.90089,107.5658,JL. ASRAMA KIPAL NO. 55,226027757
SMP NEGERI 65,-6.96635,107.6662,JL. BATURADEN VIII NO. 19,0
SMP NEGERI 64,-6.89127,107.5802,JL. DR. JUNGJUNAN NO.79,0
SMP NEGERI 63,-6.8925,107.6256,KP. PASIRKALIKI BARAT RT 10 RW 15,0
SMP NEGERI 66,-6.9429,107.6837,JL. RIUNG WARGI,82129531014
SMP NEGERI 7,-6.907,107.6185,JL. AMBON NO. 23,224233470
SMP NEGERI 62,-6.9298,107.6418,JL.KEBON GEDANG NO.82,0
SMP NEGERI 60,-6.9562,107.6145,JL. CIBURUY KAV. 59 MOCH TOHA,0
SMP NEGERI 61,-6.9032,107.648,JL. BABAKAN HAJI TAMIM NO.33,0
SMP NEGERI 59,-6.9007,107.6596,JL. H. ABDUL HAMID NO. 66,227236166
SMP NEGERI 58,-6.92297,107.7007,JL. PASANGGRAHAN IX,2263727844
SMP NEGERI 6,-6.91854,107.6018,JL. H. YAKUB NO. 36,85880151
SMP NEGERI 55,-6.94057,107.5576,JL. BATU RENGAT RT. 04/01,8121454981
SMP NEGERI 57,-6.93709,107.5534,JL. GEMPOL SARI NO. 142 RT.05/09,63001069
SMP NEGERI 56,-6.924,107.705,JL. PASANGGRAHAN IX RT.04/10,2263727844
SMP NEGERI 54,-6.95814,107.7065,JL. RAYA UTSMAN BIN AFFAN,0
SMP NEGERI 53,-6.8992,107.6808,JL. ARCAMANIK NO 10 SINDANGLAYA,227812698
SMP NEGERI 52,-6.8607,107.6065,JL. BUKIT RAYA CIUMBULEUIT,222034769
SMP NEGERI 51,-6.9653,107.6803,JL.DERWATI,227563831
SMP NEGERI 50,-6.9074,107.6973,JL. PASIRJATI NO. 12,7800874
SMP NEGERI 5,-6.9146,107.6141,JL. SUMATRA NO. 40,224207121
SMP NEGERI 49,-6.9074,107.6582,JL. ANTAPANI NO. 58 CICAHEUM,227275285
SMP NEGERI 48,-6.9663,107.6664,JL. BATURADEN VIII NO.19,7560480
SMP NEGERI 47,-6.8898,107.5587,JL. BUDI CILEMBER NO. 19 B,226652284
SMP NEGERI 46,-6.9156,107.7249,JL. CIGAGAK,227807214
SMP NEGERI 45,-6.92218,107.6602,JL. YOGYAKARTA ANTAPANI BANDUNG,227277721
SMP NEGERI 44,-6.9052,107.6201,JL. CIMANUK NO.1,224205409
SMP NEGERI 43,-6.92548,107.6068,JL. KAUTAMAAN ISTRI NO.31,224234863
SMP NEGERI 42,-6.9575,107.6721,JL. MANJAHLEGA BANDUNG,227565864
SMP NEGERI 4,-6.921,107.6259,JL. SAMOJA NO. 5,7312394
SMP NEGERI 40,-6.9055,107.6066,JL. WASTUKENCANA NO. 75 A,224239058
SMP NEGERI 41,-6.9153,107.5903,JL. ARJUNA NO. 18,226123942
SMP NEGERI 39,-6.9425,107.5688,JL. HOLIS NO.439,225406684
SMP NEGERI 38,-6.95753,107.5913,JL. BOROBUDUR CIBADUYUT RT 03 RW 04,0
SMP NEGERI 36,-6.94223,107.5741,JL. CARINGIN,226078507
SMP NEGERI 34,-6.9504,107.6258,JL. WAAS SOEKARNO HATTA,7565790
SMP NEGERI 35,-6.87443,107.6168,JL. DAGO POJOK NO. 12 BANDUNG,222505332
SMP NEGERI 37,-6.92625,107.656,JL. BABAKAN SARI KIARACONDONG BANDUNG,227101104
SMP NEGERI 33,-6.9283,107.59,JL. BABAKAN TAROGONG,226035940
SMP NEGERI 32,-6.9158,107.5904,JL ARJUNA NO 18 BANDUNG,226072410
SMP NEGERI 3,-6.9292,107.6053,JL. RD. DEWI SARTIKA NO. 96,225207378
SMP NEGERI 30,-6.9406,107.6447,JL. SEKEJATI NO.23,227305150
SMP NEGERI 31,-6.9385,107.6405,JL. BINONG JATI NO. 139,227337017
SMP NEGERI 29,-6.8607,107.5862,JL. GEGER ARUM NO. 11 A,222012579
SMP NEGERI 28,-6.9375,107.626,JL. SOLONTONGAN II BUAHBATU,227304544
SMP NEGERI 26,-6.8827,107.5774,JL. SARIMANAH BLOK 23,2012277
SMP NEGERI 27,-6.9055,107.6346,JL. YUDHAWASTU PRAMUKA I,227101246
SMP NEGERI 25,-6.9256,107.6009,JL. PAJAGALAN NO. 67,4265907
SMP NEGERI 10,-6.9291,107.606,JL. RD. DEWI SARTIKA NO.115,5210133
SMP NEGERI 1,-6.9117,107.5966,JL. KSATRIAAN NO.12,6011429
SMP NEGERI 18,-6.952,107.6418,JL. SMP NO 5-6 TERUSAN KIARACONDONG,7566331
SMP NEGERI 22,-6.9118,107.6339,JL. WR SUPRATMAN NO. 24 BANDUNG,227271182
SMP NEGERI 23,-6.91492,107.5896,JL. ARJUNA NO. 20-22,6011128
SMP NEGERI 24,-6.93643,107.5866,JL. SUKAMULYA NO.33,226015090
SMP NEGERI 2,-6.914,107.6141,JL. SUMATERA NO.42,224204155
SMP NEGERI 19,-6.8862,107.6222,JL. SADANG LUHUR XI,222500657
SMP NEGERI 20,-6.9195,107.6261,JL. CENTEH NO. 5,227302884
SMP NEGERI 21,-6.94561,107.5802,JL. CARINGIN GG. LUMBUNG II,225402000
SMP NEGERI 16,-6.89945,107.6425,JL. PHH. MUSTOPA 53,227275281
SMP NEGERI 12,-6.86594,107.5934,JL. DR. SETIABUDHI NO. 195,2013947
SMP NEGERI 17,-6.9066,107.6726,JL. PACUAN KUDA ARCAMANIK,0
SMP NEGERI 15,-6.87445,107.5956,JL. SETIABUDI NO. 89,222034914
SMP BINAHARAPAN,-6.9167,107.6844,GOLF SELATAN IV NO 5 PERUM BINA MARGA,227801920
SMP NEGERI 14,-6.9081,107.6304,JL. LAPANGAN SUPRATMAN NO. 8,227272064
SMP NEGERI 13,-6.9353,107.6228,JL. MUTIARA NO.15,227305062
SMP NEGERI 11,-6.93478,107.6081,JL. H. SAMSUDIN NO.34,225200816
SMP PASUNDAN 4,-6.9166,107.6009,JL. KEBONJATI NO. 31 BANDUNG,224238548
SMP PASUNDAN 2,-6.9242,107.6079,JL. PASUNDAN NO.32,224201328
SMP PASUNDAN 3,-6.8909,107.6035,JL. BAPAK HUSEN BLK. NO. 4 (DEPAN RS ADVENT),2033542
SMP PASUNDAN 12,-6.8797,107.5768,JL. SARIRASA NO. 130/04 RT.04/04,2005092
SMP PASUNDAN 10,-6.8797,107.5789,JL. SARIRASA NO. 130 RT.04/RW.04 SARIJADI,83100264001
SMP YUDHISTIRA,-6.9584,107.5915,"JL, CIBADUYUT GG. KOPSI NO. 60",225422740
SMP YWKA,-6.9152,107.5763,JL. ELANG II NO. 2,226013492
SMP YPKKP,-6.9274,107.5653,JL.CIJERAH NO. 230,6000383
SMP PASUNDAN 1,-6.9242,107.608,JL. PASUNDAN NO.32,224203383
SMP PANDU,-6.9054,107.5931,JL. PANDU NO. 6,226006539
SMP YPU,-6.9237,107.6288,JL. CUKANGJATI NO. 5 RT.02/05 GATOT SUBROTO,227306538
SMP PAJAJARAN 1,-6.9066,107.577,"JL. MALEBER UTARA NO.5 
  BANDUNG",226014934
SMP YPI,-6.9016,107.5952,JL. MUHAMAD NO. 17 BANDUNG,226070867
SMP YP SEJATI,-6.9496,107.5883,JL. KOPO GG. PAKASIH NO.10,225405764
SMP YOS SUDARSO,-6.9289,107.6063,JLN. MOHAMAD TOHA NO. 19,225230723
SMP YAYASAN BUDI BAKTI,-6.9021,107.5879,JL. CITEPUS II NO. 3,2270425335
SMP YAMI,-6.9509,107.6091,JL. KARASAK BARU NO.16,225222362
SMP WYATA DHARMA,-6.92,107.6209,JL. AHMAD YANI NO. 107 A,224261736
SMP YAQIN,-6.896,107.5879,JL.DR.JUNJUNAN NO.3,226123877
SMP YAYASAN ATIKAN SUNDA,-6.901,107.6472,JL. PANGHULU HAJI HASAN MUSTAPA NO. 115,227218108
SMP WARINGIN,-6.915,107.5995,JL. KEBONJATI NO. 209,226029715
SMP TUNAS UNGGUL,-6.9029,107.6762,JL. PASIR IMPUN NO. 94,2287789420
SMP THARIIQUL JANNAH,-6.9278,107.6909,JL CISARANTEN WETAN 1 NO 138,85282212206
SMP TULUS KARTIKA,-6.9484,107.6619,JL. YUPITER TENGAH 2 NO.1,227502480
SMP TRIYASA,-6.9121,107.7042,UJUNGBERUNG,227800422
SMP TEMASEK INDEPENDENT SCHOOL,-6.86806,107.5879,JL. SINDANG SIRNA NO. 8,222031381
SMP VIJAYA KUSUMA,-6.9407,107.6506,JALAN MANDALA NO. 59 BANDUNG,227318626
SMP TERANG NUSANTARA,-6.9129,107.5777,JL. LMU. NURTANIO NO. 54-56,2220590741
SMP TAHFIZHUL QURAN AMANAH UMMAH,-6.9138,107.6841,JL. CICUKANG NO. 54 RT. 01 RW 09,63724730
SMP TAMANSISWA,-6.9288,107.6207,JL.TAMANSISWA NO.4 BANDUNG,227321628
SMP SWADAYA 2,-6.923,107.5888,JL. PAGARSIH GG. WD SASTRA,2286060854
SMP SWADAYA 1,-6.926,107.5889,JL PASIR KOJA NO.181,226124421
SMP TARUNA BAKTI,-6.9063,107.6234,JLN. L.L.R.E. MARTADINATA NO. 52,224261468
SMP SURYA KENCANA BHAKTI,-6.92256,107.6769,JL. CINGISED BLK PEMDA I,0
SMP SEMI PALAR,-6.89118,107.5912,JL. SUKAMULYA NO. 77-79,2270173412
SMP SUMATERA 40,-6.9001,107.634,JL. PAHLAWAN NO.21,2270343696
SMP SANTO YUSUP 2,-6.9148,107.6115,JL. JAWA NO. 2-6,2220522398
SMP SEBELAS MARET,-6.9456,107.6128,JL. DENKI SELATAN V NO. 38,225227683
SMP SETIA BHAKTI,-6.9379,107.6631,JL.KAWALUYAAN NO. 12 SOEKARNO HATTA,2287793056
SMP SANTO YUSUP,-6.9053,107.6619,JL. SULAKSANA BARU I NO. 18,7273633
SMP SANTO ALOYSIUS,-6.90541,107.6116,JL. SULTAN AGUNG NO. 4,224235568
SMP SANTO ALOYSIUS 2,-6.9606,107.64,JL. BATUNUNGGAL INDAH II NO. 30,227507418
SMP SANTA URSULA,-6.911,107.631,JL. TAMAN ANGGREK NO. 1,227274584
SMP SANTA MARIA,-6.9139,107.6327,JL. JEND. AHMAD YANI NO. 273,7217382
SMP RAJAWALI,-6.9166,107.5843,JL. ANDIR NO. 117A/78,82115111670
SMP QLP RABBANI BANDUNG,-6.9157,107.7051,JL. A.H. NASUTION NO. 285,85163104400
SMP SANTA ANGELA,-6.9128,107.6109,JL. MERDEKA NO. 24,224214715
SMP PLUS TEMARA ILMU,-6.9426,107.7124,JL. TERUSAN PANYILEUKAN BLOK LEMBANG BULEUD GANG PESANTREN,2279160707
SMP SALMAN AL FARISI,-6.88301,107.6226,JL. TUBAGUS ISMAIL VIII NO. 42 A,222515962
SMP PLUS SINDANG RESMI,-6.9363,107.5673,JL. CICUKANG NO. 26,226074204
SMP PLUS INTAN AL-SALI,-6.9135,107.7169,JL. PASANGGRAHAN INDAH NO. 15,2263744941
SMP PLUS BAITURRAHMAN,-6.9155,107.7061,JL. PROF. KHM SYADELY HASAN NO.44 NAGROG UJUNG BERUNG,2263737140
SMP PLUS AL GHIFARI,-6.922,107.6857,JL. INSPEKSI PENGAIRAN NO. 23 RT 04/03,227806223
SMP PGRI 9,-6.9408,107.6918,JL. GEDE BAGE NO. 17,0
SMP PGRI 6,-6.8905,107.6237,JL. SADANG SERANG NO. 1 BANDUNG,222535723
SMP PGRI 8,-6.9082,107.665,JL. SINDANGSARI I NO. 7,2263637366
SMP PGRI 5,-6.8783,107.5803,JL. SARIRASA BLOK IV NO. 100,0
SMP PGRI 4,-6.89083,107.5619,JL. GUNUNG BATU 30,2220562605
SMP PGRI 3,-6.91609,107.6353,JL. SUKABUMI DALAM NO. 4,87710791649
SMP PGRI 11,-6.9023,107.6426,JL. CIKUTRA NO.15,82115281860
SMP PGRI 7,-6.9593,107.6521,JL. KENCANAWANGI UTARA PANDANWANGI,227502478
SMP PGRI 2,-6.8613,107.6052,JL. CIUMBULEUIT NO 48 BANDUNG,2031676
SMP PERTIWI,-6.9027,107.615,JL. KEBON BIBIT NO. 16,222510433
SMP PGRI 1,-6.917,107.6261,JL. CENTEH NO.5,227306436
SMP PGRI 10,-6.9111,107.6925,JL. A.H. NASUTION NO.15,227807127
SMP PGII 2,-6.9004,107.6334,JL. PAHLAWAN BLK. NO. 17,2220511052
SMP PELITA FAJAR,-6.9191,107.5883,JL. JENDERAL SUDIRMAN NO. 467,6001456
SMP PELITA BANGSA,-6.8954,107.6355,JL. SOEKARNO HATTA NO.391,225201214
SMP PGII 1,-6.8981,107.6167,JL. PANATAYUDA NO. 2,222500604
SMP PELITA,-6.897,107.6448,JL. SEKEJATI CIKUTRA,0
SMP PASUNDAN 6,-6.9413,107.6298,JL. KLININGAN III NO. 11 A,2273517000
SMP PASUNDAN 5,-6.9426,107.5851,JL. BABAKAN CIPARAY BLK. NO 5,226122508
SMP PASUNDAN 8,-6.8955,107.6421,JL. CIKUTRA NO.201,2287771816
SMP PASUNDAN 9,-6.9275,107.5854,JL. BABAKAN CIPARAY,226079366
SMP PASUNDAN 7,-6.9159,107.5694,JL. CIJERAH GG. PELITA NO. 11,6010026
SMP NUSANTARA,-6.9418,107.5918,JL. KOPO NO.322,226010187
SMP NURUL HIDAYAH,-6.9266,107.66,JL. RANDUSARI V NO. 5,2287772530
SMP NUSANTARA RAYA,-6.9027,107.6574,JL. ANTAPANI NO.28,7277653
SMP NUGRAHA,-6.9513,107.6115,JL. PLN DALAM NO 4,5226701
SMP PAHLAWAN TOHA,-6.9363,107.5922,JL. PETA (SUKAMULYA I),2220560736
SMP NAJIB BARIQ,-6.8933,107.7069,JL. BABAKAN BATAWI NO. 198,81320172075
SMP MUTIARA BUNDA,-6.9091,107.6695,JL. PADANG GOLF NO. 11 ARCAMANIK,227204643
SMP MUTIARA 3,-6.9461,107.5793,JL. CARINGIN GG. LUMBUNG II NO. 19,225415229
SMP NASIONAL,-6.8921,107.6302,JL. SADANG SERANG NO.17,222504610
SMP MUTIARA 1,-6.9079,107.5778,JL. MALEBER UTARA NO.37,2220567982
SMP MUSLIMIN 5,-6.9347,107.7183,JL. MANISI NO.2 BUNDERAN CIBIRU,0
SMP MUSLIMIN 3,-6.9294,107.6106,JL. PUNGKUR NO. 151,89656146781
SMP MUHAMMADIYAH 9,-6.9339,107.6799,JL. SUMBERSARI NO. 104,227835961
SMP MUTIARA 4,-6.9118,107.5702,JL. RAYA CIBEUREUM NO. 10,68606288
SMP MUHAMMADIYAH 7,-6.9406,107.6038,JL. LEUWI PANJANG GG. KEBON KALAPA NO.24,225233404
SMP MUHAMMADIYAH 8,-6.9179,107.6556,JL. KADIPATEN RAYA NO.4-6 ANTAPANI BANDUNG,227279057
SMP MUHAMMADIYAH 4,-6.9121,107.5832,JL. ANDIR-RI WINATA BANDUNG,6040337
SMP MUHAMMADIYAH 5,-6.9245,107.6553,JL. SARIWATES RAYA NO. 6,0
SMP MUHAMMADIYAH 6,-6.8939,107.5922,JL. SUKAGALIH GG. H. GOJALI NO.134 RT 06 RW 07,222036179
SMP MUHAMMADIYAH 3,-6.9025,107.6529,JL. PHH MUSTOPA NO. 90/209C,2220521520
SMP MUHAMMADIYAH 2,-6.8891,107.5586,JL. RAYA CILEMBER GG. BUNISUGIH BANDUNG,89646898078
SMP MUHAMMADIYAH 1,-6.9328,107.6242,JL. BANTENG DALAM NO. 6 BANDUNG,227306216
SMP MIFTAHUL IMAN,-6.8546,107.5936,JL. DR. SETIABUDHI 179/171 A RT 05 RW 04,222010399
SMP LPPN,-6.9157,107.5855,KOTA BANDUNG,226040827
SMP MUHAMMADIYAH 10,-6.9161,107.7043,JL. A.H.NASUTION NO.168 BANDUNG,2263749889
SMP MAARIF,-6.9353,107.6355,JL.TRS. GALUNGGUNG NO 9,7333760
SMP MADYA,-6.9507,107.6395,JL. SEKELIMUS UTARA I NO.16,227566834
SMP LANGLANGBUANA 1,-6.896,107.6506,JL. TERUSAN CIMUNCANG NO.11,2220503150
SMP LANGLANGBUANA 2,-6.9071,107.6761,JL. RUSBANDI SH (ASPOL),7208701
SMP KRISTEN REHOBOTH,-6.9251,107.606,JL. RD. DEWI SARTIKA NO.36-38,224224984
SMP KUNTUM CEMERLANG,-6.86934,107.6164,JL. CIPAKU INDAH XI NO. 2,222005667
SMP LABORATORIUM-PERCONTOHAN UPI,-6.8619,107.5917,JL. SENJAYAGURU KAMPUS UPI BANDUNG,222012805
SMP KRISTEN YAHYA,-6.90539,107.6182,JL.LLRE MARTADINATA 71A-73,224231542
SMP KRISTEN TRIMULIA,-6.898,107.5889,JL. DR.DJUNJUNAN NO. 105,226037934
SMP KRISTEN PAULUS,-6.904,107.5994,JL. DR. RAJIMAN 11,224264803
SMP KRISTEN HIDUP BARU,-6.8659,107.6059,JL. CIUMBULEUIT 160,2031739
SMP KRISTEN KALAM KUDUS,-6.9506,107.5985,JL. MEKAR PUSPITA NO. 53 - 55,2285240578
SMP KRISTEN BPPK,-6.9069,107.5944,JL. PAJAJARAN 91 BANDUNG,226018693
SMP KRISTEN GAMALIEL,-6.9196,107.6027,JL. JENDERAL SUDIRMAN NO. 205-207,226003553
SMP KRISTEN BAPTIS,-6.9039,107.6063,JL. WASTUKENCANA 40,224263904
SMP KRISTEN BPK PENABUR SINGGASANA,-6.9536,107.5989,JL. INDRA PRAHASTA TIMUR NO. 2,225436322
SMP KRISTEN BALA KESELAMATAN,-6.9167,107.5982,JL. GARDUJATI NO. 89,226013297
SMP KRISTEN 2 BINA BAKTI,-6.9074,107.5979,JL. BIMA NO. 9,226018868
SMP KRISTEN 4 BPK PENABUR,-6.9258,107.6209,JL. GUNTUR NO.34,227334013
SMP KRISTEN 1 BINA BAKTI,-6.9123,107.5942,JL. BIMA 1-9,226074631
SMP KIANSANTANG,-6.9163,107.5805,JL. JENDERAL SUDIRMAN NO. 330/77,2220597485
SMP KRISTEN 5 BPK PENABUR,-6.9171,107.5778,JALAN JENDRAL SUDIRMAN 638,6018476
SMP KEMAH INDONESIA 4,-6.8874,107.625,JL. SADANG SERANG BLK NO. 2 RT 03/13,222510325
SMP KEMALA BHAYANGKARI,-6.9321,107.6219,JL. PALASARI NO. 46 BANDUNG,227312139
SMP KARYA PEMBANGUNAN 10,-6.9076,107.6882,JL. A.H.NASUTION NO.25A,227808267
SMP KRISTEN 1 BPK PENABUR,-6.9036,107.5973,JL. HOS TJOKROAMINOTO 157,226013181
SMP KARTIKA XIX-2,-6.8654,107.5881,JL. PAK GATOT RAYA NO. 73,222020411
SMP JENDERAL SUDIRMAN,-6.9329,107.592,JL. BABAKAN TAROGONG 119,226125782
SMP JUARA BANDUNG,-6.9386,107.7105,KOMP. TAMAN CIPADUNG INDAH RT 06/01,0
SMP KARTIKA XIX-1,-6.913,107.6185,JL. BANGKA NO. 3,224231485
SMP ITQAN ISLAMIC SCHOOL,0,0,JL. PADASUKA NO. 160,85793837300
SMP KARTIKA X-1,-6.9291,107.6343,JALAN CIKURAY NO. 2 KOMPLEK PUSSENKAV TNI AD,227317512
SMP ISTIQAMAH,-6.89613,107.6342,JL. PAHLAWAN NO.65,222507364
SMP ISLAM TERPADU AR-RIFQI,0,0,JL. TERUSAN PANYILEUKAN BLOK LEMBANG BULEUD,0
SMP ISLAM TERPADU LUQMANUL HAKIM,-6.9291,107.6755,JL. CINGISED NO. 531,2263724820
SMP ISLAM TERPADU AL-IRSYAD,-6.894,107.6393,JL. CIKUTRA NO. 205A,7271966
SMP ISLAM TERPADU AL FITRAH,0,0,JL. CIPAMOKOLAN NO. 59,0
SMP ISLAM CENDEKIA MUDA,-6.9213,107.6756,JL PURI AYU PRATAMA NO 17 ARCAMANIK,82121022114
SMP ISLAM AL WASLIYAH,-6.9361,107.6601,JL. KAWALUYAAN,227317593
SMP INDONESIA RAYA,-6.8891,107.5809,PROF. SURIA SUMANTRI NO. 33 B,222012369
SMP INTELIGENSIA,-6.9213,107.7092,JL. A.H NASUTION NO. 242,85314529216
SMP ISLAM AL-AZHAR 36,-6.9276,107.622,JL. PATUHA NO. 36,227333436
SMP IGNATIUS SLAMET RIYADI,-6.9372,107.6436,JL. H. IBRAHIM AJI GG. KEBON KANGKUNG X,227320834
SMP GRACIA,-6.9222,107.6066,JL. CIBADAK GG. SEREH NO. 26,226014810
SMP HARAPAN KASIH,-6.9527,107.6039,JL. MEKAR KENCANA NO. 2A KOMPLEK MEKAR WANGI,81398393799
SMP GUNA DHARMA,-6.9181,107.7066,"JL. A.H. NASUTION KM.11,70",227816827
SMP HIKMAH TELADAN,-6.88946,107.558,JL. RAYA CILEMBER BLK NO. 286,226613496
SMP GEMA PANCASILA,-6.9048,107.7234,JL. SEKEMALA RT.02/11,82119609425
SMP GANTRA,-6.901,107.7046,JL. CINANGKA NO.131,87883536
SMP EL FITRA,-6.94871,107.7063,JL. SEOKARNO HATTA NO. 4,87702855942
SMP GANESHA,-6.9361,107.6113,JL. MOHAMAD TOHA NO.84,225207330
SMP EDU GLOBAL,-6.91818,107.6176,JL. KALIMANTAN NO. 7,227108377
SMP DAARUL QURAN,-6.9027,107.7159,JL. NAGROG NO. 85 KAMP. CIWARU,2263728585
SMP CITRA CEMARA,-6.9192,107.5733,JL. SOEKARNO HATTA NO 22,226032757
SMP DEWI SARTIKA,-6.9255,107.605,JL. KAUTAMAAN ISTRI NO. 12,224231509
SMP DARUL HIKAM,-6.879,107.6164,JL. IR. H. JUANDA 285 A BANDUNG,2501375
SMP DAARUT TAUHIID BOARDING SCHOOL,-6.8625,107.5911,JL. GEGERKALONG GIRANG BARU NO.11 BANDUNG 40154,8112243019
SMP BUNGA BANGSA,-6.8638,107.6212,JL. DAGO BENGKOK NO. 3,2220455422
SMP BPPI BOJONG,-6.926,107.5711,JL. KAPUR RT 04 / RW 10 BOJONG RAYA,2220560221
SMP BUDI ISTRI,-6.9302,107.6193,JL.SANCANG NO.4 BANDUNG,227312428
SMP BPP,-6.9185,107.6177,JL. KARTINI NO. 10 BANDUNG,224207390
SMP BODHI SINAR TERANG,-6.91849,107.5869,JL. JENDERAL SUDIRMAN NO. 478-480,0
SMP BPK PENABUR BANDA,-6.91026,107.6269,JL. BANDA NO. 19,62224210787
SMP BPK PENABUR HOLIS,-6.9397,107.5646,KOMPLEKS TAMAN HOLIS INDAH BLOK A,226003636
SMP BPI 1,-6.92371,107.6194,JL. BURANGRANG NO.8 BANDUNG,227305735
SMP BINTANG MULIA,-6.9543,107.602,JL. RADEN RANGGA KENCANA NO.1,5233892
SMP BINTANG MADANI,-6.91302,107.6817,JL. TERUSAN PESANTREN NO. 102,227211124
SMP BINA DHARMA 3,-6.8696,107.5925,JL GEGER KALONG HILIR NO. 18,222013882
SMP BINA SARANA CENDEKIA,-6.89801,107.6365,JL. P.H.H MUSTOFA NO. 25,227234025
SMP BANDUNG ISLAMIC SCHOOL,-6.935,107.6234,JL. VAN DE VENTER NO. 12,0
SMP BANDUNG INSTITUT,-6.9123,107.7242,JL. MANGLAYANG I NO. 7,227802208
SMP BAHTERA,-6.9213,107.6714,JL. ARCAMANIK ENDAH NO. 107,2287241065
SMP BINA DHARMA 2,6.9275,107.6504,JL. BABAKAN SARI 1 NO. 131,227272862
SMP AR RAFI DRAJAT,-6.9405,107.6465,JL. SEKEJATI RAYA NO. 32,2273516938
SMP ASSALAAM,-6.9269,107.6071,JL. SASAKGANTUNG NO. 12-14,224201351
SMP ANGKASA LANUD HUSEIN SASTRANEGARA,-6.9059,107.5899,JL. PAJAJARAN NO.151,6078929
SMP AL-KAUTSAR LABSCHOOL,-6.9497,107.6439,JL. ANTAMURNI NO. 7,81224479494
SMP AL-KHULAFA,-6.91261,107.7084,JL. NEGLASENANG III NO. 3,0
SMP ALAM BANDUNG,-6.86683,107.6171,JL. CIKALAPA II NO. 4 KP. TANGGULAN DAGO POJOK,8157035310
SMP ALFA CENTAURI,-6.9276,107.6234,JL. PALASARI NO. 9,227310894
SMP AL-IHSAN CIMENCRANG,-6.94479,107.706,CIMENCRANG CILAMETA NO. 13,2266737566
SMP AL KENZIE,-6.94228,107.6612,JL. KP. MARGAASIH - CIJAWURA,0
SMP AL HUSAINIYYAH,-6.8803,107.6063,JALAN BUKIT JARIAN NO. 29/165 D,2041235
SMP AL ISLAM,-6.9096,107.7232,JL.CILENGKRANG I RT.05/RW.06,0
SMP AL HASAN,-6.9345,107.7089,KOMPLEK BUMI PANYILEUKAN N2,227814755
SMP ADVENT NARIPAN,-6.9186,107.6123,JL. NARIPAN NO. 91,224234027
SMP AISYIYAH BOARDING SCHOOL,-6.93125,107.6369,JL. TERUSAN RANCAGOONG 2 NO. 1,227313774
SMP AL BIRUNI CERDAS MULIA,-6.9404,107.7113,JL. TERUSAN PANYILEUKAN NO. 11 SOEKARNO HATTA,87820566
SMP ADVENT II BANDUNG,-6.885,107.6044,JL. DR. SETIABUDI NO. 1,2043220
SMP AL FALAH,-6.8828,107.6132,JL. CISITU BARU NO.52,222530135
SMP ADVENT CIMINDI,-6.9497,107.6031,JL. RAYA CIMINDI NO. 74,226010612
SMP AL HADI BANDUNG,-6.9058,107.6718,JL. A.H.NASUTION NO.25,2263721574
SMP NEGERI 72,-6.9418,107.7128,JL. UTSMAN BIN AFFAN,0
SMP NEGERI 75,-6.9456,107.5802,JL. CARINGIN GG. LUMBUNG 2,225402000
SMP NEGERI 74,-6.8925,107.5924,JL. SUKAGALIH NO. 108,0
SMP NEGERI 73,-6.91864,107.5834,JL. JEND. SUDIRMAN NO. 587,0
SMP NEGERI 70,-6.87374,107.5895,JL. SETRASARI TENGAH NO. 15,0
SMP NEGERI 9,-6.9087,107.5969,JL. SEMAR NO. 5 BANDUNG,226014886
SMP NEGERI 71,-6.92183,107.7149,JL. MANGLAYANG I NO. 1,0
SMP NEGERI 8,-6.9125,107.7017,JL. ALUN-ALUN UTARA NO.211B UJUNGBERUNG,227800098
SMP NEGERI 69,-6.8819,107.6094,JL. SANGKURIANG NO. 87,0
SMP NEGERI 68,-6.90403,107.5721,JL. TERUSAN PASTEUR NO.38,0
SMP NEGERI 67,-6.90089,107.5658,JL. ASRAMA KIPAL NO. 55,226027757
SMP NEGERI 65,-6.96635,107.6662,JL. BATURADEN VIII NO. 19,0
SMP NEGERI 64,-6.89127,107.5802,JL. DR. JUNGJUNAN NO.79,0
SMP NEGERI 63,-6.8925,107.6256,KP. PASIRKALIKI BARAT RT 10 RW 15,0
SMP NEGERI 66,-6.9429,107.6837,JL. RIUNG WARGI,82129531014
SMP NEGERI 7,-6.907,107.6185,JL. AMBON NO. 23,224233470
SMP NEGERI 62,-6.9298,107.6418,JL.KEBON GEDANG NO.82,0
SMP NEGERI 60,-6.9562,107.6145,JL. CIBURUY KAV. 59 MOCH TOHA,0
SMP NEGERI 61,-6.9032,107.648,JL. BABAKAN HAJI TAMIM NO.33,0
SMP NEGERI 59,-6.9007,107.6596,JL. H. ABDUL HAMID NO. 66,227236166
SMP NEGERI 58,-6.92297,107.7007,JL. PASANGGRAHAN IX,2263727844
SMP NEGERI 6,-6.91854,107.6018,JL. H. YAKUB NO. 36,85880151
SMP NEGERI 55,-6.94057,107.5576,JL. BATU RENGAT RT. 04/01,8121454981
SMP NEGERI 57,-6.93709,107.5534,JL. GEMPOL SARI NO. 142 RT.05/09,63001069
SMP NEGERI 56,-6.924,107.705,JL. PASANGGRAHAN IX RT.04/10,2263727844
SMP NEGERI 54,-6.95814,107.7065,JL. RAYA UTSMAN BIN AFFAN,0
SMP NEGERI 53,-6.8992,107.6808,JL. ARCAMANIK NO 10 SINDANGLAYA,227812698
SMP NEGERI 52,-6.8607,107.6065,JL. BUKIT RAYA CIUMBULEUIT,222034769
SMP NEGERI 51,-6.9653,107.6803,JL.DERWATI,227563831
SMP NEGERI 50,-6.9074,107.6973,JL. PASIRJATI NO. 12,7800874
SMP NEGERI 5,-6.9146,107.6141,JL. SUMATRA NO. 40,224207121
SMP NEGERI 49,-6.9074,107.6582,JL. ANTAPANI NO. 58 CICAHEUM,227275285
SMP NEGERI 48,-6.9663,107.6664,JL. BATURADEN VIII NO.19,7560480
SMP NEGERI 47,-6.8898,107.5587,JL. BUDI CILEMBER NO. 19 B,226652284
SMP NEGERI 46,-6.9156,107.7249,JL. CIGAGAK,227807214
SMP NEGERI 45,-6.92218,107.6602,JL. YOGYAKARTA ANTAPANI BANDUNG,227277721
SMP NEGERI 44,-6.9052,107.6201,JL. CIMANUK NO.1,224205409
SMP NEGERI 43,-6.92548,107.6068,JL. KAUTAMAAN ISTRI NO.31,224234863
SMP NEGERI 42,-6.9575,107.6721,JL. MANJAHLEGA BANDUNG,227565864
SMP NEGERI 4,-6.921,107.6259,JL. SAMOJA NO. 5,7312394
SMP NEGERI 40,-6.9055,107.6066,JL. WASTUKENCANA NO. 75 A,224239058
SMP NEGERI 41,-6.9153,107.5903,JL. ARJUNA NO. 18,226123942
SMP NEGERI 39,-6.9425,107.5688,JL. HOLIS NO.439,225406684
SMP NEGERI 38,-6.95753,107.5913,JL. BOROBUDUR CIBADUYUT RT 03 RW 04,0
SMP NEGERI 36,-6.94223,107.5741,JL. CARINGIN,226078507
SMP NEGERI 34,-6.9504,107.6258,JL. WAAS SOEKARNO HATTA,7565790
SMP NEGERI 35,-6.87443,107.6168,JL. DAGO POJOK NO. 12 BANDUNG,222505332
SMP NEGERI 37,-6.92625,107.656,JL. BABAKAN SARI KIARACONDONG BANDUNG,227101104
SMP NEGERI 33,-6.9283,107.59,JL. BABAKAN TAROGONG,226035940
SMP NEGERI 32,-6.9158,107.5904,JL ARJUNA NO 18 BANDUNG,226072410
SMP NEGERI 3,-6.9292,107.6053,JL. RD. DEWI SARTIKA NO. 96,225207378
SMP NEGERI 30,-6.9406,107.6447,JL. SEKEJATI NO.23,227305150
SMP NEGERI 31,-6.9385,107.6405,JL. BINONG JATI NO. 139,227337017
SMP NEGERI 29,-6.8607,107.5862,JL. GEGER ARUM NO. 11 A,222012579
SMP NEGERI 28,-6.9375,107.626,JL. SOLONTONGAN II BUAHBATU,227304544
SMP NEGERI 26,-6.8827,107.5774,JL. SARIMANAH BLOK 23,2012277
SMP NEGERI 27,-6.9055,107.6346,JL. YUDHAWASTU PRAMUKA I,227101246
SMP NEGERI 25,-6.9256,107.6009,JL. PAJAGALAN NO. 67,4265907
SMP NEGERI 10,-6.9291,107.606,JL. RD. DEWI SARTIKA NO.115,5210133
SDN 001 MERDEKA KOTA BANDUNG,-6.9156,107.61,JL. MERDEKA NO. 9,224231251
SDN 011 CIBUNTU KOTA BANDUNG,-6.9192,107.5762,JL. HOLIS NO.31,6044334
SDN 013 PASIRKALIKI KOTA BANDUNG,-6.9079,107.5978,JL. HOS COKROAMINOTO NO. 110,224204556
SDN 012 BABAKAN CIPARAY KOTA BANDUNG,-6.9453,107.5834,JL. CARINGIN NO.106,82130168612
SDN 010 CIDADAP KOTA BANDUNG,-6.8645,107.5945,JL. DR. SETIABUDHI NO. 234,22082005741
SDN 014 CIGONDEWAH KOTA BANDUNG,-6.9345,107.5635,JL. CIGONDEWAH KALER NO. 15,2220567506
SDN 009 CIKADUT KOTA BANDUNG,-6.9038,107.6657,JL. A.H. NASUTION KM.7 NO. 1,2263735415
SDN 016 DR. CIPTO PAJAJARAN KOTA BANDUNG,-6.9062,107.5998,JL. PAJAJARAN NO.58 / DR. CIPTO NO.4,224265015
SDN 015 KRESNA KOTA BANDUNG,-6.9098,a,JL. KRESNA NO. 47,226010996
SDN 008 MOHAMAD TOHA KOTA BANDUNG,-6.9299,107.6067,JL. MOHAMAD TOHA NO. 22,85861815888
SDN 007 CIPAGANTI KOTA BANDUNG,-6.8948,107.6029,JL. SASTRA NO. 11,222043369
SDN 006 BUAHBATU KOTA BANDUNG,-6.9517,107.6409,JL. H. IBRAHIM ADJIE NO. 45,227563975
SDN 005 BABAKAN CIPARAY KOTA BANDUNG,-6.948,107.5876,JL. KOPO NO. 440,2254418885
SDN 004 CISARANTEN KULON KOTA BANDUNG,-6.9248,107.6834,JL. CISARANTEN KULON NO.129,2287884871
SDN 003 PAGARSIH KOTA BANDUNG,-6.9231,107.5944,JL. PAGARSIH NO. 77,226021395
SDN 002 KARANGMULYA KOTA BANDUNG,-6.9125,107.5804,JL. RAJAWALI SAKTI NO. 226,226039074
SDN 101 SUKAKARYA KOTA BANDUNG,-6.9072,107.6754,JL. SAHARDJO,2263729775
SDN 201 SUKALUYU KOTA BANDUNG,-6.8953,107.6319,JL. RERENG ADUMANIS NO.2A,222512610
SDN 200 LEUWIPANJANG KOTA BANDUNG,-6.94,107.6001,JL. MUARASARI RAYA NO. 49,225229188
SDN 199 SAYURAN KOTA BANDUNG,-6.9234,107.5739,KP. SAYURAN NO. 74,226003887
SDN 198 MEKARJAYA KOTA BANDUNG,-6.9223,107.6802,JL. CISARANTEN BARU N0. 21,7814496
SDN 197 KARANG TARUNA KARANGSARI KOTA BANDUNG,-6.9123,107.5796,JL. HALTEU UTARA NO. 149,0
SDN 196 SUKARASA KOTA BANDUNG,-6.86564,107.587933,JL. PAK GATOT V KPAD,222010421
SDN 195 ISOLA KOTA BANDUNG,-6.8639,107.5922,JL. GEGERKALONG GIRANG NO.12,222017869
SDN 194 SUKAJADI KOTA BANDUNG,-6.8833,107.5946,JL. KARANG TINEUNG NO. 5A,222060300
SD ANGKASA 1,-6.9056,107.5861,JL. PAJAJARAN NO. 150,2220569901
SD ANDIR MUKTI,-6.9136,107.5706,JL. JEND. SUDIRMAN BLK 799,2220594906
SD ALFA CENTAURI,-6.9276,107.6231,JL. TERATE NO. 10,227310894
SD ALAM BANDUNG,-6.8665,107.6174,JL. CIKALAPA II NO. 4 KP. TANGGULAN DAGO POJOK,2220458742
SD AL-QURAN,-6.89976,107.67531,JL. A.H. NASUTION KM 7NO. 247,2287789504
SD AL-IRHAAM GLOBAL ISLAMIC SCHOOL,-6.9067,107.669913,JL. A.H. NASUTION NO. 133,2263761735
SD AL-IHSAN ISLAMIC SCHOOL,-6.93376,107.679076,JL. CISARANTEN BARU I NO. 11,81320975696
SD KRISTEN TRIMULIA,-6.8953,107.5899,JL. KEBONJATI 145,226030547
SD MALEBER BARAT,-6.9106,107.5765,JL. MALEBER BARAT GG. WIBAWA III NO. 7,82126906480
SD LPPN,-6.9158,107.5855,JL. RAJAWALI TIMUR NO. 76,0
SD LINGGAWASTU,-6.9022,107.6059,JL. LINGGAWASTU NO. 8 A,0
SD KUNTUM CEMERLANG,-6.8624,107.6029,JL. CIPAKU INDAH 11 NO.2,2005668
SD KRISTEN YAHYA,-6.9044,107.6172,JL. PROGO NO. 4,224234747
SD KRISTEN TRIMULIA HITS,-6.8953,107.5899,JL. DR. DJUNJUNAN NO. 105,2286061577
SD LABORATORIUM PERCONTOHAN UPI,-6.86169,107.591472,JL. SENJAYA GURU NO.04,0
SD YPI,-6.9016,107.5956,JL. MUHAMMAD NO. 17 BANDUNG,0
SD YKPPK,-6.9058,107.6051,JL. CIHAMPELAS BLK NO. 14,8956488895
SD YAYASAN BERIBU,-6.9235,107.6422,JL. B K R NO. 1,7308323
SD YPU,-6.9241,107.629,JL. CUKANG JATI NO. 5,82316988254
SD YOS SUDARSO,-6.9296,107.6072,JL. MOHAMAD TOHA NO. 19,225212151
SD YAYASAN ATIKAN SUNDA,-6.901,107.6472,JL. PHH. MUSTOFA NO. 115,2220541426
SD YWKA REL HOMY SCHOOL,-6.9126,107.577,JL. RAJAWALI I NO. 5,6032573
SD YAKESWA,-6.9014,107.6027,JL. DR. HATTA 54/29 B,224241463
SD WINDU PUTRA,-6.9073,107.5713,JL. BABAKAN CIBEREUM NO.142,81395471008
SD YAMI,-6.9509,107.609,JL.KARASAK BARU NO.16 BANDUNG,225222362
SD UCHUWWATUL ISLAM,-6.89704,107.596326,JL. PASIRKALIKI GG. H. ENTO,222018699
SD TRIKARSA,-6.9191,107.644,JL. SAMSI NO. 123/125 C,85220765582
SD TERANG NUSANTARA,-6.9225,107.5857,JL. JAMIKA NO. 88,226072222
SD TIARA BUNDA,-6.9525,107.6343,JL. BATUNUNGGAL INDAH I 74-76,227510654
SD TULUS KARTIKA,-6.9487,107.6623,JL. RANCABOLANG NO. 140,2287529201
SD TEMASEK INDEPENDENT SCHOOL,-6.86505,107.590841,JL. SINDANG SIRNA NO. 8,222031381
SD TERPADU KRIDA NUSANTARA,-6.9237,107.721,JL. DESA CIPADUNG,227830509
SD SURYANI DWI MARGA,-6.9233,107.5806,JL. TERUSAN SURYANI NO.16/A - 191/C,6120828
SD SEQUOIA NASIONAL PLUS,-6.90883,107.605955,JL. ACEH NO. 6,2287804850
SD SURUUR,-6.8822,107.6024,JL. HEGARMANAH TENGAH NO. 1A,222037080
SD TUNAS UNGGUL,-6.8944,107.6787,JL. PASIR IMPUN NO. 94,87789420
SD SWADAYA 1,-6.9223,107.5888,JL. PAGARSIH NO. 181 E,226075279
SD SEMI PALAR,-6.89483,107.595397,JL. SUKAMULYA NO.77-79,2270173412
SD SEJATI,-6.8985,107.643,JL. CIKUTRA SUKASARI II NO.20,87823210987
SD TARUNA BAKTI,-6.9063,107.6184,JL. LL. RE. MARTADINATA NO. 52,224261571
SD SANTO ALOYSIUS SUKASARI,-6.8762,107.6043,JL. SUKAJADI 223,222038785
SD SANTO YUSUP,-6.9149,107.6111,JL. JAWA NO. 2 - 4,224202336
SD SANTO ALOYSIUS BANDUNG KIDUL,-6.9499,107.632,JL. BATUNUNGGAL INDAH II/30,227511670
SD SANTO AGUSTINUS,-6.9139,107.6329,JL. AHMAD YANI NO 273,227217631
SD SANTO YUSUP I,-6.9014,107.6441,JL. CIKUTRA NO 5,7231759
SD SANTO ALOYSIUS TR,-6.9133,107.6127,JL. TRUNOJOYO NO. 3,224235536
SD SALUYU,-6.9313,107.5879,KP. SITUGUNTING NO. 309/194 A,81221996405
SD SANTA URSULA,-6.913,107.6331,JL. BENGAWAN NO.2,7201774
SD SANTA ANGELA,-6.9125,107.6109,JL. MERDEKA NO. 24,224214736
SD REHOBOTH,-6.9252,107.606,JL. RD. DEWI SARTIKA NO. 36-38,4234384
SD RAJAWALI,-6.9131,107.5837,JL. ANDIR NO 117A/78 BANDUNG,82115111670
SD RANCAKASUMBA,-6.9341,107.6802,JL. SUMBERSARI NO. 104,0
SD RABBANI,-6.93182,107.672343,JALAN JATI,20507186
SD PROF. DR. MOESTOPO,-6.8845,107.617,JL. TUBAGUS ISMAIL III NO. 3,222501456
SD SAINS AL BIRUNI,-6.938,107.7129,JL. RAYA PANYILEUKAN NO. 11,7807681
SD SALMAN AL FARISI,-6.8829,107.6222,JL. TUBAGUS ISMAIL VIII NO.42A,222515961
SD PRASISTHA,-6.9178,107.5857,JL. ANDIR RI WINATA NO. 15,226040430
SD PELITA NUSANTARA,-6.8671,107.596,JL. SUKA ASIH 61 A SETIABUDHI,2220389334
SD PRIANGAN ISTIQAMAH,-6.90676,107.628363,JL. BAROS NO.1,227275494
SD PLUS BAITURRAHMAN,-6.9087,107.7066,JL. PROF. KH. M. SYADELI HASAN NO. 44 NAGROG II,81310008856
SD PELITA JASA,-6.9115,107.5867,JL. KOMUD. SUPADIO GG. HANURA NO.13,81214505099
SD PLUS AL FATWA,-6.9506,107.6134,JL. PLN CIGERELENG NO. 21,2242821035
SD PELITA,-6.9087,107.6351,JL. CITAMIANG NO. 43,0
SD PELITA BANGSA,-6.948,107.6047,JL. SOEKARNO HATTA NO. 391,225201214
SD PERTIWI,-6.8976,107.6071,JL. KEBON BIBIT NO. 16,222512048
SD PLUS AL GHIFARI,-6.934,107.6794,JL. CISARANTEN KULON NO. 140,227806223
SD PELITA FAJAR,-6.9215,107.597,JL. JENDRAL SUDIRMAN 467,226001456
SD PARDOMUAN,-6.9108,107.6185,JL. LOMBOK NO. 7,0
SD PANGKALAN,-6.9519,107.578,JL. CIBOLERANG NO. 02,0
SD PASUNDAN 3,-6.9274,107.5849,JL. BABAKAN CIPARAY NO.112/194 A,0
SD PASUNDAN 2,-6.9275,107.5854,JL. BABAKAN CIPARAY NO. 112 / 194 A,6026149
SD PANDU,-6.9052,107.5932,JL. PANDU NO. 6,226021743
SD NUGRAHA,-6.9512,107.6112,JL. PLN DALAM NO. 4,88885318
SD MUTIARA,-6.9075,107.5779,JL. MALEBER UTARA NO.37,226010563
SD MUHAMMADIYAH 6,-6.86305,107.620949,JL. IR.H. JUANDA KP. BENGKOK,0
SD MUHAMMADIYAH 2,-6.9273,107.6481,"JL. KEBON JAYANTI GG. PENSIUN
   KIARACONDONG",227333051
SD MUHAMMADIYAH 8,-6.9158,107.7044,JL. A. H. NASUTION 168 BANDUNG,7806023
SD MUHAMMADIYAH 4,-6.8914,107.5928,JL. SUKAGALIH GG. H. GOJALI NO. 134,222036179
SD MUHAMMADIYAH 5,-6.94,107.5957,JL. LEUWIPANJANG NO. 24,225233404
SD MUTIARA BUNDA,-6.9103,107.6708,JL. ARCAMANIK ENDAH NO.3,227216578
SD MUHAMMADIYAH 3,-6.9023,107.653,JL. PHH MUSTOPA,20526830
SD MUHAMMADIYAH 1,-6.9328,107.6235,JL. BANTENG DALAM NO. 6,73512531
SD MIFTAHUL IMAN,-6.8546,107.5936,JL SETIABUDHI 179/171 A,222010399
SD MALEBER SELATAN,-6.912,107.5751,JL. RAJAWALI GG. LATIFAH,82128284174
SD MALEBER UTARA,-6.9071,107.5775,JL. MALEBER UTARA NO.5,0
SD MATHLAUL KHOERIYAH,-6.903,107.6067,JL. TAMANSARI BAWAH NO. 60,4217645
SD KRISTEN PELITA,-6.9329,107.5717,JL. HOLIS NO. 300,226023009
SD MELANIA,-6.9008,107.6238,JL. MELANIA NO. 1-3,227204816
SD MUHAMMADIYAH 7,-6.9177,107.6553,JL. KADIPATEN RAYA NO 4-6,227214139
SD KRISTEN DIAN EMAS,-6.9383,107.6043,JL. MUARA BARAT NO.2,5228858
SD MARIA BINTANG LAUT,-6.9163,107.5911,JL. KEBONJATI NO.209 BANDUNG,226019388
SD KRISTEN KALAM KUDUS,-6.9323,107.6086,JL. IBU INGGIT GARNASIH NO. 108 .,225200573
SD KRISTEN HIDUP BARU,-6.8658,107.606,JL. CIUMBULEUIT NO.160,222031739
SD KRISTEN GAMALIEL,-6.9206,107.6048,JL. JENDRAL SUDIRMAN NO. 205-207,226003553
SD KRISTEN BPPK,-6.9071,107.5941,JL. PAJAJARAN NO. 91,226006191
SD KRISTEN BAPTIS,-6.9041,107.6065,JL. WASTUKENCANA NO. 40,224263854
SD KRISTEN 5 BPK PENABUR,-6.9257,107.621,JL. GUNTUR 34,7319910
SD KRISTEN BPK PENABUR SINGGASANA,-6.957,107.6146,JL. INDRA PRAHASTA TIMUR NO.2 BANDUNG,225436322
SD KRISTEN 2 BINA BAKTI,-6.9097,107.601,JL. BIMA NO. 9,226034388
SD KEMALA BHAYANGKARI 1,-6.932,107.622,JL. PALASARI NO.44,2273511513
SD KRISTEN 1 BINA BAKTI,-6.9086,107.5991,JL. BIMA NO. 9,226015168
SD KRISTEN BPK PENABUR TAMAN HOLIS INDAH,-6.9463,107.5696,KOMP. TAMAN HOLIS INDAH BLOK A,226003615
SD KRISTEN 6 BPK PENABUR,-6.9171,107.5779,JL. JEND. SUDIRMAN 638,226012483
SD KEMAH INDONESIA,-6.9251,107.5941,JL. PAGARSIH GG. ONONG NO.183/89,2286060862
SD KARTIKA XIX - 1,-6.9127,107.6185,JL. BANGKA NO.3,82249566638
SD KASIH BANGSA,-6.9469,107.5605,TAMAN HOLIS INDAH BLOK G,20585430
SD KRISTEN 1 BPK PENABUR,-6.9196,107.5952,JL. JEND.SUDIRMAN 246,6000136
SD JEMBAR,-6.9235,107.6441,JL. JATINEGARA NO. 1,85759068801
SD KARAKTER AZ-ZAHRA,-6.8902,107.6605,JL. PASIRLAYUNG ASRI NO. 15,87241567
SD JUARA,-6.9397,107.7119,JL. TERS. PANYILEUKAN RT.04/13,8112312210
SD IT AL-HIDAYAH LOGAM,-6.9571,107.6439,JL. LOGAM NO. 12,2287507287
SD KARTIKA X-1,-6.9277,107.6357,JL. JENDERAL GATOT SUBROTO N0. 160,227314739
SD IT AL-FAJAR,-6.9669,107.642,JL. BUANA SARI IV NO. 18-21,227511870
SD ITQAN ISLAMIC SCHOOL,-6.8932,107.6572,"JALAN PADASUKA NO. 160 KEC. CIBEUNYING KIDUL, KOTA BANDUNG 40192",85793837300
SD ISLAM AL-MUIZZ,-6.9474,107.6897,JL. GEDEBAGE NO. 97,0
SD ISTIQAMAH,-6.9047,107.6212,JL. TAMAN CITARUM,224209634
SD IT AL FITRAH,-6.94484,107.670154,JL. MERKURI TIMUR NO. 1,227567439
SD ISLAM MUTIARA HATI,-6.9206,107.6667,JL. TERUSAN CIKAJANG RAYA,227273245
SD ISLAM TERPADU LUQMANUL HAKIM,-6.9324,107.6759,JL. CINGISED KOMP. PEMDA KAV. D13-D15,2287821297
SD ISLAM TERPADU AL IRSYAD,-6.8928,107.6415,JL. AL-IRSYAD CIKUTRA RT. 09 RW. 02 KOTA BANDUNG 40124,227271966
SD IRK,-6.926,107.6167,JL. KARAPITAN 1 NO. 2,224230597
SD ISLAM CENDEKIA MUDA,-6.9213,107.6752,JL. PURI AYU PRATAMA NO. 17,227102888
SD INTAN AL-SALI,-6.90702,107.725641,JL. PASANGGRAHAN INDAH NO. 15,2263744941
SD INDUSTRI,-6.9126,107.5948,JL. INDUSTRI DALAM NO. 2,226120020
SD ISLAM AL AZHAR 30,-6.8763,107.5745,JL. TIRTASARI III NO. 1,222015451
SD HAS DARUL ILMI,-6.93746,107.659404,JL. CIDURIAN UTARA NO. 179,227335785
SD IBNU TAIMIYAH,-6.8919,107.5927,JL. SUKAGALIH GG. H. GOJALI 02/07,2039087
SD IGNATIUS SLAMET RIYADI 2,-6.9373,107.6438,JL. KEBON KANGKUNG X,227305824
SD GRACIA 2,-6.9281,107.5949,JL. PAGARSIH NO. 256,226017100
SD IGNATIUS SLAMET RIYADI,-6.9255,107.6318,JL. GATOT SUBROTO 221 BANDUNG,227330049
SD HARAPAN KASIH,-6.95423,107.602365,JL. MEKAR KENCANA NO. 2A KOMPLEK MEKAR WANGI,2287787262
SD EDU GLOBAL,-6.90388,107.612557,JL. CITARUM NO. 35,20523705
SD EL FITRA,-6.9248,107.665,JL. CIBODAS RAYA NO. 49,2287831182
SD GANESHA,-6.9359,107.6066,JL. MUHAMAD TOHA NO. 84,5206994
SD DWI AMANAT,-6.9223,107.5877,JL. PAGARSIH NO. 205,6021207
SD DEWI SARTIKA,-6.9255,107.6042,JL. KAUTAMAAN ISTRI NO.12,224214290
SD DWISAKTI,-6.9102,107.5774,JL. LAKSMUD. NURTANIO NO.58,226011301
SD GIKI,-6.881,107.5967,JL. KARANGSARI NO. 29,222042029
SD DAARUL HIKMAH BANDUNG,-6.91127,107.66611,JL. CIKAMPEK RAYA NO. 17,8122023600
SD DIAN KENCANA,-6.9379,107.6087,JL. BKR NO. 167,5227047
SD GAGAS CERIA,-6.9206,107.6248,JL. MALABAR NO. 61,7303086
SD CIPAERA,-6.9205,107.6241,JL. CIPAERA SELATAN NO. 145/33,87825463616
SD CIPTA KARYA,-6.9216,107.6364,JL. JEMBATAN OPAT CIBANGKONG LOR NO. 34 BANDUNG,81222009993
SD CITRA CEMARA,-6.9192,107.5736,JL. SOEKARNO HATTA NO. 22,226123475
SD CITRA WINAYA,-6.8918,107.5912,JL. CIPEDES NO. 8,0
SD CEMARA,-6.8853,107.5989,JL. CEMARA SELATAN NO. 358 / 181,81387114374
SD DARUL HIKAM,-6.87889,107.616276,JL. IR. H. JUANDA 285,222516705
SD CERDAS MUTHAHHARI,-6.9213,107.6717,JL. LAYAR NO. 17,2287241063
SD CAHAYA NUSANTARA,-6.9295,107.5682,KOMP. TAMAN BURUNG B 02 GEMPOL SARI,226076904
SD BUDI SASTRA,-6.9543,107.6002,JL. WARNA CINTA NO. 98,0
SD BUDI ISTRI,-6.9296,107.6196,JL. SANCANG NO. 4,227312428
SD CERDAS MULIA EKSELENSIA,-6.95638,107.677865,JL. RAHAYU RAYA II BLOK RANCACILI,2287528060
SD CAHAYA PELITA,-6.9275,107.5854,JL. BABAKAN CIPARAY NO. 251/194 A,2286061384
SD BUDI ASIH,-6.9519,107.6466,JL. CIPAGALO GIRANG,227531013
SD BODHI SINAR TERANG,-6.91243,107.583537,JL. JEND. SUDIRMAN NO. 478 - 480,6125669
SD BPMD TARUNA,-6.9153,107.5773,JL. HASAN ALI NO. 64 A/76,6044336
SD BINEKAS,-6.90364,107.658246,BUAH BATU REGENCY G7-7,81395221590
SD BPI,-6.9269,107.624,JL. HALIMUN NO. 40,227301460
SD BINTANG MADANI,-6.9036,107.6807,JL. TERUSAN PESANTREN NO. 102,227211124
SD BINAR INDONESIA,-6.9521,107.6618,JL. RANCABOLANG NO. 241,2287310227
SD BINA TALENTA,-6.9399,107.6125,JL. KEMBAR BARU UTARA NO.4 BANDUNG,225208123
SD BANDUNG RAYA,-6.9226,107.5691,JL. CIJERAH NO. 151,81322450839
SD BIANGLALA,-6.8756,107.5957,JL. SARI ENDAH 19 A GEGERKALONG HILIR,222008676
SD BANDUNG ISLAMIC SCHOOL,-6.93495,107.62337,JL. VAN DEVENTER NO.12,0
SD BINTANG MULIA,-6.9536,107.6021,JL. MEKAR KENCANA NO.1,225233890
SD BALA KESELAMATAN,-6.9222,107.6042,JL. GARDUJATI NO. 89,226013297
SD ATTAZHIMIYAH,-6.9448,107.5655,BLOK PESANTREN RT.01 RW.04,0
SD BAITUL HIKMAH,-6.9212,107.565,JL. MEKAR INDAH NO. 2B,20563364
SD AZ-ZAKIYAH,-6.9449,107.6495,JL. CIJAWURA GIRANG IV NO.2,227503784
SD ASY-SYIFA 2,-6.9274,107.6627,JL. RANDUSARI V,7276439
SD ASY-SYIFA 1,-6.9511,107.667,JALAN SATURNUS TIMUR NO. 94,227564156
SD AR-RAHMAN DARUL ILMI,-6.8934,107.615543,JL. IR. H. JUANDA BLK NO. 423,0
SD ASHFIYA,-6.9452,107.6822,JL. RIUNG MUNGPULUNG I,85316335505
SD AL-AMIN,-6.8811,107.6162,JL. BANGBAYANG NO. 15/157 C,8814537157
SD ANGKASA 3,-6.899,107.5865,JL. ZUHRI CIK DERI,226078931
SD AL KENZIE,-6.9594,107.657502,JL. KP. MARGAASIH - CIJAWURA,0
SD AL- HIDAYAH,-6.8727,107.6084,JL. RANCABULAN NO. 7 RANCABENTANG,8976632920
SD AL IKHLAS,-6.8849,107.5941,JLN. KARANG TINEUNG DALAM NO. 84,2282602705
SD ASSALAAM,-6.9257,107.6076,JL. SASAKGANTUNG NO. 1-3,224201338
SD ARRAFI,-6.942,107.6457,JL. SEKEJATI III NO.20,227311009
SD AL HUSAINIYYAH,-6.8784,107.6063,JL. BUKIT JARIAN NO.29/165 D,0
SD AL FATAH AL HASAN,-6.893,107.5611,JL. GUNUNG BATU NO. 31,226008401
SD AL HIDAYAH,-6.9295,107.5852,JL. BABAKAN CIPARAY NO. 147,6125992
SD AL FALAH,-6.8726,107.6256,JL. CISITU BARU NO.52,2504284
SD AL FATAH,-6.9437,107.5894,JL. KOPO GG. SUKALEUEUR,81222795110
SD AL BAROKAH,-6.9277,107.5787,JL. AKI PADMA NO. 23,6121235
SD ADZKIA,-6.8674,107.602,JL. PANUMBANG JAYA DALAM NO. 38F,222041514
SD ADVENT II BANDUNG,-6.8832,107.6024,JL. SETIABUDHI NO 1 BANDUNG,222043220
SD ABU AZIS,-6.90648,107.573436,JL. JAMARAS IV NO. 11B,227275652
SD ADVENT NARIPAN,-6.9186,107.6123,JL.NARIPAN NO.91,224234027
SD ADVENT CIMINDI,-6.9013,107.5639,JL. RAYA CIMINDI NO. 74,226010612
SD AL BASYARIYAH,-6.9494,107.5906,JL. CIBADUYUT LAMA KOMPLEK SAUYUNAN,2285447672
SD 3 KRISTEN PAULUS,-6.911,107.6179,JL. LOMBOK NO. 7,224200244
SD 1 KRISTEN PAULUS,-6.9036,107.5996,JL. DR. RAJIMAN NO. 11,4237131
SDN 272 SUKASARI KOTA BANDUNG,-6.88816,107.582331,JL. SUKAKARYA NO. 19,222012989
SDN 271 PANGHEGAR KOTA BANDUNG,-6.9298,107.698,JL. PAMEKAR BARAT NO. 5,0
SDN 274 CEMPAKA ARUM KOTA BANDUNG,-6.9576,107.7078,JL. UMAR BIN KHOTOB,227831910
SD AL AZHAR 36,-6.9274,107.6239,JL. PALASARI NOMOR 09,82115200077
SDN 273 GEMPOL SARI KOTA BANDUNG,-6.9349,107.5533,KOMPLEK BUMI ASRI E-40,0
SDN 270 GENTRA MASEKDAS KOTA BANDUNG,-6.9364,107.5872,JL. SUKAMULYA NO. 29,2287786621
SDN 269 GRIYA BUMI ANTAPANI KOTA BANDUNG,-6.918,107.6655,JL. BANJARSARI IV NO. 1,0
SDN 268 PANYILEUKAN KOTA BANDUNG,-6.9456,107.7143,KOMP. BUMI PANYILEUKAN G.15 NO. 23 RT. 01 RW. 07,2287882549
SDN 264 GRIYA BUMI ANTAPANI KOTA BANDUNG,-6.9145,107.6597,JL. PLERED 9 NO. 25,2220524222
SDN 267 GRIYA BUMI ANTAPANI KOTA BANDUNG,-6.9195,107.6558,JL. KADIPATEN 14 NO. 2,2220545927
SDN 265 BANDUNGKULON KOTA BANDUNG,-6.9216,107.5925,JL. CIBADAK GG. IBU AISAH NO.16/9A,0
SDN 266 MENGGER KOTA BANDUNG,-6.9497,107.621,JL. TERUSAN SUKAATI NO. 21,2273590207
SDN 262 PANYILEUKAN KOTA BANDUNG,-6.942,107.7165,KOMP. BUMI PANYILEUKAN F.1,2287820537
SDN 260 GRIYA BUMI ANTAPANI KOTA BANDUNG,-6.9132,107.6679,JL. TANJUNGSARI VI NO. 40,227210232
SDN 256 CIGONDEWAH HILIR KOTA BANDUNG,-6.9455,107.5659,JL. CIGONDEWAH RAHAYU RT. 02/05,2220560028
SDN 259 GRIYA BUMI ANTAPANI KOTA BANDUNG,-6.9153,107.6652,JL. CIBATU VI NO. 1 ANTAPANI,227215682
SDN 258 SUKARELA KOTA BANDUNG,-6.923,107.7009,JL. PANYAWANGAN NO. 7,227816153
SDN 257 PELITA KOTA BANDUNG,-6.9439,107.632472,JL. RAJAMANTRI KIDUL NO. 4,2273516454
SDN 263 RANCALOA KOTA BANDUNG,-6.9467,107.6762,JL. CIPAMOKOLAN NO. 62,227513422
SDN 261 MARGAHAYU RAYA KOTA BANDUNG,-6.9456,107.6581,JL. JUPITER NO.92A,227535321
SDN 254 GRIYA BUMI ANTAPANI KOTA BANDUNG,-6.913,107.6538,JL. SUBANG V NO. 5,227215348
SDN 255 GRIYA BUMI ANTAPANI KOTA BANDUNG,-6.9196,107.658,JL. CICALENGKA RAYA NO. 1,7214138
SDN 251 JAMIKA KOTA BANDUNG,-6.9232,107.5873,JL. PAGARSIH GG. PA OYON,6001802
SDN 252 SETIABUDI KOTA BANDUNG,-6.88,107.5789,JL. SARIRASA BLOK IV SARIJADI,222013447
SDN 253 PANGGUNGSARI KOTA BANDUNG,-6.9089,107.7022,JL. TERITORIAL NO.112,0
SDN 250 JAKAPURWA KOTA BANDUNG,-6.9615,107.6496,JL. JAKAMULYA NO.16,227500525
SDN 248 SINDANGSARI KOTA BANDUNG,-6.9268,107.6647,JL. CIBODAS RAYA,82115365997
SDN 249 ASTANAANYAR KOTA BANDUNG,-6.9324,107.6005,JL. LIOGENTENG NO. 27,225228386
SDN 242 MARGASARI KOTA BANDUNG,-6.9568,107.669,JL. RANCASAWO KOMPLEK PINDAD,0
SDN 247 SUKAPURA KOTA BANDUNG,-6.9218,107.7149,JL. MANGLAYANG I NO.1 KECAMATAN CIBIRU,227832748
SDN 244 GURUMINDA KOTA BANDUNG,-6.93368,107.677934,JL. INDRA JAYA NO. 7,2270779428
SDN 245 SUMBERSARI INDAH KOTA BANDUNG,-6.9373,107.5727,JL. SUMBER MAKMUR NO. 1,226044201
SDN 246 MARGACINTA KOTA BANDUNG,-6.9551,107.6421,JL. MARGA INDAH I MARGACINTA,227538126
SDN 243 CICABE KOTA BANDUNG,-6.9007,107.6602,JL. H. ABDUL HAMID NO. 66,227236166
SDN 239 CIGONDEWAH KOTA BANDUNG,-6.9382,107.5573,JL. BATURENGAT CIGONDEWAH,81320556673
SDN 240 CIJERAH INDAH KOTA BANDUNG,-6.9228,107.5659,JL. MEKAR HURIP NO.18,2220567659
SDN 241 LEUWIANYAR KOTA BANDUNG,-6.9424,107.5944,JL. LEUWIANYAR,0
SDN 238 CIGONDEWAH KOTA BANDUNG,-6.9358,107.5611,JL. CIGONDEWAH KALER BLOK JAMBANGAN,226004067
SDN 237 KOPO ELOK KOTA BANDUNG,-6.9573,107.5827,JL. BUANA NO. 8,0
SDN 236 BABAKAN CIPARAY KOTA BANDUNG,-6.9458,107.5789,JL. CARINGIN GG. LUMBUNG III NO. 50,2254423473
SDN 235 LENGKONG KECIL KOTA BANDUNG,-6.92315,107.615362,JL. LENGKONG KECIL NO. 55,224213041
SDN 232 BLOK SAWAH KOTA BANDUNG,-6.9368,107.5591,KP. BLOK SAWAH,0
SDN 233 CIBADUYUT KOTA BANDUNG,-6.9512,107.5941,JL. CIBADUYUT RAYA BLOK PASANTREN NO.45,0
SDN 234 SALUYU KOTA BANDUNG,-6.8976,107.6489,JL. CIMUNCANG DALAM NO.52,227208556
SDN 231 SUKAASIH KOTA BANDUNG,-6.9008,107.6857,JL. SUKA ASIH ATAS IV BANDUNG,227816875
SDN 229 CIBADUYUT KOTA BANDUNG,-6.9543,107.5873,JL. PRAMBANAN BLOK O NO. 4,225421655
SDN 230 MARGAHAYU RAYA KOTA BANDUNG,-6.955,107.6635,JL. PLUTO UTARA BLOK G NO.73,227530140
SDN 228 CANGKUANG KOTA BANDUNG,-6.9592,107.5898,JL. CIBADUYUT RAYA GG. TVRI 5,0
SDN 225 MEKARGALIH KOTA BANDUNG,-6.9081,107.7148,JL. SEKEMALA NO. 73,87821426676
SDN 226 ARCAMANIK ENDAH KOTA BANDUNG,-6.9149,107.6785,JL. OLAH RAGA NO. 5,7217230
SDN 227 MARGAHAYU UTARA KOTA BANDUNG,-6.95042,107.573243,JL. CIBOLERANG NO. 185,5423824
SDN 223 BHAKTI WINAYA KOTA BANDUNG,-6.9413,107.6211,JL. PASIRJAYA VI NO. 1,225229664
SDN 220 GUMURUH KOTA BANDUNG,-6.9352,107.6354,JL. TAURUS NO.60,0
SDN 224 CIJAMBE KOTA BANDUNG,-6.9095,107.6925,JL. SUKUP BARU NO. 18,227837926
SDN 221 BABAKAN SENTRAL KOTA BANDUNG,-6.9296,107.65,JL. TERUSAN PSM NO.2,2287340371
SDN 217 SARIJADI KOTA BANDUNG,-6.8782,107.5801,KOMP. PERUM SARIJADI BLOK 4 NO. 100,2282025141
SDN 222 PASIRPOGOR KOTA BANDUNG,-6.9616,107.6628,JL. PASIR SUCI NO.8,228759342
SDN 219 BABAKANJATI KOTA BANDUNG,-6.9418,107.6405,JL. H. BASUKI NO.159,0
SDN 218 SARIJADI KOTA BANDUNG,-6.8766,107.5769,KOMP. SARIJADI BLOK 8 NO.11,2282001311
SDN 215 RANCASAGATAN KOTA BANDUNG,-6.9516,107.6993,JL. RANCASAGATAN 1,0
SDN 216 SONDARIAH KOTA BANDUNG,-6.9649,107.7054,JL. RANCANUMPANG,85871087141
SDN 214 PERUMNAS CIJERAH KOTA BANDUNG,-6.9277,107.5654,JL. CIJERAH NO. 232,226022677
SDN 211 BABAKAN PRIANGAN KOTA BANDUNG,-6.9456,107.6128,JL. SRIWIJAYA,225222353
SDN 209 ANTAPANI KOTA BANDUNG,-6.9105,107.658,JL. ANTAPANI NO. 1,7215025
SDN 213 BABAKAN CIPARAY KOTA BANDUNG,-6.9401,107.5765,JL. CARINGIN CIKUNGKURAK RT.03/06,2220563701
SDN 212 HARAPAN KOTA BANDUNG,-6.8653,107.5884,JL. PAK GATOT VI KPAD,222004661
SDN 207 CIBOGO KOTA BANDUNG,-6.8856,107.5792,JL. CIBOGO NO. 78,8.95379E+11
SDN 206 PUTRACO INDAH KOTA BANDUNG,-6.9419,107.6323,JL. RAJAMANTRI KALER NO. 25,227302178
SDN 210 BABAKAN SINYAR KOTA BANDUNG,-6.9282,107.6525,JL. TERUSAN SUKAPURA NO 71,227334268
SDN 208 LUGINASARI SUKAGALIH KOTA BANDUNG,-6.8912,107.5951,JL. SUKAGALIH KOMPLEK POLRI,222030044
SDN 205 NEGLASARI KOTA BANDUNG,-6.8864,107.619,JL. RAYA SADANG SARI NO. 1,0
SDN 191 BABAKAN SURABAYA KOTA BANDUNG,-6.9475,107.641,JL. IBRAHIM ADJIE BELAKANG NO.147,227231655
SDN 202 SURYALAYA KOTA BANDUNG,-6.9445,107.6248,JL. SURYA INDAH NO.81,2287352335
SDN 204 CIDADAP KOTA BANDUNG,-6.8634,107.5992,JL. CIPAKU INDAH 2 NO. 13,222001100
SDN 203 KACAPIRING KOTA BANDUNG,-6.9234,107.6363,JL. SUKABUMI DALAM NO. 3,0
SDN 192 CIBURUY KOTA BANDUNG,-6.9561,107.6145,JL. CIBURUY KAV. 59,0
SDN 193 CARINGIN KOTA BANDUNG,-6.8896,107.5859,JL. SUKAMULYA NO.46,0
SDN 187 LANUMA HUSEIN KOTA BANDUNG,-6.899,107.5864,JL. L.M.U SUPARMIN NO.1,2220562651
SDN 186 CIPADUNG KOTA BANDUNG,-6.9316,107.7138,"JL. A.H. NASUTION NO.71 KM.13,5 CIBIRU",227814156
SDN 189 NEGLASARI KOTA BANDUNG,-6.88846,107.625327,JL. RAYA SADANG SERANG,222535704
SDN 188 BANDUNG BARU KOTA BANDUNG,-6.8639,107.6071,JL. BUKIT RAYA SELATAN NO.298,0
SDN 185 CIHAURGEULIS KOTA BANDUNG,-6.9,107.6294,JL. SURAPATI NO. 82,2270778575
SDN 183 SAYURAN KOTA BANDUNG,-6.9233,107.5735,JL. SINDANGSARI KP. SAYURAN NO. 36,2270766373
SDN 184 BUAHBATU KOTA BANDUNG,-6.951,107.6408,JL. IBRAHIM ADJIE NO.65,227512567
SDN 190 CISARANTEN KIDUL KOTA BANDUNG,-6.9445,107.6852,JL. RIUNG BAKTI 1,0
SDN 181 SUKAMISKIN KOTA BANDUNG,-6.9108,107.6791,JL. TERUSAN PESANTREN NO 86,85974771133
SDN 180 PRAKARSA NUGRAHA KOTA BANDUNG,-6.9053,107.6808,JL. PARAKAN SAAT NO. 45,227335197
SDN 179 SARIJADI KOTA BANDUNG,-6.88073,107.574931,JL. SARIMANIS BLOK 17,222002135
SDN 178 GEGERKALONG KPAD KOTA BANDUNG,-6.8665,107.5818,JL. MANUNGGAL KPAD,222002945
SDN 176 CILANDAK KOTA BANDUNG,-6.8756,107.5805,JL. SARIJADI BLOK I,2282027171
SDN 175 TANJAKAN KOTA BANDUNG,-6.891,107.6632,JL. JATIHANDAP NO. 64,2287772110
SDN 182 PERUMNAS CIJERAH KOTA BANDUNG,-6.9368,107.5613,JL. CIJERAH BARAT NO. 04,2220561355
SDN 177 CIPEDES KOTA BANDUNG,-6.8692,107.5878,JL. SETRASARI TENGAH NO.15,222012267
SDN 171 LANUMA HUSEIN KOTA BANDUNG,-6.8938,107.5835,JL. SUKAWARNA NO. 3,226020574
SDN 174 PASIR IMPUN KOTA BANDUNG,-6.8983,107.6738,JL. PASIR IMPUN NO. 23,227216482
SDN 170 DIAN KOTA BANDUNG,-6.8988,107.5889,JL. BUDI NO. 26,226630036
SDN 173 NEGLASARI KOTA BANDUNG,-6.8915,107.6238,"JL. KP. PASIRKALIKI BARAT, RT 04/15",2220454628
SDN 166 CIATEUL KOTA BANDUNG,-6.9318,107.6118,JL. IBU INGGIT GARNASIH NO.159,225211958
SDN 167 MENGGER GIRANG KOTA BANDUNG,-6.9519,107.6167,JL. MENGGER GIRANG III NO. 4,2242821008
SDN 169 PELITA KOTA BANDUNG,-6.9227,107.7199,JL. DESA CIPADUNG CIBIRU,2263700432
SDN 168 CIPADUNG KOTA BANDUNG,-6.9247,107.7161,JL. EMBAH JAKSA NO. 145 B,227815028
SDN 172 ANDIR KIDUL KOTA BANDUNG,-6.9139,107.6955,JL. A.H NASUTION NO. 38 A,227832462
SDN 165 JATIHANDAP KOTA BANDUNG,-6.8983,107.6569,JL. JATIHANDAP GG. MASJID,227235514
SDN 163 BUAHBATU BARU KOTA BANDUNG,-6.9469,107.6325,JL. BUAHBATU NO. 273,81320575563
SDN 157 SUKARAJA KOTA BANDUNG,-6.9007,107.5894,JL. TERUSAN PASTEUR NO.38,2117446997
SDN 159 SEKEJATI KOTA BANDUNG,-6.9405,107.6535,JL. CIDURIAN UTARA NO.22,0
SDN 161 SUKAPURA KOTA BANDUNG,-6.9301,107.6493,JL. TERUSAN PSM NO.1,227333050
SDN 156 PASIRKALIKI KOTA BANDUNG,-6.893,107.5646,JL. BABAKAN CIANJUR NO. 81,226027515
SDN 162 WARUNGJAMBU KIARACONDONG KOTA BANDUNG,-6.9296,107.6456,JL. WARUNG JAMBU NO.28,0
SDN 164 KARANGPAWULANG KOTA BANDUNG,-6.9391,107.6285,JALAN KARAWITAN NO. 81,87352601
SDN 160 SUKALAKSANA KOTA BANDUNG,-6.9105,107.6474,JL. SUKAKARYA NO.109 CICAHEUM,227216834
SDN 158 BABAKAN SARI BABAKAN SURABAYA KOTA BANDUNG,-6.9216,107.6462,JL. BABAKAN SARI I NO.173,81294812887
SDN 155 GUNUNG RAHAYU KOTA BANDUNG,-6.8905,107.5695,JL. MENTOR NO.67 KELURAHAN SUKARAJA KECAMATAN CICENDO,226027644
SDN 150 GATOT SUBROTO KOTA BANDUNG,-6.9031,107.6365,JL. YUDHAWASTU PRAMUKA IV,70723079
SDN 154 CITEPUS KOTA BANDUNG,-6.9022,107.5887,JL. ASTANA EYANG,226006312
SDN 151 SUKASENANG KOTA BANDUNG,-6.8983,107.6362,JL. P.H.H. MUSTOFA NO. 46,227203489
SDN 152 CIGAGAK KOTA BANDUNG,-6.908,107.7246,JL. CILENGKRANG I NO.153,81220886679
SDN 153 TARUNA KARYA KOTA BANDUNG,-6.9188,107.716,JL. GALUMPIT NO.2,81220888375
SDN 149 CIGADUNG KOTA BANDUNG,-6.8786,107.6255,JL. RANCA KENDAL NO.99,0
SDN 143 KOPO KOTA BANDUNG,-6.9316,107.6024,JL. IBU INGGIT GARNASIH NO.74/21,0
SDN 148 CIBADUYUT KOTA BANDUNG,-6.9558,107.5912,JL. CIBADUYUT RAYA GG. MA MAJA NO. 50,225426700
SDN 147 CITARIP BARAT KOTA BANDUNG,-6.9391,107.5852,JL. MADESA NO.24 RT.01/12,0
SDN 146 GUMURUH KOTA BANDUNG,-6.9305,107.6389,JL. GUMURUH NO.138,227320490
SDN 142 DWIKORA KOTA BANDUNG,-6.9439,107.6029,JL. INHOFTANK NO.16,225232080
SDN 140 ARCAMANIK KOTA BANDUNG,-6.9098,107.6771,JL. MEKARSARI NO. 2,0
SDN 145 BINONG JATI KOTA BANDUNG,-6.9353,107.6393,JL. BINONGJATI NO. 20,227330319
SDN 144 SITUGUNTING KOTA BANDUNG,-6.9324,107.5842,JL. H. ZAKARIA NO. 56,8987849884
SDN 139 SUKARASA KOTA BANDUNG,-6.8685,107.5864,JL. GEGERKALONG HILIR NO. 82,20244928
SDN 138 GEGERKALONG GIRANG KOTA BANDUNG,-6.8608,107.5866,JL. GEGER ARUM NO. 11B,2014737
SDN 141 LOKAJAYA KOTA BANDUNG,-6.9056,107.6807,JL. A.H. NASUTION KM. 9 NO. 7,227807788
SDN 137 CIJEROKASO KOTA BANDUNG,-6.8711,107.5809,JL. SARIJADI RAYA NO.73,222021923
SDN 133 JALAN ANYAR KOTA BANDUNG,-6.9027,107.6528,JL. PADASUKA NO. 99/209 C,227210760
SDN 134 PANORAMA KOTA BANDUNG,-6.8699,107.6011,JL. HEGARMANAH NO. 152,2282602605
SDN 135 TURANGGA KOTA BANDUNG,-6.9274,107.629,JL. SALAK NO. 3,227305341
SDN 132 CIHAURGEULIS KOTA BANDUNG,-6.8997,107.6293,JL. SURAPATI NO. 155,222532263
SDN 136 SUKAWARNA KOTA BANDUNG,-6.8822,107.5784,JL. SARIWANGI NO. 1,0
SDN 131 CIJAWURA KOTA BANDUNG,-6.9645,107.6569,JL. CIJAWURA HILIR NO.384,227514289
SDN 130 SEKELIMUS BATUNUNGGAL KOTA BANDUNG,-6.9494,107.6373,JL. TERS. BUAHBATU GG. ANYELIR,0
SDN 129 RANCASAWO MARGASARI KOTA BANDUNG,-6.9606,107.6594,JL. RANCASAWO NO.50,2287313125
SDN 128 HAURPANCUH KOTA BANDUNG,-6.8927,107.6197,JL. TERUSAN TEUKU UMAR NO. 87,0
SDN 125 TARUNA KARYA KOTA BANDUNG,-6.9219,107.7137,JL. CILENGKRANG II NO.80,0
SDN 127 SEKELOA KOTA BANDUNG,-6.8877,107.6189,JL. SEKELOA UTARA NO. 30 A,2220461573
SDN 124 HANURA KOTA BANDUNG,-6.8994,107.7246,JL. CIWARU,0
SDN 126 BABAKAN KOTA BANDUNG,-6.9269,107.5788,JL. AKI PADMA NO. 1,226005122
SDN 123 BABAKAN PRIANGAN KOTA BANDUNG,-6.9469,107.6134,JL. BABAKAN PRIANGAN NO.29,0
SDN 120 KOTABARU KOTA BANDUNG,-6.9357,107.6093,JL. KOTA BARU III NO.13,0
SDN 117 BATUNUNGGAL KOTA BANDUNG,-6.9527,107.6361,JL. ARHANUDRI NO. 12 B,2287307879
SDN 119 CIJAGRA KOTA BANDUNG,-6.9446,107.6276,JL. SITU LEMBANG NO. 1,227319490
SDN 121 CARINGIN HOLIS KOTA BANDUNG,-6.9389,107.5685,JL. HOLIS NO. 424,2220567675
SDN 118 TANJUNG KOTA BANDUNG,-6.9299,107.5889,JL. BABAKAN TAROGONG NO. 193,226024361
SDN 116 CICAHEUM KOTA BANDUNG,-6.9027,107.6572,JL. ANTAPANI NO. 44,227236026
SDN 122 CIJAWURA KOTA BANDUNG,-6.9604,107.663,JL. CIJAWURA,227503953
SDN 115 TURANGGA KOTA BANDUNG,-6.9315,107.6352,JL. TURANGGA NO. 27,227319616
SDN 112 PAMOYANAN KOTA BANDUNG,-6.9528,107.6119,JL. MOCH. TOHA BELAKANG NO. 325,0
SDN 108 CIUMBULEUIT KOTA BANDUNG,-6.8741,107.6032,JL. BUKIT INDAH NO.12,82065106
SDN 110 PASIRKALIKI KOMARABUDI KOTA BANDUNG,-6.8908,107.5619,JL. GUNUNG BATU NO.30A,226613553
SDN 111 PINDAD KOTA BANDUNG,-6.9359,107.6465,JL. PAPANGGUNGAN NO.1,22731514706
SDN 114 BOJONGKONENG CIBEUNYING KOTA BANDUNG,-6.89293,107.644889,JL. BOJONGKONENG NO.38,22220546048
SDN 109 CENTEH KOTA BANDUNG,-6.9202,107.6247,JL. CENTEH NO. 5,88806380400
SDN 107 PALEDANG KOTA BANDUNG,-6.9093,107.7094,JL. NAGROG III NO. 8,227831951
SDN 113 BANJARSARI KOTA BANDUNG,-6.91343,107.61077,JL. MERDEKA NO. 22,4231594
SDN 105 SUKARELA KOTA BANDUNG,-6.9262,107.7049,JL. PASANGGRAHAN IX,227816661
SDN 104 LANGENSARI SENANGGALIH KOTA BANDUNG,-6.89247,107.625634,JL. KP. PASIRKALIKI BARAT,0
SDN 103 COBLONG KOTA BANDUNG,-6.878,107.6171,JL. IR. H. JUANDA NO. 338,222535776
SDN 102 CIKUDAYASA KOTA BANDUNG,-6.91997,107.725354,JL. CIKUDA,0
SDN 100 CIPEDES KOTA BANDUNG,-6.8694,107.5877,JL. GEGERKALONG HILIR NO. 79,2011271
SDN 106 AJITUNGGAL CIJAMBE KOTA BANDUNG,-6.909,107.6928,JL. TERUSAN SUKUP NO. 5,227838096
SDN 098 CIROYOM KOTA BANDUNG,-6.9157,107.5877,JL. RAJAWALI TIMUR GG.TARUNA NO. 33/26 A,82316119777
SDN 097 CIRATEUN KULON KOTA BANDUNG,-6.8437,107.5977,"JL. DR. SETIABUDI KM. 10,7",222003214
SDN 094 PARAKANWAAS KOTA BANDUNG,-6.9531,107.6268,JL. WAAS II NO. 94B,82126292649
SDN 096 SARIJADI SELATAN KOTA BANDUNG,-6.8836,107.5734,"JL. SARIMADU BAWAH, SARIJADI BLOK 26",222020774
SDN 095 BABAKANJATI KOTA BANDUNG,-6.9482,107.6506,JL. CIJAWURA GIRANG V,2287500415
SDN 099 BABAKAN TAROGONG KOTA BANDUNG,-6.9385,107.5937,JL. K.H. WAHID HASYIM NO. 256,226029365
SDN 092 CIBADAK ANDIR KOTA BANDUNG,-6.9214,107.5945,JL. CIBADAK NO.193,226079773
SDN 088 EMBONG KOTA BANDUNG,-6.9216,107.6132,JL. EMBONG NO.6,4210608
SDN 093 TUNAS HARAPAN CIJERAH KOTA BANDUNG,-6.9215,107.5695,JL. CIJERAH NO. 116,226073035
SDN 089 BABAKAN CIPARAY KOTA BANDUNG,-6.9311,107.5875,JL. CARINGIN NO. 150,225431502
SDN 086 CIMINCRANG KOTA BANDUNG,-6.946,107.7048,JL. CILAMETA NO.1,2263724314
SDN 087 RANCABOLANG KOTA BANDUNG,-6.9501,107.6622,JL. RANCABOLANG INDAH NO.1,227514602
SDN 084 CIKADUT KOTA BANDUNG,-6.9027,107.6645,JL. JAMARAS 4 NO.101,2263731979
SDN 090 CIBIRU KOTA BANDUNG,-6.9343,107.7204,"JL. A.H. NASUTION KM. 14,5 CIBIRU",227830508
SDN 085 CIUMBULEUIT KOTA BANDUNG,-6.8633,107.6057,JL. BUKIT RAYA NO. 173,0
SDN 091 CIBEUREUM KOTA BANDUNG,-6.9005,107.566,JL. ASRAMA KIPAL NO. 56,2220565150
SDN 082 MUARARAJEUN KOTA BANDUNG,-6.9024,107.6316,JL. MUARARAJEUN NO.26,0
SDN 081 KEBON GEDANG KRIDAWINAYA KOTA BANDUNG,-6.9317,107.6394,JL. GUMURUH BELAKANG NO.37,2273514651
SDN 076 SUKAJADI KOTA BANDUNG,-6.8899,107.5971,JL. SUKAJADI NO. 138,64404578
SDN 078 SINDANGSARI ANTAPANI KOTA BANDUNG,-6.9062,107.6647,JL. SINDANGSARI 1,87722273706
SDN 080 BOJONG INDAH CIBUNTU KOTA BANDUNG,-6.9278,107.5809,JL. KAWAT NO. 1,20562854
SDN 079 KOPO PAJAGALAN KOTA BANDUNG,-6.9271,107.6013,JL. PASIRKOJA NO. 37,225222339
SDN 083 BABAKAN SURABAYA KOTA BANDUNG,-6.9199,107.6445,JL. H. IBRAHIM ADJIE NO. 159,227231541
SDN 077 SEJAHTERA KOTA BANDUNG,-6.89304,107.601052,JL. SEJAHTERA NO. 12,64404377
SDN 074 AYUDIA KOTA BANDUNG,-6.9088,107.589,JL. AYUDIA NO. 25,226029887
SDN 072 SUKASARI KOTA BANDUNG,-6.8819,107.5786,JL. SARIWANGI NO. 1,0
SDN 075 JATAYU KOTA BANDUNG,-6.9097,107.5836,JL. KOMUD SUPADIO NO.39A,2220569798
SDN 073 PAJAGALAN KOTA BANDUNG,-6.9241,107.6007,JL. PAJAGALAN NO. 43,224265847
SDN 070 PASIRLUYU KOTA BANDUNG,-6.9397,107.6187,JL. PASIRLUYU NO.164/205A,0
SDN 067 NILEM KOTA BANDUNG,-6.936,107.6203,JL. NILEM NO.10,0
SDN 071 SUKAGALIH KOTA BANDUNG,-6.8927,107.5923,JL. SUKAGALIH NO.108,2042127
SDN 065 CIHAMPELAS KOTA BANDUNG,-6.8871,107.6041,JL. CIHAMPELAS NO. 280,222043935
SDN 068 SINDANGLAYA KOTA BANDUNG,-6.9051,107.6806,JL. A.H. NASUTION KM.9 NO.15,2287883826
SDN 069 CIPAMOKOLAN DERWATI KOTA BANDUNG,-6.9651,107.683,JL. DERWATI NO. 40,22787309090
SDN 066 HALIMUN KOTA BANDUNG,-6.9273,107.6249,JL. HALIMUN NO. 46,227333727
SDN 061 CIJERAH KOTA BANDUNG,-6.9217,107.5692,JL. CIJERAH NO. 122,226021985
SDN 062 CIUJUNG KOTA BANDUNG,-6.90704,107.629567,JL. LAPANGAN SUPRATMAN NO. 7,227274217
SDN 064 PADASUKA KOTA BANDUNG,-6.899,107.6608,JL. PADASUKA NO.90,81221027004
SDN 058 BABAKAN CIPARAY KOTA BANDUNG,-6.9484,107.5844,JL. CARINGIN GG. PORIB 3,0
SDN 059 CIRANGRANG KOTA BANDUNG,-6.9548,107.5827,"JL. K.H. WAHID HASYIM KOPO KM 5,5",2254433580
SDN 063 KEBON GEDANG KOTA BANDUNG,-6.928,107.6413,JL. KEBON GEDANG NO.82,81394024928
SDN 060 RAYA BARAT KOTA BANDUNG,-6.9186,107.5833,JL. JENDRAL SUDIRMAN NO. 587,2263001282
SDN 057 BINAHARAPAN KOTA BANDUNG,-6.9161,107.687,JL. GOLF SELATAN I NO.26,2287881269
SDN 055 JATIHANDAP KOTA BANDUNG,-6.8996,107.6576,JL. JATIHANDAP NO. 50,227211803
SDN 051 PASIRKALIKI KOTA BANDUNG,-6.9017,107.5967,JL. PASIRKALIKI BELAKANG NO.179,8156145332
SDN 056 GARUDA DADALI KOTA BANDUNG,-6.9129,107.5773,JL. DADALI NO. 5,226071998
SDN 054 TIKUKUR KOTA BANDUNG,-6.8972,107.6217,JL. TITIMPLIK NO. 1,222504130
SDN 049 DURMAN KOTA BANDUNG,-6.9182,107.5999,JL. DURMAN NO. 30,4263818
SDN 053 CISITU KOTA BANDUNG,-6.882,107.6094,JL. SANGKURIANG NO. 87,222513181
SDN 052 CISARANTEN WETAN GEDEBAGE KOTA BANDUNG,-6.9408,107.6916,JL. RAYA GEDEBAGE NO. 17,2287885143
SDN 048 SIRNAMANAH KOTA BANDUNG,-6.8883,107.5979,JL. SIRNAMANAH NO. 4,2264401171
SDN 050 CIBIRU KOTA BANDUNG,-6.9342,107.7214,"JL. A.H. NASUTION KM.14,5 CIBIRU",227814658
SDN 046 SINDANGLAYA KOTA BANDUNG,-6.9037,107.6806,JL. ARCAMANIK NO. 28,227831419
SDN 045 PASIRKALIKI KOTA BANDUNG,-6.8955,107.5611,JL. KARYA I NO. 18,226039134
SDN 047 BALONGGEDE KOTA BANDUNG,-6.9246,107.6075,JL. BALONGGEDE NO. 49,81220089933
SDN 042 GAMBIR KOTA BANDUNG,-6.9429,107.6412,JL. GAMBIR NO. 25,85900071587
SDN 041 CIBUNTU WARUNG MUNCANG KOTA BANDUNG,-6.9229,107.5739,JL. HOLIS - KPAD,226003560
SDN 039 TEGALEGA KOTA BANDUNG,-6.9381,107.6032,JL. PELINDUNG HEWAN NO. 43,0
SDN 044 CICADAS AWIGOMBONG KOTA BANDUNG,-6.9077,107.6403,JL. ASEP BERLIAN NO.33,227217671
SDN 040 PASAWAHAN KOTA BANDUNG,-6.9596,107.6133,JL. MOCHAMAD TOHA NO. 383,225224809
SDN 038 KIARACONDONG KOTA BANDUNG,-6.9334,107.643,JL. IBRAHIM ADJIE NO. 355,2273516118
SDN 043 CIMUNCANG KOTA BANDUNG,-6.903,107.6481,JL. BABAKAN HAJI TAMIM NO.33,0
SDN 034 PATRAKOMALA KOTA BANDUNG,-6.912,107.6214,JL. PATRAKOMALA NO.63,0
SDN 037 SABANG KOTA BANDUNG,-6.9082,107.620893,JL. SABANG NO. 2,227208209
SDN 031 PELESIRAN KOTA BANDUNG,-6.8958,107.6075,JL. PELESIRAN NO. 36,2282520467
SDN 030 CIRATEUN KOTA BANDUNG,-6.8466,107.6014,JL. DR. SETIABUDHI KM.10 NO.5,222020367
SDN 035 SOKA KOTA BANDUNG,-6.9155,107.6289,JL. SOKA NO. 34,227202333
SDN 032 TILIL KOTA BANDUNG,-6.8982,107.6232,JL. PUYUH NO. 2,222532245
SDN 033 ASMI KOTA BANDUNG,-6.9295,107.608,JL. ASMI NO. 2,0
SDN 029 CILENGKRANG KOTA BANDUNG,-6.9136,107.7197,JL. CILENGKRANG I NO.134,2287885183
SDN 028 GUMURUH KOTA BANDUNG,-6.93,107.6372,JL. CIBANGKONG NO. 13,82127346565
SDN 027 CICADAS KOTA BANDUNG,-6.906,107.6436,JL. CIKUTRA NO.15,0
SDN 022 CICADAS KOTA BANDUNG,-6.9055,107.6441,JL. CIKUTRA NO. 58,0
SDN 036 UJUNGBERUNG KOTA BANDUNG,-6.9129,107.702,JL. CIGENDING NO. 3,8112261733
SDN 026 BOJONGLOA KOTA BANDUNG,-6.9507,107.594,JL. CIBADUYUT RAYA NO.142/199C,0
SDN 025 CIKUTRA KOTA BANDUNG,-6.8936,107.6372,JL. CIKUTRA NO.326,0
SDN 024 COBLONG KOTA BANDUNG,-6.8795,107.6166,JL. IR. H. JUANDA NO. 304,0
SDN 023 PAJAGALAN KOTA BANDUNG,-6.926,107.6005,JL. PAJAGALAN NO. 58,81573129051
SDN 021 CIPOREAT KOTA BANDUNG,-6.9174,107.7062,JL. A.H. NASUTION NO. 29,7831464
SDN 017 SEKEJATI KOTA BANDUNG,-6.9405,107.653,JL. CIDURIAN UTARA NO.18,8.95339E+11
SDN 018 SUKAGALIH KOTA BANDUNG,-6.8961,107.6022,JL. SUKAGALIH NO. 69,222043130
SDN 020 LENGKONG BESAR KOTA BANDUNG,-6.936,107.62,JL. LENGKONG BESAR NO.139,0
SDN 019 PABAKI KOTA BANDUNG,-6.92748,107.595986,JL. PABAKI NO. 33,226074847
SDN 001 MERDEKA KOTA BANDUNG,-6.9156,107.61,JL. MERDEKA NO. 9,224231251
SDN 011 CIBUNTU KOTA BANDUNG,-6.9192,107.5762,JL. HOLIS NO.31,6044334
SDN 013 PASIRKALIKI KOTA BANDUNG,-6.9079,107.5978,JL. HOS COKROAMINOTO NO. 110,224204556
SDN 012 BABAKAN CIPARAY KOTA BANDUNG,-6.9453,107.5834,JL. CARINGIN NO.106,82130168612
SDN 010 CIDADAP KOTA BANDUNG,-6.8645,107.5945,JL. DR. SETIABUDHI NO. 234,22082005741
SDN 014 CIGONDEWAH KOTA BANDUNG,-6.9345,107.5635,JL. CIGONDEWAH KALER NO. 15,2220567506
SDN 009 CIKADUT KOTA BANDUNG,-6.9038,107.6657,JL. A.H. NASUTION KM.7 NO. 1,2263735415
SDN 016 DR. CIPTO PAJAJARAN KOTA BANDUNG,-6.9062,107.5998,JL. PAJAJARAN NO.58 / DR. CIPTO NO.4,224265015
SDN 015 KRESNA KOTA BANDUNG,-6.9098,107.5928,JL. KRESNA NO. 47,226010996
SDN 008 MOHAMAD TOHA KOTA BANDUNG,-6.9299,107.6067,JL. MOHAMAD TOHA NO. 22,85861815888
SDN 007 CIPAGANTI KOTA BANDUNG,-6.8948,107.6029,JL. SASTRA NO. 11,222043369
SDN 006 BUAHBATU KOTA BANDUNG,-6.9517,107.6409,JL. H. IBRAHIM ADJIE NO. 45,227563975
SDN 005 BABAKAN CIPARAY KOTA BANDUNG,-6.948,107.5876,JL. KOPO NO. 440,2254418885
SDN 004 CISARANTEN KULON KOTA BANDUNG,-6.9248,107.6834,JL. CISARANTEN KULON NO.129,2287884871
SDN 003 PAGARSIH KOTA BANDUNG,-6.9231,107.5944,JL. PAGARSIH NO. 77,226021395
SDN 002 KARANGMULYA KOTA BANDUNG,-6.9125,107.5804,JL. RAJAWALI SAKTI NO. 226,226039074
SDN 101 SUKAKARYA KOTA BANDUNG,-6.9072,107.6754,JL. SAHARDJO,2263729775
SDN 201 SUKALUYU KOTA BANDUNG,-6.8953,107.6319,JL. RERENG ADUMANIS NO.2A,222512610
SDN 200 LEUWIPANJANG KOTA BANDUNG,-6.94,107.6001,JL. MUARASARI RAYA NO. 49,225229188
SDN 199 SAYURAN KOTA BANDUNG,-6.9234,107.5739,KP. SAYURAN NO. 74,226003887
SDN 198 MEKARJAYA KOTA BANDUNG,-6.9223,107.6802,JL. CISARANTEN BARU N0. 21,7814496
SDN 197 KARANG TARUNA KARANGSARI KOTA BANDUNG,-6.9123,107.5796,JL. HALTEU UTARA NO. 149,0
SDN 196 SUKARASA KOTA BANDUNG,-6.86564,107.587933,JL. PAK GATOT V KPAD,222010421
SDN 195 ISOLA KOTA BANDUNG,-6.8639,107.5922,JL. GEGERKALONG GIRANG NO.12,222017869
SDN 194 SUKAJADI KOTA BANDUNG,-6.8833,107.5946,JL. KARANG TINEUNG NO. 5A,222060300
SD ANGKASA 1,-6.9056,107.5861,JL. PAJAJARAN NO. 150,2220569901
SD ANDIR MUKTI,-6.9136,107.5706,JL. JEND. SUDIRMAN BLK 799,2220594906
SD ALFA CENTAURI,-6.9276,107.6231,JL. TERATE NO. 10,227310894
SD ALAM BANDUNG,-6.8665,107.6174,JL. CIKALAPA II NO. 4 KP. TANGGULAN DAGO POJOK,2220458742
SD AL-QURAN,-6.89976,107.67531,JL. A.H. NASUTION KM 7NO. 247,2287789504
SD AL-IRHAAM GLOBAL ISLAMIC SCHOOL,-6.9067,107.669913,JL. A.H. NASUTION NO. 133,2263761735
SD AL-IHSAN ISLAMIC SCHOOL,-6.93376,107.679076,JL. CISARANTEN BARU I NO. 11,81320975696
SD KRISTEN TRIMULIA,-6.8953,107.5899,JL. KEBONJATI 145,226030547
SD MALEBER BARAT,-6.9106,107.5765,JL. MALEBER BARAT GG. WIBAWA III NO. 7,82126906480
SD LPPN,-6.9158,107.5855,JL. RAJAWALI TIMUR NO. 76,0
SD LINGGAWASTU,-6.9022,107.6059,JL. LINGGAWASTU NO. 8 A,0
SD KUNTUM CEMERLANG,-6.8624,107.6029,JL. CIPAKU INDAH 11 NO.2,2005668
SD KRISTEN YAHYA,-6.9044,107.6172,JL. PROGO NO. 4,224234747
SD KRISTEN TRIMULIA HITS,-6.8953,107.5899,JL. DR. DJUNJUNAN NO. 105,2286061577
SD LABORATORIUM PERCONTOHAN UPI,-6.86169,107.591472,JL. SENJAYA GURU NO.04,0
SD YPI,-6.9016,107.5956,JL. MUHAMMAD NO. 17 BANDUNG,0
SD YKPPK,-6.9058,107.6051,JL. CIHAMPELAS BLK NO. 14,8956488895
SD YAYASAN BERIBU,-6.9235,107.6422,JL. B K R NO. 1,7308323
SD YPU,-6.9241,107.629,JL. CUKANG JATI NO. 5,82316988254
SD YOS SUDARSO,-6.9296,107.6072,JL. MOHAMAD TOHA NO. 19,225212151
SD YAYASAN ATIKAN SUNDA,-6.901,107.6472,JL. PHH. MUSTOFA NO. 115,2220541426
SD YWKA REL HOMY SCHOOL,-6.9126,107.577,JL. RAJAWALI I NO. 5,6032573
SD YAKESWA,-6.9014,107.6027,JL. DR. HATTA 54/29 B,224241463
SD WINDU PUTRA,-6.9073,107.5713,JL. BABAKAN CIBEREUM NO.142,81395471008
SD YAMI,-6.9509,107.609,JL.KARASAK BARU NO.16 BANDUNG,225222362
SD UCHUWWATUL ISLAM,-6.89704,107.596326,JL. PASIRKALIKI GG. H. ENTO,222018699
SD TRIKARSA,-6.9191,107.644,JL. SAMSI NO. 123/125 C,85220765582
SD TERANG NUSANTARA,-6.9225,107.5857,JL. JAMIKA NO. 88,226072222
SD TIARA BUNDA,-6.9525,107.6343,JL. BATUNUNGGAL INDAH I 74-76,227510654
SD TULUS KARTIKA,-6.9487,107.6623,JL. RANCABOLANG NO. 140,2287529201
SD TEMASEK INDEPENDENT SCHOOL,-6.86505,107.590841,JL. SINDANG SIRNA NO. 8,222031381
SD TERPADU KRIDA NUSANTARA,-6.9237,107.721,JL. DESA CIPADUNG,227830509
SD SURYANI DWI MARGA,-6.9233,107.5806,JL. TERUSAN SURYANI NO.16/A - 191/C,6120828
SD SEQUOIA NASIONAL PLUS,-6.90883,107.605955,JL. ACEH NO. 6,2287804850
SD SURUUR,-6.8822,107.6024,JL. HEGARMANAH TENGAH NO. 1A,222037080
SD TUNAS UNGGUL,-6.8944,107.6787,JL. PASIR IMPUN NO. 94,87789420
SD SWADAYA 1,-6.9223,107.5888,JL. PAGARSIH NO. 181 E,226075279
SD SEMI PALAR,-6.89483,107.595397,JL. SUKAMULYA NO.77-79,2270173412
SD SEJATI,-6.8985,107.643,JL. CIKUTRA SUKASARI II NO.20,87823210987
SD TARUNA BAKTI,-6.9063,107.6184,JL. LL. RE. MARTADINATA NO. 52,224261571
SD SANTO ALOYSIUS SUKASARI,-6.8762,107.6043,JL. SUKAJADI 223,222038785
SD SANTO YUSUP,-6.9149,107.6111,JL. JAWA NO. 2 - 4,224202336
SD SANTO ALOYSIUS BANDUNG KIDUL,-6.9499,107.632,JL. BATUNUNGGAL INDAH II/30,227511670
SD SANTO AGUSTINUS,-6.9139,107.6329,JL. AHMAD YANI NO 273,227217631
SD SANTO YUSUP I,-6.9014,107.6441,JL. CIKUTRA NO 5,7231759
SD SANTO ALOYSIUS TR,-6.9133,107.6127,JL. TRUNOJOYO NO. 3,224235536
SD SALUYU,-6.9313,107.5879,KP. SITUGUNTING NO. 309/194 A,81221996405
SD SANTA URSULA,-6.913,107.6331,JL. BENGAWAN NO.2,7201774
SD SANTA ANGELA,-6.9125,107.6109,JL. MERDEKA NO. 24,224214736
SD REHOBOTH,-6.9252,107.606,JL. RD. DEWI SARTIKA NO. 36-38,4234384
SD RAJAWALI,-6.9131,107.5837,JL. ANDIR NO 117A/78 BANDUNG,82115111670
SD RANCAKASUMBA,-6.9341,107.6802,JL. SUMBERSARI NO. 104,0
SD RABBANI,-6.93182,107.672343,JALAN JATI,20507186
SD PROF. DR. MOESTOPO,-6.8845,107.617,JL. TUBAGUS ISMAIL III NO. 3,222501456
SD SAINS AL BIRUNI,-6.938,107.7129,JL. RAYA PANYILEUKAN NO. 11,7807681
SD SALMAN AL FARISI,-6.8829,107.6222,JL. TUBAGUS ISMAIL VIII NO.42A,222515961
SD PRASISTHA,-6.9178,107.5857,JL. ANDIR RI WINATA NO. 15,226040430
SD PELITA NUSANTARA,-6.8671,107.596,JL. SUKA ASIH 61 A SETIABUDHI,2220389334
SD PRIANGAN ISTIQAMAH,-6.90676,107.628363,JL. BAROS NO.1,227275494
SD PLUS BAITURRAHMAN,-6.9087,107.7066,JL. PROF. KH. M. SYADELI HASAN NO. 44 NAGROG II,81310008856
SD PELITA JASA,-6.9115,107.5867,JL. KOMUD. SUPADIO GG. HANURA NO.13,81214505099
SD PLUS AL FATWA,-6.9506,107.6134,JL. PLN CIGERELENG NO. 21,2242821035
SD PELITA,-6.9087,107.6351,JL. CITAMIANG NO. 43,0
SD PELITA BANGSA,-6.948,107.6047,JL. SOEKARNO HATTA NO. 391,225201214
SD PERTIWI,-6.8976,107.6071,JL. KEBON BIBIT NO. 16,222512048
SD PLUS AL GHIFARI,-6.934,107.6794,JL. CISARANTEN KULON NO. 140,227806223
SD PELITA FAJAR,-6.9215,107.597,JL. JENDRAL SUDIRMAN 467,226001456
SD PARDOMUAN,-6.9108,107.6185,JL. LOMBOK NO. 7,0
SD PANGKALAN,-6.9519,107.578,JL. CIBOLERANG NO. 02,0
SD PASUNDAN 3,-6.9274,107.5849,JL. BABAKAN CIPARAY NO.112/194 A,0
SD PASUNDAN 2,-6.9275,107.5854,JL. BABAKAN CIPARAY NO. 112 / 194 A,6026149
SD PANDU,-6.9052,107.5932,JL. PANDU NO. 6,226021743
SD NUGRAHA,-6.9512,107.6112,JL. PLN DALAM NO. 4,88885318
SD MUTIARA,-6.9075,107.5779,JL. MALEBER UTARA NO.37,226010563
SD MUHAMMADIYAH 6,-6.86305,107.620949,JL. IR.H. JUANDA KP. BENGKOK,0
SD MUHAMMADIYAH 2,-6.9273,107.6481,"JL. KEBON JAYANTI GG. PENSIUN
   KIARACONDONG",227333051
SD MUHAMMADIYAH 8,-6.9158,107.7044,JL. A. H. NASUTION 168 BANDUNG,7806023
SD MUHAMMADIYAH 4,-6.8914,107.5928,JL. SUKAGALIH GG. H. GOJALI NO. 134,222036179
SD MUHAMMADIYAH 5,-6.94,107.5957,JL. LEUWIPANJANG NO. 24,225233404
SD MUTIARA BUNDA,-6.9103,107.6708,JL. ARCAMANIK ENDAH NO.3,227216578
SD MUHAMMADIYAH 3,-6.9023,107.653,JL. PHH MUSTOPA,20526830
SD MUHAMMADIYAH 1,-6.9328,107.6235,JL. BANTENG DALAM NO. 6,73512531
SD MIFTAHUL IMAN,-6.8546,107.5936,JL SETIABUDHI 179/171 A,222010399
SD MALEBER SELATAN,-6.912,107.5751,JL. RAJAWALI GG. LATIFAH,82128284174
SD MALEBER UTARA,-6.9071,107.5775,JL. MALEBER UTARA NO.5,0
SD MATHLAUL KHOERIYAH,-6.903,107.6067,JL. TAMANSARI BAWAH NO. 60,4217645
SD KRISTEN PELITA,-6.9329,107.5717,JL. HOLIS NO. 300,226023009
SD MELANIA,-6.9008,107.6238,JL. MELANIA NO. 1-3,227204816
SD MUHAMMADIYAH 7,-6.9177,107.6553,JL. KADIPATEN RAYA NO 4-6,227214139
SD KRISTEN DIAN EMAS,-6.9383,107.6043,JL. MUARA BARAT NO.2,5228858
SD MARIA BINTANG LAUT,-6.9163,107.5911,JL. KEBONJATI NO.209 BANDUNG,226019388
SD KRISTEN KALAM KUDUS,-6.9323,107.6086,JL. IBU INGGIT GARNASIH NO. 108 .,225200573
SD KRISTEN HIDUP BARU,-6.8658,107.606,JL. CIUMBULEUIT NO.160,222031739
SD KRISTEN GAMALIEL,-6.9206,107.6048,JL. JENDRAL SUDIRMAN NO. 205-207,226003553
SD KRISTEN BPPK,-6.9071,107.5941,JL. PAJAJARAN NO. 91,226006191
SD KRISTEN BAPTIS,-6.9041,107.6065,JL. WASTUKENCANA NO. 40,224263854
SD KRISTEN 5 BPK PENABUR,-6.9257,107.621,JL. GUNTUR 34,7319910
SD KRISTEN BPK PENABUR SINGGASANA,-6.957,107.6146,JL. INDRA PRAHASTA TIMUR NO.2 BANDUNG,225436322
SD KRISTEN 2 BINA BAKTI,-6.9097,107.601,JL. BIMA NO. 9,226034388
SD KEMALA BHAYANGKARI 1,-6.932,107.622,JL. PALASARI NO.44,2273511513
SD KRISTEN 1 BINA BAKTI,-6.9086,107.5991,JL. BIMA NO. 9,226015168
SD KRISTEN BPK PENABUR TAMAN HOLIS INDAH,-6.9463,107.5696,KOMP. TAMAN HOLIS INDAH BLOK A,226003615
SD KRISTEN 6 BPK PENABUR,-6.9171,107.5779,JL. JEND. SUDIRMAN 638,226012483
SD KEMAH INDONESIA,-6.9251,107.5941,JL. PAGARSIH GG. ONONG NO.183/89,2286060862
SD KARTIKA XIX - 1,-6.9127,107.6185,JL. BANGKA NO.3,82249566638
SD KASIH BANGSA,-6.9469,107.5605,TAMAN HOLIS INDAH BLOK G,20585430
SD KRISTEN 1 BPK PENABUR,-6.9196,107.5952,JL. JEND.SUDIRMAN 246,6000136
SD JEMBAR,-6.9235,107.6441,JL. JATINEGARA NO. 1,85759068801
SD KARAKTER AZ-ZAHRA,-6.8902,107.6605,JL. PASIRLAYUNG ASRI NO. 15,87241567
SD JUARA,-6.9397,107.7119,JL. TERS. PANYILEUKAN RT.04/13,8112312210
SD IT AL-HIDAYAH LOGAM,-6.9571,107.6439,JL. LOGAM NO. 12,2287507287
SD KARTIKA X-1,-6.9277,107.6357,JL. JENDERAL GATOT SUBROTO N0. 160,227314739
SD IT AL-FAJAR,-6.9669,107.642,JL. BUANA SARI IV NO. 18-21,227511870
SD ITQAN ISLAMIC SCHOOL,-6.8932,107.6572,"JALAN PADASUKA NO. 160 KEC. CIBEUNYING KIDUL, KOTA BANDUNG 40192",85793837300
SD ISLAM AL-MUIZZ,-6.9474,107.6897,JL. GEDEBAGE NO. 97,0
SD ISTIQAMAH,-6.9047,107.6212,JL. TAMAN CITARUM,224209634
SD IT AL FITRAH,-6.94484,107.670154,JL. MERKURI TIMUR NO. 1,227567439
SD ISLAM MUTIARA HATI,-6.9206,107.6667,JL. TERUSAN CIKAJANG RAYA,227273245
SD ISLAM TERPADU LUQMANUL HAKIM,-6.9324,107.6759,JL. CINGISED KOMP. PEMDA KAV. D13-D15,2287821297
SD ISLAM TERPADU AL IRSYAD,-6.8928,107.6415,JL. AL-IRSYAD CIKUTRA RT. 09 RW. 02 KOTA BANDUNG 40124,227271966
SD IRK,-6.926,107.6167,JL. KARAPITAN 1 NO. 2,224230597
SD ISLAM CENDEKIA MUDA,-6.9213,107.6752,JL. PURI AYU PRATAMA NO. 17,227102888
SD INTAN AL-SALI,-6.90702,107.725641,JL. PASANGGRAHAN INDAH NO. 15,2263744941
SD INDUSTRI,-6.9126,107.5948,JL. INDUSTRI DALAM NO. 2,226120020
SD ISLAM AL AZHAR 30,-6.8763,107.5745,JL. TIRTASARI III NO. 1,222015451
SD HAS DARUL ILMI,-6.93746,107.659404,JL. CIDURIAN UTARA NO. 179,227335785
SD IBNU TAIMIYAH,-6.8919,107.5927,JL. SUKAGALIH GG. H. GOJALI 02/07,2039087
SD IGNATIUS SLAMET RIYADI 2,-6.9373,107.6438,JL. KEBON KANGKUNG X,227305824
SD GRACIA 2,-6.9281,107.5949,JL. PAGARSIH NO. 256,226017100
SD IGNATIUS SLAMET RIYADI,-6.9255,107.6318,JL. GATOT SUBROTO 221 BANDUNG,227330049
SD HARAPAN KASIH,-6.95423,107.602365,JL. MEKAR KENCANA NO. 2A KOMPLEK MEKAR WANGI,2287787262
SD EDU GLOBAL,-6.90388,107.612557,JL. CITARUM NO. 35,20523705
SD EL FITRA,-6.9248,107.665,JL. CIBODAS RAYA NO. 49,2287831182
SD GANESHA,-6.9359,107.6066,JL. MUHAMAD TOHA NO. 84,5206994
SD DWI AMANAT,-6.9223,107.5877,JL. PAGARSIH NO. 205,6021207
SD DEWI SARTIKA,-6.9255,107.6042,JL. KAUTAMAAN ISTRI NO.12,224214290
SD DWISAKTI,-6.9102,107.5774,JL. LAKSMUD. NURTANIO NO.58,226011301
SD GIKI,-6.881,107.5967,JL. KARANGSARI NO. 29,222042029
SD DAARUL HIKMAH BANDUNG,-6.91127,107.66611,JL. CIKAMPEK RAYA NO. 17,8122023600
SD DIAN KENCANA,-6.9379,107.6087,JL. BKR NO. 167,5227047
SD GAGAS CERIA,-6.9206,107.6248,JL. MALABAR NO. 61,7303086
SD CIPAERA,-6.9205,107.6241,JL. CIPAERA SELATAN NO. 145/33,87825463616
SD CIPTA KARYA,-6.9216,107.6364,JL. JEMBATAN OPAT CIBANGKONG LOR NO. 34 BANDUNG,81222009993
SD CITRA CEMARA,-6.9192,107.5736,JL. SOEKARNO HATTA NO. 22,226123475
SD CITRA WINAYA,-6.8918,107.5912,JL. CIPEDES NO. 8,0
SD CEMARA,-6.8853,107.5989,JL. CEMARA SELATAN NO. 358 / 181,81387114374
SD DARUL HIKAM,-6.87889,107.616276,JL. IR. H. JUANDA 285,222516705
SD CERDAS MUTHAHHARI,-6.9213,107.6717,JL. LAYAR NO. 17,2287241063
SD CAHAYA NUSANTARA,-6.9295,107.5682,KOMP. TAMAN BURUNG B 02 GEMPOL SARI,226076904
SD BUDI SASTRA,-6.9543,107.6002,JL. WARNA CINTA NO. 98,0
SD BUDI ISTRI,-6.9296,107.6196,JL. SANCANG NO. 4,227312428
SD CERDAS MULIA EKSELENSIA,-6.95638,107.677865,JL. RAHAYU RAYA II BLOK RANCACILI,2287528060
SD CAHAYA PELITA,-6.9275,107.5854,JL. BABAKAN CIPARAY NO. 251/194 A,2286061384
SD BUDI ASIH,-6.9519,107.6466,JL. CIPAGALO GIRANG,227531013
SD BODHI SINAR TERANG,-6.91243,107.583537,JL. JEND. SUDIRMAN NO. 478 - 480,6125669
SD BPMD TARUNA,-6.9153,107.5773,JL. HASAN ALI NO. 64 A/76,6044336
SD BINEKAS,-6.90364,107.658246,BUAH BATU REGENCY G7-7,81395221590
SD BPI,-6.9269,107.624,JL. HALIMUN NO. 40,227301460
SD BINTANG MADANI,-6.9036,107.6807,JL. TERUSAN PESANTREN NO. 102,227211124
SD BINAR INDONESIA,-6.9521,107.6618,JL. RANCABOLANG NO. 241,2287310227
SD BINA TALENTA,-6.9399,107.6125,JL. KEMBAR BARU UTARA NO.4 BANDUNG,225208123
SD BANDUNG RAYA,-6.9226,107.5691,JL. CIJERAH NO. 151,81322450839
SD BIANGLALA,-6.8756,107.5957,JL. SARI ENDAH 19 A GEGERKALONG HILIR,222008676
SD BANDUNG ISLAMIC SCHOOL,-6.93495,107.62337,JL. VAN DEVENTER NO.12,0
SD BINTANG MULIA,-6.9536,107.6021,JL. MEKAR KENCANA NO.1,225233890
SD BALA KESELAMATAN,-6.9222,107.6042,JL. GARDUJATI NO. 89,226013297
SD ATTAZHIMIYAH,-6.9448,107.5655,BLOK PESANTREN RT.01 RW.04,0
SD BAITUL HIKMAH,-6.9212,107.565,JL. MEKAR INDAH NO. 2B,20563364
SD AZ-ZAKIYAH,-6.9449,107.6495,JL. CIJAWURA GIRANG IV NO.2,227503784
SD ASY-SYIFA 2,-6.9274,107.6627,JL. RANDUSARI V,7276439
SD ASY-SYIFA 1,-6.9511,107.667,JALAN SATURNUS TIMUR NO. 94,227564156
SD AR-RAHMAN DARUL ILMI,-6.8934,107.615543,JL. IR. H. JUANDA BLK NO. 423,0
SD ASHFIYA,-6.9452,107.6822,JL. RIUNG MUNGPULUNG I,85316335505
SD AL-AMIN,-6.8811,107.6162,JL. BANGBAYANG NO. 15/157 C,8814537157
SD ANGKASA 3,-6.899,107.5865,JL. ZUHRI CIK DERI,226078931
SD AL KENZIE,-6.9594,107.657502,JL. KP. MARGAASIH - CIJAWURA,0
SD AL- HIDAYAH,-6.8727,107.6084,JL. RANCABULAN NO. 7 RANCABENTANG,8976632920
SD AL IKHLAS,-6.8849,107.5941,JLN. KARANG TINEUNG DALAM NO. 84,2282602705
SD ASSALAAM,-6.9257,107.6076,JL. SASAKGANTUNG NO. 1-3,224201338
SD ARRAFI,-6.942,107.6457,JL. SEKEJATI III NO.20,227311009
SD AL HUSAINIYYAH,-6.8784,107.6063,JL. BUKIT JARIAN NO.29/165 D,0
SD AL FATAH AL HASAN,-6.893,107.5611,JL. GUNUNG BATU NO. 31,226008401
SD AL HIDAYAH,-6.9295,107.5852,JL. BABAKAN CIPARAY NO. 147,6125992
SD AL FALAH,-6.8726,107.6256,JL. CISITU BARU NO.52,2504284
SD AL FATAH,-6.9437,107.5894,JL. KOPO GG. SUKALEUEUR,81222795110
SD AL BAROKAH,-6.9277,107.5787,JL. AKI PADMA NO. 23,6121235
SD ADZKIA,-6.8674,107.602,JL. PANUMBANG JAYA DALAM NO. 38F,222041514
SD ADVENT II BANDUNG,-6.8832,107.6024,JL. SETIABUDHI NO 1 BANDUNG,222043220
SD ABU AZIS,-6.90648,107.573436,JL. JAMARAS IV NO. 11B,227275652
SD ADVENT NARIPAN,-6.9186,107.6123,JL.NARIPAN NO.91,224234027
SD ADVENT CIMINDI,-6.9013,107.5639,JL. RAYA CIMINDI NO. 74,226010612
SD AL BASYARIYAH,-6.9494,107.5906,JL. CIBADUYUT LAMA KOMPLEK SAUYUNAN,2285447672
SD 3 KRISTEN PAULUS,-6.911,107.6179,JL. LOMBOK NO. 7,224200244
SD 1 KRISTEN PAULUS,-6.9036,107.5996,JL. DR. RAJIMAN NO. 11,4237131
SDN 272 SUKASARI KOTA BANDUNG,-6.88816,107.582331,JL. SUKAKARYA NO. 19,222012989
SDN 271 PANGHEGAR KOTA BANDUNG,-6.9298,107.698,JL. PAMEKAR BARAT NO. 5,0
SDN 274 CEMPAKA ARUM KOTA BANDUNG,-6.9576,107.7078,JL. UMAR BIN KHOTOB,227831910
SD AL AZHAR 36,-6.9274,107.6239,JL. PALASARI NOMOR 09,82115200077
SDN 273 GEMPOL SARI KOTA BANDUNG,-6.9349,107.5533,KOMPLEK BUMI ASRI E-40,0
SDN 270 GENTRA MASEKDAS KOTA BANDUNG,-6.9364,107.5872,JL. SUKAMULYA NO. 29,2287786621
SDN 269 GRIYA BUMI ANTAPANI KOTA BANDUNG,-6.918,107.6655,JL. BANJARSARI IV NO. 1,0
SDN 268 PANYILEUKAN KOTA BANDUNG,-6.9456,107.7143,KOMP. BUMI PANYILEUKAN G.15 NO. 23 RT. 01 RW. 07,2287882549
SDN 264 GRIYA BUMI ANTAPANI KOTA BANDUNG,-6.9145,107.6597,JL. PLERED 9 NO. 25,2220524222
SDN 267 GRIYA BUMI ANTAPANI KOTA BANDUNG,-6.9195,107.6558,JL. KADIPATEN 14 NO. 2,2220545927
SDN 265 BANDUNGKULON KOTA BANDUNG,-6.9216,107.5925,JL. CIBADAK GG. IBU AISAH NO.16/9A,0
SDN 266 MENGGER KOTA BANDUNG,-6.9497,107.621,JL. TERUSAN SUKAATI NO. 21,2273590207
SDN 262 PANYILEUKAN KOTA BANDUNG,-6.942,107.7165,KOMP. BUMI PANYILEUKAN F.1,2287820537
SDN 260 GRIYA BUMI ANTAPANI KOTA BANDUNG,-6.9132,107.6679,JL. TANJUNGSARI VI NO. 40,227210232
SDN 256 CIGONDEWAH HILIR KOTA BANDUNG,-6.9455,107.5659,JL. CIGONDEWAH RAHAYU RT. 02/05,2220560028
SDN 259 GRIYA BUMI ANTAPANI KOTA BANDUNG,-6.9153,107.6652,JL. CIBATU VI NO. 1 ANTAPANI,227215682
SDN 258 SUKARELA KOTA BANDUNG,-6.923,107.7009,JL. PANYAWANGAN NO. 7,227816153
SDN 257 PELITA KOTA BANDUNG,-6.9439,107.632472,JL. RAJAMANTRI KIDUL NO. 4,2273516454
SDN 263 RANCALOA KOTA BANDUNG,-6.9467,107.6762,JL. CIPAMOKOLAN NO. 62,227513422
SDN 261 MARGAHAYU RAYA KOTA BANDUNG,-6.9456,107.6581,JL. JUPITER NO.92A,227535321
SDN 254 GRIYA BUMI ANTAPANI KOTA BANDUNG,-6.913,107.6538,JL. SUBANG V NO. 5,227215348
SDN 255 GRIYA BUMI ANTAPANI KOTA BANDUNG,-6.9196,107.658,JL. CICALENGKA RAYA NO. 1,7214138
SDN 251 JAMIKA KOTA BANDUNG,-6.9232,107.5873,JL. PAGARSIH GG. PA OYON,6001802
SDN 252 SETIABUDI KOTA BANDUNG,-6.88,107.5789,JL. SARIRASA BLOK IV SARIJADI,222013447
SDN 253 PANGGUNGSARI KOTA BANDUNG,-6.9089,107.7022,JL. TERITORIAL NO.112,0
SDN 250 JAKAPURWA KOTA BANDUNG,-6.9615,107.6496,JL. JAKAMULYA NO.16,227500525
SDN 248 SINDANGSARI KOTA BANDUNG,-6.9268,107.6647,JL. CIBODAS RAYA,82115365997
SDN 249 ASTANAANYAR KOTA BANDUNG,-6.9324,107.6005,JL. LIOGENTENG NO. 27,225228386
SDN 242 MARGASARI KOTA BANDUNG,-6.9568,107.669,JL. RANCASAWO KOMPLEK PINDAD,0
SDN 247 SUKAPURA KOTA BANDUNG,-6.9218,107.7149,JL. MANGLAYANG I NO.1 KECAMATAN CIBIRU,227832748
SDN 244 GURUMINDA KOTA BANDUNG,-6.93368,107.677934,JL. INDRA JAYA NO. 7,2270779428
SDN 245 SUMBERSARI INDAH KOTA BANDUNG,-6.9373,107.5727,JL. SUMBER MAKMUR NO. 1,226044201
SDN 246 MARGACINTA KOTA BANDUNG,-6.9551,107.6421,JL. MARGA INDAH I MARGACINTA,227538126
SDN 243 CICABE KOTA BANDUNG,-6.9007,107.6602,JL. H. ABDUL HAMID NO. 66,227236166
SDN 239 CIGONDEWAH KOTA BANDUNG,-6.9382,107.5573,JL. BATURENGAT CIGONDEWAH,81320556673
SDN 240 CIJERAH INDAH KOTA BANDUNG,-6.9228,107.5659,JL. MEKAR HURIP NO.18,2220567659
SDN 241 LEUWIANYAR KOTA BANDUNG,-6.9424,107.5944,JL. LEUWIANYAR,0
SDN 238 CIGONDEWAH KOTA BANDUNG,-6.9358,107.5611,JL. CIGONDEWAH KALER BLOK JAMBANGAN,226004067
SDN 237 KOPO ELOK KOTA BANDUNG,-6.9573,107.5827,JL. BUANA NO. 8,0
SDN 236 BABAKAN CIPARAY KOTA BANDUNG,-6.9458,107.5789,JL. CARINGIN GG. LUMBUNG III NO. 50,2254423473
SDN 235 LENGKONG KECIL KOTA BANDUNG,-6.92315,107.615362,JL. LENGKONG KECIL NO. 55,224213041
SDN 232 BLOK SAWAH KOTA BANDUNG,-6.9368,107.5591,KP. BLOK SAWAH,0
SDN 233 CIBADUYUT KOTA BANDUNG,-6.9512,107.5941,JL. CIBADUYUT RAYA BLOK PASANTREN NO.45,0
SDN 234 SALUYU KOTA BANDUNG,-6.8976,107.6489,JL. CIMUNCANG DALAM NO.52,227208556
SDN 231 SUKAASIH KOTA BANDUNG,-6.9008,107.6857,JL. SUKA ASIH ATAS IV BANDUNG,227816875
SDN 229 CIBADUYUT KOTA BANDUNG,-6.9543,107.5873,JL. PRAMBANAN BLOK O NO. 4,225421655
SDN 230 MARGAHAYU RAYA KOTA BANDUNG,-6.955,107.6635,JL. PLUTO UTARA BLOK G NO.73,227530140
SDN 228 CANGKUANG KOTA BANDUNG,-6.9592,107.5898,JL. CIBADUYUT RAYA GG. TVRI 5,0
SDN 225 MEKARGALIH KOTA BANDUNG,-6.9081,107.7148,JL. SEKEMALA NO. 73,87821426676
SDN 226 ARCAMANIK ENDAH KOTA BANDUNG,-6.9149,107.6785,JL. OLAH RAGA NO. 5,7217230
SDN 227 MARGAHAYU UTARA KOTA BANDUNG,-6.95042,107.573243,JL. CIBOLERANG NO. 185,5423824
SDN 223 BHAKTI WINAYA KOTA BANDUNG,-6.9413,107.6211,JL. PASIRJAYA VI NO. 1,225229664
SDN 220 GUMURUH KOTA BANDUNG,-6.9352,107.6354,JL. TAURUS NO.60,0
SDN 224 CIJAMBE KOTA BANDUNG,-6.9095,107.6925,JL. SUKUP BARU NO. 18,227837926
SDN 221 BABAKAN SENTRAL KOTA BANDUNG,-6.9296,107.65,JL. TERUSAN PSM NO.2,2287340371
SDN 217 SARIJADI KOTA BANDUNG,-6.8782,107.5801,KOMP. PERUM SARIJADI BLOK 4 NO. 100,2282025141
SDN 222 PASIRPOGOR KOTA BANDUNG,-6.9616,107.6628,JL. PASIR SUCI NO.8,228759342
SDN 219 BABAKANJATI KOTA BANDUNG,-6.9418,107.6405,JL. H. BASUKI NO.159,0
SDN 218 SARIJADI KOTA BANDUNG,-6.8766,107.5769,KOMP. SARIJADI BLOK 8 NO.11,2282001311
SDN 215 RANCASAGATAN KOTA BANDUNG,-6.9516,107.6993,JL. RANCASAGATAN 1,0
SDN 216 SONDARIAH KOTA BANDUNG,-6.9649,107.7054,JL. RANCANUMPANG,85871087141
SDN 214 PERUMNAS CIJERAH KOTA BANDUNG,-6.9277,107.5654,JL. CIJERAH NO. 232,226022677
SDN 211 BABAKAN PRIANGAN KOTA BANDUNG,-6.9456,107.6128,JL. SRIWIJAYA,225222353
SDN 209 ANTAPANI KOTA BANDUNG,-6.9105,107.658,JL. ANTAPANI NO. 1,7215025
SDN 213 BABAKAN CIPARAY KOTA BANDUNG,-6.9401,107.5765,JL. CARINGIN CIKUNGKURAK RT.03/06,2220563701
SDN 212 HARAPAN KOTA BANDUNG,-6.8653,107.5884,JL. PAK GATOT VI KPAD,222004661
SDN 207 CIBOGO KOTA BANDUNG,-6.8856,107.5792,JL. CIBOGO NO. 78,8.95379E+11
SDN 206 PUTRACO INDAH KOTA BANDUNG,-6.9419,107.6323,JL. RAJAMANTRI KALER NO. 25,227302178
SDN 210 BABAKAN SINYAR KOTA BANDUNG,-6.9282,107.6525,JL. TERUSAN SUKAPURA NO 71,227334268
SDN 208 LUGINASARI SUKAGALIH KOTA BANDUNG,-6.8912,107.5951,JL. SUKAGALIH KOMPLEK POLRI,222030044
SDN 205 NEGLASARI KOTA BANDUNG,-6.8864,107.619,JL. RAYA SADANG SARI NO. 1,0
SDN 191 BABAKAN SURABAYA KOTA BANDUNG,-6.9475,107.641,JL. IBRAHIM ADJIE BELAKANG NO.147,227231655
SDN 202 SURYALAYA KOTA BANDUNG,-6.9445,107.6248,JL. SURYA INDAH NO.81,2287352335
SDN 204 CIDADAP KOTA BANDUNG,-6.8634,107.5992,JL. CIPAKU INDAH 2 NO. 13,222001100
SDN 203 KACAPIRING KOTA BANDUNG,-6.9234,107.6363,JL. SUKABUMI DALAM NO. 3,0
SDN 192 CIBURUY KOTA BANDUNG,-6.9561,107.6145,JL. CIBURUY KAV. 59,0
SDN 193 CARINGIN KOTA BANDUNG,-6.8896,107.5859,JL. SUKAMULYA NO.46,0
SDN 187 LANUMA HUSEIN KOTA BANDUNG,-6.899,107.5864,JL. L.M.U SUPARMIN NO.1,2220562651
SDN 186 CIPADUNG KOTA BANDUNG,-6.9316,107.7138,"JL. A.H. NASUTION NO.71 KM.13,5 CIBIRU",227814156
SDN 189 NEGLASARI KOTA BANDUNG,-6.88846,107.625327,JL. RAYA SADANG SERANG,222535704
SDN 188 BANDUNG BARU KOTA BANDUNG,-6.8639,107.6071,JL. BUKIT RAYA SELATAN NO.298,0
SDN 185 CIHAURGEULIS KOTA BANDUNG,-6.9,107.6294,JL. SURAPATI NO. 82,2270778575
SDN 183 SAYURAN KOTA BANDUNG,-6.9233,107.5735,JL. SINDANGSARI KP. SAYURAN NO. 36,2270766373
SDN 184 BUAHBATU KOTA BANDUNG,-6.951,107.6408,JL. IBRAHIM ADJIE NO.65,227512567
SDN 190 CISARANTEN KIDUL KOTA BANDUNG,-6.9445,107.6852,JL. RIUNG BAKTI 1,0
SDN 181 SUKAMISKIN KOTA BANDUNG,-6.9108,107.6791,JL. TERUSAN PESANTREN NO 86,85974771133
SDN 180 PRAKARSA NUGRAHA KOTA BANDUNG,-6.9053,107.6808,JL. PARAKAN SAAT NO. 45,227335197
SDN 179 SARIJADI KOTA BANDUNG,-6.88073,107.574931,JL. SARIMANIS BLOK 17,222002135
SDN 178 GEGERKALONG KPAD KOTA BANDUNG,-6.8665,107.5818,JL. MANUNGGAL KPAD,222002945
SDN 176 CILANDAK KOTA BANDUNG,-6.8756,107.5805,JL. SARIJADI BLOK I,2282027171
SDN 175 TANJAKAN KOTA BANDUNG,-6.891,107.6632,JL. JATIHANDAP NO. 64,2287772110
SDN 182 PERUMNAS CIJERAH KOTA BANDUNG,-6.9368,107.5613,JL. CIJERAH BARAT NO. 04,2220561355
SDN 177 CIPEDES KOTA BANDUNG,-6.8692,107.5878,JL. SETRASARI TENGAH NO.15,222012267
SDN 171 LANUMA HUSEIN KOTA BANDUNG,-6.8938,107.5835,JL. SUKAWARNA NO. 3,226020574
SDN 174 PASIR IMPUN KOTA BANDUNG,-6.8983,107.6738,JL. PASIR IMPUN NO. 23,227216482
SDN 170 DIAN KOTA BANDUNG,-6.8988,107.5889,JL. BUDI NO. 26,226630036
SDN 173 NEGLASARI KOTA BANDUNG,-6.8915,107.6238,"JL. KP. PASIRKALIKI BARAT, RT 04/15",2220454628
SDN 166 CIATEUL KOTA BANDUNG,-6.9318,107.6118,JL. IBU INGGIT GARNASIH NO.159,225211958
SDN 167 MENGGER GIRANG KOTA BANDUNG,-6.9519,107.6167,JL. MENGGER GIRANG III NO. 4,2242821008
SDN 169 PELITA KOTA BANDUNG,-6.9227,107.7199,JL. DESA CIPADUNG CIBIRU,2263700432
SDN 168 CIPADUNG KOTA BANDUNG,-6.9247,107.7161,JL. EMBAH JAKSA NO. 145 B,227815028
SDN 172 ANDIR KIDUL KOTA BANDUNG,-6.9139,107.6955,JL. A.H NASUTION NO. 38 A,227832462
SDN 165 JATIHANDAP KOTA BANDUNG,-6.8983,107.6569,JL. JATIHANDAP GG. MASJID,227235514
SDN 163 BUAHBATU BARU KOTA BANDUNG,-6.9469,107.6325,JL. BUAHBATU NO. 273,81320575563
SDN 157 SUKARAJA KOTA BANDUNG,-6.9007,107.5894,JL. TERUSAN PASTEUR NO.38,2117446997
SDN 159 SEKEJATI KOTA BANDUNG,-6.9405,107.6535,JL. CIDURIAN UTARA NO.22,0
SDN 161 SUKAPURA KOTA BANDUNG,-6.9301,107.6493,JL. TERUSAN PSM NO.1,227333050
SDN 156 PASIRKALIKI KOTA BANDUNG,-6.893,107.5646,JL. BABAKAN CIANJUR NO. 81,226027515
SDN 162 WARUNGJAMBU KIARACONDONG KOTA BANDUNG,-6.9296,107.6456,JL. WARUNG JAMBU NO.28,0
SDN 164 KARANGPAWULANG KOTA BANDUNG,-6.9391,107.6285,JALAN KARAWITAN NO. 81,87352601
SDN 160 SUKALAKSANA KOTA BANDUNG,-6.9105,107.6474,JL. SUKAKARYA NO.109 CICAHEUM,227216834
SDN 158 BABAKAN SARI BABAKAN SURABAYA KOTA BANDUNG,-6.9216,107.6462,JL. BABAKAN SARI I NO.173,81294812887
SDN 155 GUNUNG RAHAYU KOTA BANDUNG,-6.8905,107.5695,JL. MENTOR NO.67 KELURAHAN SUKARAJA KECAMATAN CICENDO,226027644
SDN 150 GATOT SUBROTO KOTA BANDUNG,-6.9031,107.6365,JL. YUDHAWASTU PRAMUKA IV,70723079
SDN 154 CITEPUS KOTA BANDUNG,-6.9022,107.5887,JL. ASTANA EYANG,226006312
SDN 151 SUKASENANG KOTA BANDUNG,-6.8983,107.6362,JL. P.H.H. MUSTOFA NO. 46,227203489
SDN 152 CIGAGAK KOTA BANDUNG,-6.908,107.7246,JL. CILENGKRANG I NO.153,81220886679
SDN 153 TARUNA KARYA KOTA BANDUNG,-6.9188,107.716,JL. GALUMPIT NO.2,81220888375
SDN 149 CIGADUNG KOTA BANDUNG,-6.8786,107.6255,JL. RANCA KENDAL NO.99,0
SDN 143 KOPO KOTA BANDUNG,-6.9316,107.6024,JL. IBU INGGIT GARNASIH NO.74/21,0
SDN 148 CIBADUYUT KOTA BANDUNG,-6.9558,107.5912,JL. CIBADUYUT RAYA GG. MA MAJA NO. 50,225426700
SDN 147 CITARIP BARAT KOTA BANDUNG,-6.9391,107.5852,JL. MADESA NO.24 RT.01/12,0
SDN 146 GUMURUH KOTA BANDUNG,-6.9305,107.6389,JL. GUMURUH NO.138,227320490
SDN 142 DWIKORA KOTA BANDUNG,-6.9439,107.6029,JL. INHOFTANK NO.16,225232080
SDN 140 ARCAMANIK KOTA BANDUNG,-6.9098,107.6771,JL. MEKARSARI NO. 2,0
SDN 145 BINONG JATI KOTA BANDUNG,-6.9353,107.6393,JL. BINONGJATI NO. 20,227330319
SDN 144 SITUGUNTING KOTA BANDUNG,-6.9324,107.5842,JL. H. ZAKARIA NO. 56,8987849884
SDN 139 SUKARASA KOTA BANDUNG,-6.8685,107.5864,JL. GEGERKALONG HILIR NO. 82,20244928
SDN 138 GEGERKALONG GIRANG KOTA BANDUNG,-6.8608,107.5866,JL. GEGER ARUM NO. 11B,2014737
SDN 141 LOKAJAYA KOTA BANDUNG,-6.9056,107.6807,JL. A.H. NASUTION KM. 9 NO. 7,227807788
SDN 137 CIJEROKASO KOTA BANDUNG,-6.8711,107.5809,JL. SARIJADI RAYA NO.73,222021923
SDN 133 JALAN ANYAR KOTA BANDUNG,-6.9027,107.6528,JL. PADASUKA NO. 99/209 C,227210760
SDN 134 PANORAMA KOTA BANDUNG,-6.8699,107.6011,JL. HEGARMANAH NO. 152,2282602605
SDN 135 TURANGGA KOTA BANDUNG,-6.9274,107.629,JL. SALAK NO. 3,227305341
SDN 132 CIHAURGEULIS KOTA BANDUNG,-6.8997,107.6293,JL. SURAPATI NO. 155,222532263
SDN 136 SUKAWARNA KOTA BANDUNG,-6.8822,107.5784,JL. SARIWANGI NO. 1,0
SDN 131 CIJAWURA KOTA BANDUNG,-6.9645,107.6569,JL. CIJAWURA HILIR NO.384,227514289
SDN 130 SEKELIMUS BATUNUNGGAL KOTA BANDUNG,-6.9494,107.6373,JL. TERS. BUAHBATU GG. ANYELIR,0
SDN 129 RANCASAWO MARGASARI KOTA BANDUNG,-6.9606,107.6594,JL. RANCASAWO NO.50,2287313125
SDN 128 HAURPANCUH KOTA BANDUNG,-6.8927,107.6197,JL. TERUSAN TEUKU UMAR NO. 87,0
SDN 125 TARUNA KARYA KOTA BANDUNG,-6.9219,107.7137,JL. CILENGKRANG II NO.80,0
SDN 127 SEKELOA KOTA BANDUNG,-6.8877,107.6189,JL. SEKELOA UTARA NO. 30 A,2220461573
SDN 124 HANURA KOTA BANDUNG,-6.8994,107.7246,JL. CIWARU,0
SDN 126 BABAKAN KOTA BANDUNG,-6.9269,107.5788,JL. AKI PADMA NO. 1,226005122
SDN 123 BABAKAN PRIANGAN KOTA BANDUNG,-6.9469,107.6134,JL. BABAKAN PRIANGAN NO.29,0
SDN 120 KOTABARU KOTA BANDUNG,-6.9357,107.6093,JL. KOTA BARU III NO.13,0
SDN 117 BATUNUNGGAL KOTA BANDUNG,-6.9527,107.6361,JL. ARHANUDRI NO. 12 B,2287307879
SDN 119 CIJAGRA KOTA BANDUNG,-6.9446,107.6276,JL. SITU LEMBANG NO. 1,227319490
SDN 121 CARINGIN HOLIS KOTA BANDUNG,-6.9389,107.5685,JL. HOLIS NO. 424,2220567675
SDN 118 TANJUNG KOTA BANDUNG,-6.9299,107.5889,JL. BABAKAN TAROGONG NO. 193,226024361
SDN 116 CICAHEUM KOTA BANDUNG,-6.9027,107.6572,JL. ANTAPANI NO. 44,227236026
SDN 122 CIJAWURA KOTA BANDUNG,-6.9604,107.663,JL. CIJAWURA,227503953
SDN 115 TURANGGA KOTA BANDUNG,-6.9315,107.6352,JL. TURANGGA NO. 27,227319616
SDN 112 PAMOYANAN KOTA BANDUNG,-6.9528,107.6119,JL. MOCH. TOHA BELAKANG NO. 325,0
SDN 108 CIUMBULEUIT KOTA BANDUNG,-6.8741,107.6032,JL. BUKIT INDAH NO.12,82065106
SDN 110 PASIRKALIKI KOMARABUDI KOTA BANDUNG,-6.8908,107.5619,JL. GUNUNG BATU NO.30A,226613553
SDN 111 PINDAD KOTA BANDUNG,-6.9359,107.6465,JL. PAPANGGUNGAN NO.1,22731514706
SDN 114 BOJONGKONENG CIBEUNYING KOTA BANDUNG,-6.89293,107.644889,JL. BOJONGKONENG NO.38,22220546048
SDN 109 CENTEH KOTA BANDUNG,-6.9202,107.6247,JL. CENTEH NO. 5,88806380400
SDN 107 PALEDANG KOTA BANDUNG,-6.9093,107.7094,JL. NAGROG III NO. 8,227831951
SDN 113 BANJARSARI KOTA BANDUNG,-6.91343,107.61077,JL. MERDEKA NO. 22,4231594
SDN 105 SUKARELA KOTA BANDUNG,-6.9262,107.7049,JL. PASANGGRAHAN IX,227816661
SDN 104 LANGENSARI SENANGGALIH KOTA BANDUNG,-6.89247,107.625634,JL. KP. PASIRKALIKI BARAT,0
SDN 103 COBLONG KOTA BANDUNG,-6.878,107.6171,JL. IR. H. JUANDA NO. 338,222535776
SDN 102 CIKUDAYASA KOTA BANDUNG,-6.91997,107.725354,JL. CIKUDA,0
SDN 100 CIPEDES KOTA BANDUNG,-6.8694,107.5877,JL. GEGERKALONG HILIR NO. 79,2011271
SDN 106 AJITUNGGAL CIJAMBE KOTA BANDUNG,-6.909,107.6928,JL. TERUSAN SUKUP NO. 5,227838096
SDN 098 CIROYOM KOTA BANDUNG,-6.9157,107.5877,JL. RAJAWALI TIMUR GG.TARUNA NO. 33/26 A,82316119777
SDN 097 CIRATEUN KULON KOTA BANDUNG,-6.8437,107.5977,"JL. DR. SETIABUDI KM. 10,7",222003214
SDN 094 PARAKANWAAS KOTA BANDUNG,-6.9531,107.6268,JL. WAAS II NO. 94B,82126292649
SDN 096 SARIJADI SELATAN KOTA BANDUNG,-6.8836,107.5734,"JL. SARIMADU BAWAH, SARIJADI BLOK 26",222020774
SDN 095 BABAKANJATI KOTA BANDUNG,-6.9482,107.6506,JL. CIJAWURA GIRANG V,2287500415
SDN 099 BABAKAN TAROGONG KOTA BANDUNG,-6.9385,107.5937,JL. K.H. WAHID HASYIM NO. 256,226029365
SDN 092 CIBADAK ANDIR KOTA BANDUNG,-6.9214,107.5945,JL. CIBADAK NO.193,226079773
SDN 088 EMBONG KOTA BANDUNG,-6.9216,107.6132,JL. EMBONG NO.6,4210608
SDN 093 TUNAS HARAPAN CIJERAH KOTA BANDUNG,-6.9215,107.5695,JL. CIJERAH NO. 116,226073035
SDN 089 BABAKAN CIPARAY KOTA BANDUNG,-6.9311,107.5875,JL. CARINGIN NO. 150,225431502
SDN 086 CIMINCRANG KOTA BANDUNG,-6.946,107.7048,JL. CILAMETA NO.1,2263724314
SDN 087 RANCABOLANG KOTA BANDUNG,-6.9501,107.6622,JL. RANCABOLANG INDAH NO.1,227514602
SDN 084 CIKADUT KOTA BANDUNG,-6.9027,107.6645,JL. JAMARAS 4 NO.101,2263731979
SDN 090 CIBIRU KOTA BANDUNG,-6.9343,107.7204,"JL. A.H. NASUTION KM. 14,5 CIBIRU",227830508
SDN 085 CIUMBULEUIT KOTA BANDUNG,-6.8633,107.6057,JL. BUKIT RAYA NO. 173,0
SDN 091 CIBEUREUM KOTA BANDUNG,-6.9005,107.566,JL. ASRAMA KIPAL NO. 56,2220565150
SDN 082 MUARARAJEUN KOTA BANDUNG,-6.9024,107.6316,JL. MUARARAJEUN NO.26,0
SDN 081 KEBON GEDANG KRIDAWINAYA KOTA BANDUNG,-6.9317,107.6394,JL. GUMURUH BELAKANG NO.37,2273514651
SDN 076 SUKAJADI KOTA BANDUNG,-6.8899,107.5971,JL. SUKAJADI NO. 138,64404578
SDN 078 SINDANGSARI ANTAPANI KOTA BANDUNG,-6.9062,107.6647,JL. SINDANGSARI 1,87722273706
SDN 080 BOJONG INDAH CIBUNTU KOTA BANDUNG,-6.9278,107.5809,JL. KAWAT NO. 1,20562854
SDN 079 KOPO PAJAGALAN KOTA BANDUNG,-6.9271,107.6013,JL. PASIRKOJA NO. 37,225222339
SDN 083 BABAKAN SURABAYA KOTA BANDUNG,-6.9199,107.6445,JL. H. IBRAHIM ADJIE NO. 159,227231541
SDN 077 SEJAHTERA KOTA BANDUNG,-6.89304,107.601052,JL. SEJAHTERA NO. 12,64404377
SDN 074 AYUDIA KOTA BANDUNG,-6.9088,107.589,JL. AYUDIA NO. 25,226029887
SDN 072 SUKASARI KOTA BANDUNG,-6.8819,107.5786,JL. SARIWANGI NO. 1,0
SDN 075 JATAYU KOTA BANDUNG,-6.9097,107.5836,JL. KOMUD SUPADIO NO.39A,2220569798
SDN 073 PAJAGALAN KOTA BANDUNG,-6.9241,107.6007,JL. PAJAGALAN NO. 43,224265847
SDN 070 PASIRLUYU KOTA BANDUNG,-6.9397,107.6187,JL. PASIRLUYU NO.164/205A,0
SDN 067 NILEM KOTA BANDUNG,-6.936,107.6203,JL. NILEM NO.10,0
SDN 071 SUKAGALIH KOTA BANDUNG,-6.8927,107.5923,JL. SUKAGALIH NO.108,2042127
SDN 065 CIHAMPELAS KOTA BANDUNG,-6.8871,107.6041,JL. CIHAMPELAS NO. 280,222043935
SDN 068 SINDANGLAYA KOTA BANDUNG,-6.9051,107.6806,JL. A.H. NASUTION KM.9 NO.15,2287883826
SDN 069 CIPAMOKOLAN DERWATI KOTA BANDUNG,-6.9651,107.683,JL. DERWATI NO. 40,22787309090
SDN 066 HALIMUN KOTA BANDUNG,-6.9273,107.6249,JL. HALIMUN NO. 46,227333727
SDN 061 CIJERAH KOTA BANDUNG,-6.9217,107.5692,JL. CIJERAH NO. 122,226021985
SDN 062 CIUJUNG KOTA BANDUNG,-6.90704,107.629567,JL. LAPANGAN SUPRATMAN NO. 7,227274217
SDN 064 PADASUKA KOTA BANDUNG,-6.899,107.6608,JL. PADASUKA NO.90,81221027004
SDN 058 BABAKAN CIPARAY KOTA BANDUNG,-6.9484,107.5844,JL. CARINGIN GG. PORIB 3,0
SDN 059 CIRANGRANG KOTA BANDUNG,-6.9548,107.5827,"JL. K.H. WAHID HASYIM KOPO KM 5,5",2254433580
SDN 063 KEBON GEDANG KOTA BANDUNG,-6.928,107.6413,JL. KEBON GEDANG NO.82,81394024928
SDN 060 RAYA BARAT KOTA BANDUNG,-6.9186,107.5833,JL. JENDRAL SUDIRMAN NO. 587,2263001282
SDN 057 BINAHARAPAN KOTA BANDUNG,-6.9161,107.687,JL. GOLF SELATAN I NO.26,2287881269
SDN 055 JATIHANDAP KOTA BANDUNG,-6.8996,107.6576,JL. JATIHANDAP NO. 50,227211803
SDN 051 PASIRKALIKI KOTA BANDUNG,-6.9017,107.5967,JL. PASIRKALIKI BELAKANG NO.179,8156145332
SDN 056 GARUDA DADALI KOTA BANDUNG,-6.9129,107.5773,JL. DADALI NO. 5,226071998
SDN 054 TIKUKUR KOTA BANDUNG,-6.8972,107.6217,JL. TITIMPLIK NO. 1,222504130
SDN 049 DURMAN KOTA BANDUNG,-6.9182,107.5999,JL. DURMAN NO. 30,4263818
SDN 053 CISITU KOTA BANDUNG,-6.882,107.6094,JL. SANGKURIANG NO. 87,222513181
SDN 052 CISARANTEN WETAN GEDEBAGE KOTA BANDUNG,-6.9408,107.6916,JL. RAYA GEDEBAGE NO. 17,2287885143
SDN 048 SIRNAMANAH KOTA BANDUNG,-6.8883,107.5979,JL. SIRNAMANAH NO. 4,2264401171
SDN 050 CIBIRU KOTA BANDUNG,-6.9342,107.7214,"JL. A.H. NASUTION KM.14,5 CIBIRU",227814658
SDN 046 SINDANGLAYA KOTA BANDUNG,-6.9037,107.6806,JL. ARCAMANIK NO. 28,227831419
SDN 045 PASIRKALIKI KOTA BANDUNG,-6.8955,107.5611,JL. KARYA I NO. 18,226039134
SDN 047 BALONGGEDE KOTA BANDUNG,-6.9246,107.6075,JL. BALONGGEDE NO. 49,81220089933
SDN 042 GAMBIR KOTA BANDUNG,-6.9429,107.6412,JL. GAMBIR NO. 25,85900071587
SDN 041 CIBUNTU WARUNG MUNCANG KOTA BANDUNG,-6.9229,107.5739,JL. HOLIS - KPAD,226003560
SDN 039 TEGALEGA KOTA BANDUNG,-6.9381,107.6032,JL. PELINDUNG HEWAN NO. 43,0
SDN 044 CICADAS AWIGOMBONG KOTA BANDUNG,-6.9077,107.6403,JL. ASEP BERLIAN NO.33,227217671
SDN 040 PASAWAHAN KOTA BANDUNG,-6.9596,107.6133,JL. MOCHAMAD TOHA NO. 383,225224809
SDN 038 KIARACONDONG KOTA BANDUNG,-6.9334,107.643,JL. IBRAHIM ADJIE NO. 355,2273516118
SDN 043 CIMUNCANG KOTA BANDUNG,-6.903,107.6481,JL. BABAKAN HAJI TAMIM NO.33,0
SDN 034 PATRAKOMALA KOTA BANDUNG,-6.912,107.6214,JL. PATRAKOMALA NO.63,0
SDN 037 SABANG KOTA BANDUNG,-6.9082,107.620893,JL. SABANG NO. 2,227208209
SDN 031 PELESIRAN KOTA BANDUNG,-6.8958,107.6075,JL. PELESIRAN NO. 36,2282520467
SDN 030 CIRATEUN KOTA BANDUNG,-6.8466,107.6014,JL. DR. SETIABUDHI KM.10 NO.5,222020367
SDN 035 SOKA KOTA BANDUNG,-6.9155,107.6289,JL. SOKA NO. 34,227202333
SDN 032 TILIL KOTA BANDUNG,-6.8982,107.6232,JL. PUYUH NO. 2,222532245
SDN 033 ASMI KOTA BANDUNG,-6.9295,107.608,JL. ASMI NO. 2,0
SDN 029 CILENGKRANG KOTA BANDUNG,-6.9136,107.7197,JL. CILENGKRANG I NO.134,2287885183
SDN 028 GUMURUH KOTA BANDUNG,-6.93,107.6372,JL. CIBANGKONG NO. 13,82127346565
SDN 027 CICADAS KOTA BANDUNG,-6.906,107.6436,JL. CIKUTRA NO.15,0
SDN 022 CICADAS KOTA BANDUNG,-6.9055,107.6441,JL. CIKUTRA NO. 58,0
SDN 036 UJUNGBERUNG KOTA BANDUNG,-6.9129,107.702,JL. CIGENDING NO. 3,8112261733
SDN 026 BOJONGLOA KOTA BANDUNG,-6.9507,107.594,JL. CIBADUYUT RAYA NO.142/199C,0
SDN 025 CIKUTRA KOTA BANDUNG,-6.8936,107.6372,JL. CIKUTRA NO.326,0
SDN 024 COBLONG KOTA BANDUNG,-6.8795,107.6166,JL. IR. H. JUANDA NO. 304,0
SDN 023 PAJAGALAN KOTA BANDUNG,-6.926,107.6005,JL. PAJAGALAN NO. 58,81573129051
SDN 021 CIPOREAT KOTA BANDUNG,-6.9174,107.7062,JL. A.H. NASUTION NO. 29,7831464
SDN 017 SEKEJATI KOTA BANDUNG,-6.9405,107.653,JL. CIDURIAN UTARA NO.18,8.95339E+11
SDN 018 SUKAGALIH KOTA BANDUNG,-6.8961,107.6022,JL. SUKAGALIH NO. 69,222043130
SDN 020 LENGKONG BESAR KOTA BANDUNG,-6.936,107.62,JL. LENGKONG BESAR NO.139,0
SDN 019 PABAKI KOTA BANDUNG,-6.92748,107.595986,JL. PABAKI NO. 33,226074847
SDN 002 KARANGMULYA KOTA BANDUNG,-6.9125,107.5804,JL. RAJAWALI SAKTI NO. 226,226039074
SDN 049 DURMAN KOTA BANDUNG,-6.9182,107.5999,JL. DURMAN NO. 30,4263818
SDN 056 GARUDA DADALI KOTA BANDUNG,-6.9129,107.5773,JL. DADALI NO. 5,226071998
SDN 091 CIBEUREUM KOTA BANDUNG,-6.9005,107.566,JL. ASRAMA KIPAL NO. 56,2220565150
SDN 098 CIROYOM KOTA BANDUNG,-6.9157,107.5877,JL. RAJAWALI TIMUR GG.TARUNA NO. 33/26 A,82316119777
SDN 197 KARANG TARUNA KARANGSARI KOTA BANDUNG,-6.9123,107.5796,JL. HALTEU UTARA NO. 149,0
SD ADVENT CIMINDI,-6.9013,107.5639,JL. RAYA CIMINDI NO. 74,226010612
SD BALA KESELAMATAN,-6.9222,107.6042,JL. GARDUJATI NO. 89,226013297
SD BODHI SINAR TERANG,-6.91243,107.583537,JL. JEND. SUDIRMAN NO. 478 - 480,6125669
SD BPMD TARUNA,-6.9153,107.5773,JL. HASAN ALI NO. 64 A/76,6044336
SD DWISAKTI,-6.9102,107.5774,JL. LAKSMUD. NURTANIO NO.58,226011301
SD KRISTEN 1 BPK PENABUR,-6.9196,107.5952,JL. JEND.SUDIRMAN 246,6000136
SD KRISTEN 6 BPK PENABUR,-6.9171,107.5779,JL. JEND. SUDIRMAN 638,226012483
SD KRISTEN TRIMULIA,-6.8953,107.5899,JL. KEBONJATI 145,226030547
SD LPPN,-6.9158,107.5855,JL. RAJAWALI TIMUR NO. 76,0
SD MALEBER BARAT,-6.9106,107.5765,JL. MALEBER BARAT GG. WIBAWA III NO. 7,82126906480
SD MALEBER SELATAN,-6.912,107.5751,JL. RAJAWALI GG. LATIFAH,82128284174
SD MALEBER UTARA,-6.9071,107.5775,JL. MALEBER UTARA NO.5,0
SD MARIA BINTANG LAUT,-6.9163,107.5911,JL. KEBONJATI NO.209 BANDUNG,226019388
SD MUTIARA,-6.9075,107.5779,JL. MALEBER UTARA NO.37,226010563
SD PRASISTHA,-6.9178,107.5857,JL. ANDIR RI WINATA NO. 15,226040430
SD RAJAWALI,-6.9131,107.5837,JL. ANDIR NO 117A/78 BANDUNG,82115111670
SD WINDU PUTRA,-6.9073,107.5713,JL. BABAKAN CIBEREUM NO.142,81395471008
SD YWKA REL HOMY SCHOOL,-6.9126,107.577,JL. RAJAWALI I NO. 5,6032573
SDN 078 SINDANGSARI ANTAPANI KOTA BANDUNG,-6.9062,107.6647,JL. SINDANGSARI 1,0
SDN 209 ANTAPANI KOTA BANDUNG,-6.9105,107.658,JL. ANTAPANI NO. 1,7215025
SDN 248 SINDANGSARI KOTA BANDUNG,-6.92,107.6653,JL. PARAKAN SAAT,82115365997
SDN 254 GRIYA BUMI ANTAPANI KOTA BANDUNG,-6.913,107.6538,JL. SUBANG V NO. 5,227215348
SDN 255 GRIYA BUMI ANTAPANI KOTA BANDUNG,-6.9196,107.658,JL. CICALENGKA RAYA NO. 1,7214138
SDN 259 GRIYA BUMI ANTAPANI KOTA BANDUNG,-6.9153,107.6652,JL. CIBATU VI NO. 1 ANTAPANI,227215682
SDN 260 GRIYA BUMI ANTAPANI KOTA BANDUNG,-6.9132,107.6679,JL. TANJUNGSARI VI NO. 40,227210232
SDN 264 GRIYA BUMI ANTAPANI KOTA BANDUNG,-6.9145,107.6597,JL. PLERED 9 NO. 25,2220524222
SDN 267 GRIYA BUMI ANTAPANI KOTA BANDUNG,-6.9195,107.6558,JL. KADIPATEN 14 NO. 2,2220545927
SDN 269 GRIYA BUMI ANTAPANI KOTA BANDUNG,-6.918,107.6655,JL. BANJARSARI IV NO. 1,0
SD ASY-SYIFA 2,-6.9274,107.6627,JL. RANDUSARI V,7276439
SD DAARUL HIKMAH BANDUNG,-6.91127,107.66611,JL. CIKAMPEK RAYA NO. 17,8122023600
SD EL FITRA,-6.9248,107.665,JL. CIBODAS RAYA NO. 49,2287831182
SD ISLAM MUTIARA HATI,-6.9206,107.6667,JL. TERUSAN CIKAJANG RAYA,227273245
SD MUHAMMADIYAH 7,-6.9177,107.6553,JL. KADIPATEN RAYA NO 4-6,227214139
SDN 004 CISARANTEN KULON KOTA BANDUNG,-6.9248,107.6834,JL. CISARANTEN KULON NO.129,2287884871
SDN 057 BINAHARAPAN KOTA BANDUNG,-6.9161,107.687,JL. GOLF SELATAN I NO.26,22087881269
SDN 101 SUKAKARYA KOTA BANDUNG,-6.9072,107.6754,JL. SAHARDJO,2263729775
SDN 140 ARCAMANIK KOTA BANDUNG,-6.9098,107.6771,JL. MEKARSARI NO. 2,0
SDN 141 LOKAJAYA KOTA BANDUNG,-6.9056,107.6807,JL. A.H. NASUTION KM. 9 NO. 7,227807788
SDN 180 PRAKARSA NUGRAHA KOTA BANDUNG,-6.9053,107.6808,JL. PARAKAN SAAT NO. 45,227335197
SDN 181 SUKAMISKIN KOTA BANDUNG,-6.9108,107.6791,JL. TERUSAN PESANTREN NO 86,85974771133
SDN 198 MEKARJAYA KOTA BANDUNG,-6.9223,107.6802,JL. CISARANTEN BARU N0. 21,7814496
SDN 226 ARCAMANIK ENDAH KOTA BANDUNG,-6.9149,107.6785,JL. OLAH RAGA NO. 5,7217230
SDN 244 GURUMINDA KOTA BANDUNG,-6.93368,107.677934,JL. INDRA JAYA NO. 7,2270779428
SD AL-IHSAN ISLAMIC SCHOOL,-6.93376,107.679076,JL. CISARANTEN BARU I NO. 11,81320975696
SD BINTANG MADANI,-6.9036,107.6807,JL. TERUSAN PESANTREN NO. 102,227211124
SD CERDAS MUTHAHHARI,-6.9213,107.6717,JL. LAYAR NO. 17,2287241063
SD ISLAM CENDEKIA MUDA,-6.9213,107.6752,JL. PURI AYU PRATAMA NO. 17,227102888
SD ISLAM TERPADU LUQMANUL HAKIM,-6.9324,107.6759,JL. CINGISED KOMP. PEMDA KAV. D13-D15,2287821297
SD MUTIARA BUNDA,-6.9103,107.6708,JL. ARCAMANIK ENDAH NO.3,227216578
SD PLUS AL GHIFARI,-6.934,107.6794,JL. CISARANTEN KULON NO. 140,227806223
SD RABBANI,-6.93182,107.672343,JALAN JATI,20507186
SD RANCAKASUMBA,-6.9341,107.6802,JL. SUMBERSARI NO. 104,0
SDN 003 PAGARSIH KOTA BANDUNG,-6.9231,107.5944,JL. PAGARSIH NO. 77,226021395
SDN 019 PABAKI KOTA BANDUNG,-6.92748,107.595986,JL. PABAKI NO. 33,226074847
SDN 023 PAJAGALAN KOTA BANDUNG,-6.926,107.6005,JL. PAJAGALAN NO. 58,81573129051
SDN 039 TEGALEGA KOTA BANDUNG,-6.9381,107.6032,JL. PELINDUNG HEWAN NO. 43,0
SDN 073 PAJAGALAN KOTA BANDUNG,-6.9241,107.6007,JL. PAJAGALAN NO. 43,224265847
SDN 079 KOPO PAJAGALAN KOTA BANDUNG,-6.9271,107.6013,JL. PASIRKOJA NO. 37,225222339
SDN 092 CIBADAK ANDIR KOTA BANDUNG,-6.9213,107.5968,JL. CIBADAK NO.193,226079773
SDN 142 DWIKORA KOTA BANDUNG,-6.9439,107.6029,JL. INHOFTANK NO.16,225232080
SDN 143 KOPO KOTA BANDUNG,-6.9316,107.6024,JL. IBU INGGIT GARNASIH NO.74/21,0
SDN 249 ASTANAANYAR KOTA BANDUNG,-6.9324,107.6005,JL. LIOGENTENG NO. 27,225228386
SDN 265 BANDUNGKULON KOTA BANDUNG,-6.9216,107.5925,JL. CIBADAK GG. IBU AISAH NO.16/9A,0
SD GANESHA,-6.9359,107.6066,JL. MUHAMAD TOHA NO. 84,5206994
SD KEMAH INDONESIA,-6.9251,107.5941,JL. PAGARSIH GG. ONONG NO.183/89,2286060862
SD KRISTEN GAMALIEL,-6.9206,107.6048,JL. JENDRAL SUDIRMAN NO. 205-207,226003553
SD PELITA BANGSA,-6.948,107.6047,JL. SOEKARNO HATTA NO. 391,225201214
SD YAMI,-6.9509,107.609,JL.KARASAK BARU NO.16 BANDUNG,225222362
SDN 005 BABAKAN CIPARAY KOTA BANDUNG,-6.948,107.5876,JL. KOPO NO. 440,2254418885
SDN 012 BABAKAN CIPARAY KOTA BANDUNG,-6.9453,107.5834,JL. CARINGIN NO.106,82130168612
SDN 058 BABAKAN CIPARAY KOTA BANDUNG,-6.9484,107.5844,JL. CARINGIN GG. PORIB 3,0
SDN 059 CIRANGRANG KOTA BANDUNG,-6.9548,107.5827,"JL. K.H. WAHID HASYIM KOPO KM 5,5",2254433580
SDN 060 RAYA BARAT KOTA BANDUNG,-6.9186,107.5833,JL. JENDRAL SUDIRMAN NO. 587,2263001282
SDN 089 BABAKAN CIPARAY KOTA BANDUNG,-6.9311,107.5875,JL. CARINGIN NO. 150,225431502
SDN 126 BABAKAN KOTA BANDUNG,-6.9269,107.5788,JL. AKI PADMA NO. 1,226005122
SDN 144 SITUGUNTING KOTA BANDUNG,-6.9324,107.5842,JL. H. ZAKARIA NO. 56,8987849884
SDN 213 BABAKAN CIPARAY KOTA BANDUNG,-6.9401,107.5765,JL. CARINGIN CIKUNGKURAK RT.03/06,2220563701
SDN 227 MARGAHAYU UTARA KOTA BANDUNG,-6.95042,107.573243,JL. CIBOLERANG NO. 185,5423824
SDN 236 BABAKAN CIPARAY KOTA BANDUNG,-6.9458,107.5789,JL. CARINGIN GG. LUMBUNG III NO. 50,2254423473
SDN 237 KOPO ELOK KOTA BANDUNG,-6.9573,107.5827,JL. BUANA NO. 8,0
SDN 245 SUMBERSARI INDAH KOTA BANDUNG,-6.9373,107.5727,JL. SUMBER MAKMUR NO. 1,226044201
SD AL BAROKAH,-6.9277,107.5787,JL. AKI PADMA NO. 23,6121235
SD CAHAYA PELITA,-6.9275,107.5854,JL. BABAKAN CIPARAY NO. 251/194 A,2286061384
SD PANGKALAN,-6.9519,107.578,JL. CIBOLERANG NO. 02,0
SD PASUNDAN 2,-6.9275,107.5854,JL. BABAKAN CIPARAY NO. 112 / 194 A,6026149
SD PASUNDAN 3,-6.9274,107.5849,JL. BABAKAN CIPARAY NO.112/194 A,0
SD SALUYU,-6.9313,107.5879,KP. SITUGUNTING NO. 309/194 A,81221996405
SDN 040 PASAWAHAN KOTA BANDUNG,-6.9596,107.6133,JL. MOCHAMAD TOHA NO. 383,225224809
SDN 094 PARAKANWAAS KOTA BANDUNG,-6.9531,107.6268,JL. WAAS II NO. 94B,82126292649
SDN 117 BATUNUNGGAL KOTA BANDUNG,-6.9527,107.6361,JL. ARHANUDRI NO. 12 B,2287307879
SDN 130 SEKELIMUS BATUNUNGGAL KOTA BANDUNG,-6.9494,107.6373,JL. TERS. BUAHBATU GG. ANYELIR,0
SDN 250 JAKAPURWA KOTA BANDUNG,-6.9615,107.6496,JL. JAKAMULYA NO.16,227500525
SDN 266 MENGGER KOTA BANDUNG,-6.9497,107.621,JL. TERUSAN SUKAATI NO. 21,0
SD BINEKAS,-6.90364,107.658246,BUAH BATU REGENCY G7-7,81395221590
SD IT AL-FAJAR,-6.9669,107.642,JL. BUANA SARI IV NO. 18-21,227511870
SD SANTO ALOYSIUS BANDUNG KIDUL,-6.9499,107.632,JL. BATUNUNGGAL INDAH II/30,227511670
SD TIARA BUNDA,-6.9525,107.6343,JL. BATUNUNGGAL INDAH I 74-76,227510654
SDN 011 CIBUNTU KOTA BANDUNG,-6.9192,107.5762,JL. HOLIS NO.31,6044334
SDN 014 CIGONDEWAH KOTA BANDUNG,-6.9345,107.5635,JL. CIGONDEWAH KALER NO. 15,2220567506
SDN 041 CIBUNTU WARUNG MUNCANG KOTA BANDUNG,-6.9229,107.5739,JL. HOLIS - KPAD,226003560
SDN 061 CIJERAH KOTA BANDUNG,-6.9217,107.5692,JL. CIJERAH NO. 122,226021985
SDN 080 BOJONG INDAH CIBUNTU KOTA BANDUNG,-6.9278,107.5809,JL. KAWAT NO. 1,20562854
SDN 093 TUNAS HARAPAN CIJERAH KOTA BANDUNG,-6.9215,107.5695,JL. CIJERAH NO. 116,226073035
SDN 121 CARINGIN HOLIS KOTA BANDUNG,-6.9389,107.5685,JL. HOLIS NO. 424,2220567675
SDN 182 PERUMNAS CIJERAH KOTA BANDUNG,-6.9368,107.5613,JL. CIJERAH BARAT NO. 04,2220561355
SDN 183 SAYURAN KOTA BANDUNG,-6.9233,107.5735,JL. SINDANGSARI KP. SAYURAN NO. 36,2270766373
SDN 199 SAYURAN KOTA BANDUNG,-6.9234,107.5739,KP. SAYURAN NO. 74,226003887
SDN 214 PERUMNAS CIJERAH KOTA BANDUNG,-6.9277,107.5654,JL. CIJERAH NO. 232,226022677
SDN 232 BLOK SAWAH KOTA BANDUNG,-6.9368,107.5591,KP. BLOK SAWAH,0
SDN 238 CIGONDEWAH KOTA BANDUNG,-6.9358,107.5611,JL. CIGONDEWAH KALER BLOK JAMBANGAN,226004067
SDN 239 CIGONDEWAH KOTA BANDUNG,-6.9382,107.5573,JL. BATURENGAT CIGONDEWAH,81320556673
SDN 240 CIJERAH INDAH KOTA BANDUNG,-6.9228,107.5659,JL. MEKAR HURIP NO.18,2220567659
SDN 256 CIGONDEWAH HILIR KOTA BANDUNG,-6.9455,107.5659,JL. CIGONDEWAH RAHAYU RT. 02/05,2220560028
SDN 273 GEMPOL SARI KOTA BANDUNG,-6.9349,107.5533,KOMPLEK BUMI ASRI E-40,0
SD ANDIR MUKTI,-6.9136,107.5706,JL. JEND. SUDIRMAN BLK 799,0
SD ATTAZHIMIYAH,-6.9448,107.5655,BLOK PESANTREN RT.01 RW.04,0
SD BAITUL HIKMAH,-6.9212,107.565,JL. MEKAR INDAH NO. 2B,20563364
SD BANDUNG RAYA,-6.9226,107.5691,JL. CIJERAH NO. 151,81322450839
SD CAHAYA NUSANTARA,-6.9295,107.5682,KOMP. TAMAN BURUNG B 02 GEMPOL SARI,226076904
SD CITRA CEMARA,-6.9192,107.5736,JL. SOEKARNO HATTA NO. 22,226123475
SD KASIH BANGSA,-6.9469,107.5605,TAMAN HOLIS INDAH BLOK G,20585430
SD KRISTEN BPK PENABUR TAMAN HOLIS INDAH,-6.9463,107.5696,KOMP. TAMAN HOLIS INDAH BLOK A,226003615
SD KRISTEN PELITA,-6.9329,107.5717,JL. HOLIS NO. 300,226023009
SD SURYANI DWI MARGA,-6.9233,107.5806,JL. TERUSAN SURYANI NO.16/A - 191/C,6120828
SDN 037 SABANG KOTA BANDUNG,-6.9082,107.620893,JL. SABANG NO. 2,227208209
SDN 062 CIUJUNG KOTA BANDUNG,-6.90704,107.629567,JL. LAPANGAN SUPRATMAN NO. 7,227274217
SD EDU GLOBAL,-6.90388,107.612557,JL. CITARUM NO. 35,20523705
SD ISTIQAMAH,-6.9047,107.6212,JL. TAMAN CITARUM,224209634
SD KRISTEN BAPTIS,-6.9041,107.6065,JL. WASTUKENCANA NO. 40,224263854
SD KRISTEN YAHYA,-6.9044,107.6172,JL. PROGO NO. 4,224234747
SD LINGGAWASTU,-6.9022,107.6059,JL. LINGGAWASTU NO. 8 A,0
SD MATHLAUL KHOERIYAH,-6.903,107.6067,JL. TAMANSARI BAWAH NO. 60,4217645
SD PERTIWI,-6.8976,107.6071,JL. KEBON BIBIT NO. 16,222512048
SD PRIANGAN ISTIQAMAH,-6.90676,107.628363,JL. BAROS NO.1,227275494
SD SANTA URSULA,-6.913,107.6331,JL. BENGAWAN NO.2,7201774
SD SANTO AGUSTINUS,-6.9139,107.6329,JL. AHMAD YANI NO 273,227217631
SD SANTO ALOYSIUS TR,-6.9133,107.6127,JL. TRUNOJOYO NO. 3,224235536
SD TARUNA BAKTI,-6.9063,107.6184,JL. LL. RE. MARTADINATA NO. 52,224261571
SD YAKESWA,-6.9014,107.6027,JL. DR. HATTA 54/29 B,224241463
SD YKPPK,-6.9058,107.6051,JL. CIHAMPELAS BLK NO. 14,8956488895
SDN 028 GUMURUH KOTA BANDUNG,-6.93,107.6372,JL. CIBANGKONG NO. 13,82127346565
SDN 042 GAMBIR KOTA BANDUNG,-6.9429,107.6412,JL. GAMBIR NO. 25,85900071587
SDN 063 KEBON GEDANG KOTA BANDUNG,-6.928,107.6413,JL. KEBON GEDANG NO.82,81394024928
SDN 081 KEBON GEDANG KRIDAWINAYA KOTA BANDUNG,-6.9317,107.6394,JL. GUMURUH BELAKANG NO.37,2273514651
SDN 109 CENTEH KOTA BANDUNG,-6.9202,107.6247,JL. CENTEH NO. 5,81222423331
SDN 145 BINONG JATI KOTA BANDUNG,-6.9353,107.6393,JL. BINONGJATI NO. 20,227330319
SDN 146 GUMURUH KOTA BANDUNG,-6.9305,107.6389,JL. GUMURUH NO.138,227320490
SDN 203 KACAPIRING KOTA BANDUNG,-6.9234,107.6363,JL. SUKABUMI DALAM NO. 3,0
SDN 219 BABAKANJATI KOTA BANDUNG,-6.9418,107.6405,JL. H. BASUKI NO.159,0
SDN 220 GUMURUH KOTA BANDUNG,-6.9352,107.6354,JL. TAURUS NO.60,0
SD ALFA CENTAURI,-6.9276,107.6231,JL. TERATE NO. 10,227310894
SD CIPTA KARYA,-6.9216,107.6364,JL. JEMBATAN OPAT CIBANGKONG LOR NO. 34 BANDUNG,81222009993
SD IGNATIUS SLAMET RIYADI,-6.9255,107.6318,JL. GATOT SUBROTO 221 BANDUNG,227330049
SD JEMBAR,-6.9235,107.6441,JL. JATINEGARA NO. 1,85793704425
SD TRIKARSA,-6.9191,107.644,JL. SAMSI NO. 123/125 C,85220765582
SD YPU,-6.9241,107.629,JL. CUKANG JATI NO. 5,82316988254
SDN 099 BABAKAN TAROGONG KOTA BANDUNG,-6.9385,107.5937,JL. K.H. WAHID HASYIM NO. 256,226029365
SDN 118 TANJUNG KOTA BANDUNG,-6.9299,107.5889,JL. BABAKAN TAROGONG NO. 193,226024361
SDN 147 CITARIP BARAT KOTA BANDUNG,-6.9391,107.5852,JL. MADESA NO.24 RT.01/12,0
SDN 251 JAMIKA KOTA BANDUNG,-6.9232,107.5873,JL. PAGARSIH GG. PA OYON,6001802
SDN 270 GENTRA MASEKDAS KOTA BANDUNG,-6.9364,107.5872,JL. SUKAMULYA NO. 29,2287786621
SD AL FATAH,-6.9437,107.5894,JL. KOPO GG. SUKALEUEUR,81222795110
SD AL HIDAYAH,-6.9295,107.5852,JL. BABAKAN CIPARAY NO. 147,6125992
SD DWI AMANAT,-6.9223,107.5877,JL. PAGARSIH NO. 205,6021207
SD GRACIA 2,-6.9281,107.5949,JL. PAGARSIH NO. 256,226017100
SD PELITA FAJAR,-6.9215,107.597,JL. JENDRAL SUDIRMAN 467,226001456
SD SWADAYA 1,-6.9223,107.5888,JL. PAGARSIH NO. 181 E,226075279
SD TERANG NUSANTARA,-6.9225,107.5857,JL. JAMIKA NO. 88,226072222
SDN 026 BOJONGLOA KOTA BANDUNG,-6.9507,107.594,JL. CIBADUYUT RAYA NO.142/199C,0
SDN 148 CIBADUYUT KOTA BANDUNG,-6.9558,107.5912,JL. CIBADUYUT RAYA GG. MA MAJA NO. 50,225426700
SDN 200 LEUWIPANJANG KOTA BANDUNG,-6.94,107.6001,JL. MUARASARI RAYA NO. 49,225229188
SDN 228 CANGKUANG KOTA BANDUNG,-6.9592,107.5898,JL. CIBADUYUT RAYA GG. TVRI 5,0
SDN 229 CIBADUYUT KOTA BANDUNG,-6.9543,107.5873,JL. PRAMBANAN BLOK O NO. 4,225421655
SDN 233 CIBADUYUT KOTA BANDUNG,-6.9512,107.5941,JL. CIBADUYUT RAYA BLOK PASANTREN NO.45,0
SDN 241 LEUWIANYAR KOTA BANDUNG,-6.9424,107.5944,JL. LEUWIANYAR,0
SD AL BASYARIYAH,-6.9494,107.5906,JL. CIBADUYUT LAMA KOMPLEK SAUYUNAN,2285447672
SD BINTANG MULIA,-6.9536,107.6021,JL. MEKAR KENCANA NO.1,225233890
SD BUDI SASTRA,-6.9543,107.6002,JL. WARNA CINTA NO. 98,0
SD HARAPAN KASIH,-6.95423,107.602365,JL. MEKAR KENCANA NO. 2A KOMPLEK MEKAR WANGI,2287787262
SD KRISTEN BPK PENABUR SINGGASANA,-6.957,107.6146,JL. INDRA PRAHASTA TIMUR NO.2 BANDUNG,225436322
SD KRISTEN DIAN EMAS,-6.9383,107.6043,JL. MUARA BARAT NO.2,5228858
SD MUHAMMADIYAH 5,-6.94,107.5957,JL. LEUWIPANJANG NO. 24,225233404
SDN 006 BUAHBATU KOTA BANDUNG,-6.9517,107.6409,JL. H. IBRAHIM ADJIE NO. 45,227563975
SDN 095 BABAKANJATI KOTA BANDUNG,-6.9482,107.6506,JL. CIJAWURA GIRANG V,2287500415
SDN 129 RANCASAWO MARGASARI KOTA BANDUNG,-6.9606,107.6594,JL. RANCASAWO NO.50,2287313125
SDN 131 CIJAWURA KOTA BANDUNG,-6.9645,107.6569,JL. CIJAWURA HILIR NO.384,227514289
SDN 184 BUAHBATU KOTA BANDUNG,-6.951,107.6408,JL. IBRAHIM ADJIE NO.65,227512567
SDN 230 MARGAHAYU RAYA KOTA BANDUNG,-6.955,107.6635,JL. PLUTO UTARA BLOK G NO.73,227530140
SDN 242 MARGASARI KOTA BANDUNG,-6.9568,107.669,JL. RANCASAWO KOMPLEK PINDAD,0
SDN 246 MARGACINTA KOTA BANDUNG,-6.9551,107.6421,JL. MARGA INDAH I MARGACINTA,227538126
SDN 261 MARGAHAYU RAYA KOTA BANDUNG,-6.9456,107.6581,JL. JUPITER NO.92A,227535321
SD AL KENZIE,-6.9594,107.657502,JL. KP. MARGAASIH - CIJAWURA,0
SD AZ-ZAKIYAH,-6.9449,107.6495,JL. CIJAWURA GIRANG IV NO.2,227503784
SD BUDI ASIH,-6.9519,107.6466,JL. CIPAGALO GIRANG,227531013
SD IT AL-HIDAYAH LOGAM,-6.9571,107.6439,JL. LOGAM NO. 12,2287507287
SD TULUS KARTIKA,-6.9487,107.6623,JL. RANCABOLANG NO. 140,2287529201
SDN 025 CIKUTRA KOTA BANDUNG,-6.8936,107.6372,JL. CIKUTRA NO.326,0
SDN 082 MUARARAJEUN KOTA BANDUNG,-6.9024,107.6316,JL. MUARARAJEUN NO.26,0
SDN 132 CIHAURGEULIS KOTA BANDUNG,-6.8997,107.6293,JL. SURAPATI NO. 155,222532263
SDN 149 CIGADUNG KOTA BANDUNG,-6.8786,107.6255,JL. RANCA KENDAL NO.99,0
SDN 185 CIHAURGEULIS KOTA BANDUNG,-6.9,107.6294,JL. SURAPATI NO. 82,2270778575
SDN 201 SUKALUYU KOTA BANDUNG,-6.8953,107.6319,JL. RERENG ADUMANIS NO.2A,222512610
SD ISLAM TERPADU AL IRSYAD,-6.8928,107.6415,JL. AL-IRSYAD CIKUTRA RT. 09 RW. 02 KOTA BANDUNG 40124,227271966
SD MELANIA,-6.9008,107.6238,JL. MELANIA NO. 1-3,2220532334
SD SEJATI,-6.8985,107.643,JL. CIKUTRA SUKASARI II NO.20,87823210987
SDN 022 CICADAS KOTA BANDUNG,-6.9055,107.6441,JL. CIKUTRA NO. 58,0
SDN 027 CICADAS KOTA BANDUNG,-6.906,107.6436,JL. CIKUTRA NO.15,0
SDN 043 CIMUNCANG KOTA BANDUNG,-6.903,107.6481,JL. BABAKAN HAJI TAMIM NO.33,0
SDN 044 CICADAS AWIGOMBONG KOTA BANDUNG,-6.9077,107.6403,JL. ASEP BERLIAN NO.33,227217671
SDN 064 PADASUKA KOTA BANDUNG,-6.899,107.6608,JL. PADASUKA NO.90,81221027004
SDN 114 BOJONGKONENG CIBEUNYING KOTA BANDUNG,-6.89293,107.644889,JL. BOJONGKONENG NO.38,22220546048
SDN 133 JALAN ANYAR KOTA BANDUNG,-6.9027,107.6528,JL. PADASUKA NO. 99/209 C,227210760
SDN 150 GATOT SUBROTO KOTA BANDUNG,-6.9031,107.6365,JL. YUDHAWASTU PRAMUKA IV,70723079
SDN 151 SUKASENANG KOTA BANDUNG,-6.8983,107.6362,JL. P.H.H. MUSTOFA NO. 46,227203489
SDN 234 SALUYU KOTA BANDUNG,-6.8976,107.6489,JL. CIMUNCANG DALAM NO.52,227208556
SD ITQAN ISLAMIC SCHOOL,-6.8932,107.6572,JALAN PADASUKA NO. 160,85793837300
SD KARAKTER AZ-ZAHRA,-6.8902,107.6605,JL. PASIRLAYUNG ASRI NO. 15,87241567
SD MUHAMMADIYAH 3,-6.9023,107.653,JL. PHH MUSTOPA,20526830
SD PELITA,-6.9087,107.6351,JL. CITAMIANG NO. 43,0
SD SANTO YUSUP I,-6.9014,107.6441,JL. CIKUTRA NO 5,7231759
SD YAYASAN ATIKAN SUNDA,-6.901,107.6472,JL. PHH MUSTAPA N0. 115,2220541426
SDN 029 CILENGKRANG KOTA BANDUNG,-6.9136,107.7197,JL. CILENGKRANG I NO.134,2287885183
SDN 050 CIBIRU KOTA BANDUNG,-6.9342,107.7214,"JL. A.H. NASUTION KM.14,5 CIBIRU",227814658
SDN 090 CIBIRU KOTA BANDUNG,-6.9343,107.7204,"JL. A.H. NASUTION KM. 14,5 CIBIRU",227830508
SDN 102 CIKUDAYASA KOTA BANDUNG,-6.91997,107.725354,JL. CIKUDA,0
SDN 124 HANURA KOTA BANDUNG,-6.8994,107.7246,JL. CIWARU,0
SDN 125 TARUNA KARYA KOTA BANDUNG,-6.9219,107.7137,JL. CILENGKRANG II NO.80,0
SDN 152 CIGAGAK KOTA BANDUNG,-6.908,107.7246,JL. CILENGKRANG I NO.153,81220886679
SDN 153 TARUNA KARYA KOTA BANDUNG,-6.9188,107.716,JL. GALUMPIT NO.2,81220888375
SDN 168 CIPADUNG KOTA BANDUNG,-6.9247,107.7161,JL. EMBAH JAKSA NO. 145 B,227815028
SDN 169 PELITA KOTA BANDUNG,-6.9227,107.7199,JL. DESA CIPADUNG CIBIRU,2263700432
SDN 186 CIPADUNG KOTA BANDUNG,-6.9316,107.7138,"JL. A.H. NASUTION NO.71 KM.13,5 CIBIRU",227814156
SDN 247 SUKAPURA KOTA BANDUNG,-6.9218,107.7149,JL. MANGLAYANG I NO.1 KECAMATAN CIBIRU,227832748
SD INTAN AL-SALI,-6.90702,107.725641,JL. PASANGGRAHAN INDAH NO. 15,2263744941
SD IT INSAN CERMAT,-6.9097,107.7283,JL. KP. CIGAGAK WETAN NO. 65,2263700863
SD TERPADU KRIDA NUSANTARA,-6.9237,107.721,JL. DESA CIPADUNG,227830509
SDN 013 PASIRKALIKI KOTA BANDUNG,-6.9079,107.5978,JALAN HOS COKROAMINOTO NO. 110,224204556
SDN 015 KRESNA KOTA BANDUNG,-6.9098,107.5928,JL. KRESNA NO. 47,226010996
SDN 016 DR. CIPTO PAJAJARAN KOTA BANDUNG,-6.9062,107.5998,JL. PAJAJARAN NO.58 / DR. CIPTO NO.4,224265015
SDN 045 PASIRKALIKI KOTA BANDUNG,-6.8955,107.5611,JL. KARYA I NO. 18,226039134
SDN 051 PASIRKALIKI KOTA BANDUNG,-6.9017,107.5967,JL. PASIRKALIKI BELAKANG NO.179,8156145332
SDN 074 AYUDIA KOTA BANDUNG,-6.9088,107.589,JL. AYUDIA NO. 25,226029887
SDN 075 JATAYU KOTA BANDUNG,-6.9097,107.5836,JL. KOMUD SUPADIO NO.39A,2220569798
SDN 110 PASIRKALIKI KOMARABUDI KOTA BANDUNG,-6.8908,107.5619,JL. GUNUNG BATU NO.30A,226613553
SDN 154 CITEPUS KOTA BANDUNG,-6.9022,107.5887,JL. ASTANA EYANG,226006312
SDN 155 GUNUNG RAHAYU KOTA BANDUNG,-6.8905,107.5695,JL. MENTOR NO.67 KELURAHAN SUKARAJA KECAMATAN CICENDO,226027644
SDN 156 PASIRKALIKI KOTA BANDUNG,-6.893,107.5646,JL. BABAKAN CIANJUR NO. 81,226027515
SDN 157 SUKARAJA KOTA BANDUNG,-6.9007,107.5894,JL. TERUSAN PASTEUR NO.38,87890177771
SDN 170 DIAN KOTA BANDUNG,-6.8988,107.5889,JL. BUDI NO. 26,226630036
SDN 171 LANUMA HUSEIN KOTA BANDUNG,-6.8938,107.5835,JL. SUKAWARNA NO. 3,226020574
SDN 187 LANUMA HUSEIN KOTA BANDUNG,-6.899,107.5864,JL. L.M.U SUPARMIN NO.1,2220562651
SD 1 KRISTEN PAULUS,-6.9036,107.5996,JL. DR. RAJIMAN NO. 11,4237131
SD AL FATAH AL HASAN,-6.8932,107.5609,JL. GUNUNG BATU NO. 31,226008401
SD ANGKASA 1,-6.9056,107.5861,JL. PAJAJARAN NO. 150,2220569901
SD ANGKASA 3,-6.899,107.5865,JL. ZUHRI CIK DERI,226078931
SD INDUSTRI,-6.9126,107.5948,JL. INDUSTRI DALAM NO. 2,226120020
SD KRISTEN 1 BINA BAKTI,-6.9086,107.5991,JL. BIMA NO. 9,226015168
SD KRISTEN 2 BINA BAKTI,-6.9097,107.601,JL. BIMA NO. 9,226034388
SD KRISTEN BPPK,-6.9071,107.5941,JL. PAJAJARAN NO. 91,226006191
SD KRISTEN TRIMULIA HITS,-6.8953,107.5899,JL. DR. DJUNJUNAN NO. 105,2286061577
SD PANDU,-6.9052,107.5932,JL. PANDU NO. 6,226021743
SD PELITA JASA,-6.9115,107.5867,JL. KOMUD. SUPADIO GG. HANURA NO.13,81214505099
SD YPI,-6.9016,107.5956,JL. MUHAMMAD NO. 17 BANDUNG,0
SDN 010 CIDADAP KOTA BANDUNG,-6.8645,107.5945,JL. DR. SETIABUDHI NO. 234,22082005741
SDN 030 CIRATEUN KOTA BANDUNG,-6.8466,107.6014,JL. DR. SETIABUDHI KM.10 NO.5,222020367
SDN 085 CIUMBULEUIT KOTA BANDUNG,-6.8633,107.6057,JL. BUKIT RAYA NO. 173,0
SDN 108 CIUMBULEUIT KOTA BANDUNG,-6.8741,107.6032,JL. BUKIT INDAH NO.12,82065106
SDN 134 PANORAMA KOTA BANDUNG,-6.8699,107.6011,JL. HEGARMANAH NO. 152,2282602605
SDN 188 BANDUNG BARU KOTA BANDUNG,-6.8639,107.6071,JL. BUKIT RAYA SELATAN NO.298,0
SDN 204 CIDADAP KOTA BANDUNG,-6.8634,107.5992,JL. CIPAKU INDAH 2 NO. 13,222001100
SD ADZKIA,-6.8674,107.602,JL. PANUMBANG JAYA DALAM NO. 38F,222041514
SD AL HUSAINIYYAH,-6.8784,107.6063,JL. BUKIT JARIAN NO.29/165 D,0
SD AL- HIDAYAH,-6.8727,107.6084,JL. RANCABULAN NO. 7 RANCABENTANG,8976632920
SD KRISTEN HIDUP BARU,-6.8658,107.606,JL. CIUMBULEUIT NO.160,222031739
SD KUNTUM CEMERLANG,-6.8624,107.6029,JL. CIPAKU INDAH 11 NO.2,2005668
SD MUHAMMADIYAH 6,-6.86305,107.620949,JL. IR.H. JUANDA KP. BENGKOK,0
SD SURUUR,-6.8822,107.6024,JL. HEGARMANAH TENGAH NO. 1A,222037080
SDN 052 CISARANTEN WETAN GEDEBAGE KOTA BANDUNG,-6.9411,107.6916,JL. RAYA GEDEBAGE NO. 17,2287885143
SDN 172 ANDIR KIDUL KOTA BANDUNG,-6.9139,107.6955,JL. A.H NASUTION NO. 38 A,227832462
SDIK BAITURRAHMAH,0,0,JL. PINUS VII PINUS REGENSI,0
SDN 007 CIPAGANTI KOTA BANDUNG,-6.8948,107.6029,JL. SASTRA NO. 11,222043369
SDN 024 COBLONG KOTA BANDUNG,-6.8795,107.6166,JL. IR. H. JUANDA NO. 304,0
SDN 031 PELESIRAN KOTA BANDUNG,-6.8958,107.6075,JL. PELESIRAN NO. 36,2282520467
SDN 032 TILIL KOTA BANDUNG,-6.8982,107.6232,JL. PUYUH NO. 2,222532245
SDN 053 CISITU KOTA BANDUNG,-6.882,107.6094,JL. SANGKURIANG NO. 87,222513181
SDN 054 TIKUKUR KOTA BANDUNG,-6.8972,107.6217,JL. TITIMPLIK NO. 1,222504130
SDN 065 CIHAMPELAS KOTA BANDUNG,-6.8871,107.6041,JL. CIHAMPELAS NO. 280,222043935
SDN 103 COBLONG KOTA BANDUNG,-6.878,107.6171,JL. IR. H. JUANDA NO. 338,222535776
SDN 104 LANGENSARI SENANGGALIH KOTA BANDUNG,-6.89247,107.625634,JL. KP. PASIRKALIKI BARAT,0
SDN 127 SEKELOA KOTA BANDUNG,-6.8877,107.6189,JL. SEKELOA UTARA NO. 30 A,2220461573
SDN 128 HAURPANCUH KOTA BANDUNG,-6.8927,107.6197,JL. TERUSAN TEUKU UMAR NO. 87,0
SDN 173 NEGLASARI KOTA BANDUNG,-6.8915,107.6238,"JL. KP. PASIRKALIKI BARAT, RT 04/15",2220454628
SDN 189 NEGLASARI KOTA BANDUNG,-6.88846,107.625327,JL. RAYA SADANG SERANG,222535704
SDN 205 NEGLASARI KOTA BANDUNG,-6.8864,107.619,JL. RAYA SADANG SARI NO. 1,0
SD ADVENT II BANDUNG,-6.8832,107.6024,JL. SETIABUDHI NO 1 BANDUNG,222043220
SD AL FALAH,-6.8726,107.6256,JL. CISITU BARU NO.52,2504284
SD AL-AMIN,-6.8811,107.6162,JL. BANGBAYANG NO. 15/157 C,82128159033
SD ALAM BANDUNG,-6.8665,107.6174,JL. CIKALAPA II NO. 4 KP. TANGGULAN DAGO POJOK,2230168875
SD AR-RAHMAN DARUL ILMI,-6.8934,107.615543,JL. IR. H. JUANDA BLK NO. 423,0
SD DARUL HIKAM,-6.87889,107.616276,JL. IR. H. JUANDA 285,222516705
SD PROF. DR. MOESTOPO,-6.8845,107.617,JL. TUBAGUS ISMAIL III NO. 3,222501456
SD SALMAN AL FARISI,-6.8829,107.6222,JL. TUBAGUS ISMAIL VIII NO.42A,222515961
SDN 086 CIMINCRANG KOTA BANDUNG,-6.946,107.7048,JL. CILAMETA NO.1,2263724314
SDN 190 CISARANTEN KIDUL KOTA BANDUNG,-6.9445,107.6852,JL. RIUNG BAKTI 1,0
SDN 215 RANCASAGATAN KOTA BANDUNG,-6.9516,107.6993,JL. RANCASAGATAN 1,0
SDN 216 SONDARIAH KOTA BANDUNG,-6.9649,107.7054,JL. RANCANUMPANG,81220778287
SDN 274 CEMPAKA ARUM KOTA BANDUNG,-6.9576,107.7078,JL. UMAR BIN KHOTOB,227831910
SD ASHFIYA,-6.9452,107.6822,JL. RIUNG MUNGPULUNG I,85316335505
SD ISLAM AL-MUIZZ,-6.9474,107.6897,JL. GEDEBAGE NO. 97,0
SDN 017 SEKEJATI KOTA BANDUNG,-6.9405,107.653,JL. CIDURIAN UTARA NO.18,2287340827
SDN 038 KIARACONDONG KOTA BANDUNG,-6.9334,107.643,JL. IBRAHIM ADJIE NO. 355,2273516118
SDN 083 BABAKAN SURABAYA KOTA BANDUNG,-6.9199,107.6445,JL. H. IBRAHIM ADJIE NO. 159,227231541
SDN 111 PINDAD KOTA BANDUNG,-6.9359,107.6465,JL. PAPANGGUNGAN NO.1,22731514706
SDN 116 CICAHEUM KOTA BANDUNG,-6.9027,107.6572,JL. ANTAPANI NO. 44,227236026
SDN 158 BABAKAN SARI BABAKAN SURABAYA KOTA BANDUNG,-6.9216,107.6462,JL. BABAKAN SARI I NO.173,81294812887
SDN 159 SEKEJATI KOTA BANDUNG,-6.9405,107.6535,JL. CIDURIAN UTARA NO.22,0
SDN 160 SUKALAKSANA KOTA BANDUNG,-6.9105,107.6474,JL. SUKAKARYA NO.109 CICAHEUM,227216834
SDN 161 SUKAPURA KOTA BANDUNG,-6.9301,107.6493,JL. TERUSAN PSM NO.1,227333050
SDN 162 WARUNGJAMBU KIARACONDONG KOTA BANDUNG,-6.9296,107.6456,JL. WARUNG JAMBU NO.28,0
SDN 191 BABAKAN SURABAYA KOTA BANDUNG,-6.9475,107.641,JL. IBRAHIM ADJIE BELAKANG NO.147,227231655
SDN 210 BABAKAN SINYAR KOTA BANDUNG,-6.9282,107.6525,JL. TERUSAN SUKAPURA,227334268
SDN 221 BABAKAN SENTRAL KOTA BANDUNG,-6.9296,107.65,JL. TERUSAN PSM NO.2,2287340371
SD ARRAFI,-6.942,107.6457,JL. SEKEJATI III NO.20,227311009
SD HAS DARUL ILMI,-6.93746,107.659404,JL. CIDURIAN UTARA NO. 179,227335785
SD IGNATIUS SLAMET RIYADI 2,-6.9373,107.6438,JL. KEBON KANGKUNG X,227305824
SD MUHAMMADIYAH 2,-6.9273,107.6481,"JL. KEBON JAYANTI GG. PENSIUN
   KIARACONDONG",227333051
SDN 066 HALIMUN KOTA BANDUNG,-6.9273,107.6249,JL. HALIMUN NO. 46,227333727
SDN 067 NILEM KOTA BANDUNG,-6.936,107.6203,JL. NILEM NO.10,0
SDN 115 TURANGGA KOTA BANDUNG,-6.9315,107.6352,JL. TURANGGA NO. 27,227319616
SDN 119 CIJAGRA KOTA BANDUNG,-6.9446,107.6276,JL. SITU LEMBANG NO. 1,227319490
SDN 135 TURANGGA KOTA BANDUNG,-6.9274,107.629,JL. SALAK NO. 3,227305341
SDN 163 BUAHBATU BARU KOTA BANDUNG,-6.9469,107.6325,JL. BUAHBATU NO. 273,81320575563
SDN 164 KARANGPAWULANG KOTA BANDUNG,-6.9391,107.6285,JALAN KARAWITAN NO. 81,87352601
SDN 202 SURYALAYA KOTA BANDUNG,-6.9445,107.6248,JL. SURYA INDAH NO.81,2287352335
SDN 206 PUTRACO INDAH KOTA BANDUNG,-6.9419,107.6323,JL. RAJAMANTRI KALER NO. 25,227302178
SDN 235 LENGKONG KECIL KOTA BANDUNG,-6.92315,107.615362,JL. LENGKONG KECIL NO. 55,224213041
SDN 257 PELITA KOTA BANDUNG,-6.9439,107.632472,JL. RAJAMANTRI KIDUL NO. 4,2273516454
SD AL AZHAR 36,-6.9274,107.6239,JL. PALASARI NOMOR 09,82115200077
SD BPI,-6.9269,107.624,JL. HALIMUN NO. 40 RT.02 RW.05,227301460
SD BUDI ISTRI,-6.9296,107.6196,JL. SANCANG NO. 4,227312428
SD CIPAERA,-6.9205,107.6241,JL. CIPAERA SELATAN NO. 145/33,87825463616
SD GAGAS CERIA,-6.9206,107.6248,JL. MALABAR NO. 61,7303086
SD IRK,-6.926,107.6167,JL. KARAPITAN 1 NO. 2,224230597
SD KARTIKA X-1,-6.9277,107.6357,JL. JENDERAL GATOT SUBROTO N0. 160,227314739
SD KEMALA BHAYANGKARI 1,-6.932,107.622,JL. PALASARI NO.44,2273511513
SD KRISTEN 5 BPK PENABUR,-6.9257,107.621,JL. GUNTUR 34,7319910
SD MUHAMMADIYAH 1,-6.9328,107.6235,JL. BANTENG DALAM NO. 6,73512531
SD YAYASAN BERIBU,-6.9235,107.6422,JL. B K R NO. 1,7308323
SDN 009 CIKADUT KOTA BANDUNG,-6.9038,107.6657,JL. A.H. NASUTION KM.7 NO. 1,2263735415
SDN 046 SINDANGLAYA KOTA BANDUNG,-6.9037,107.6806,JL. ARCAMANIK NO. 28,227831419
SDN 055 JATIHANDAP KOTA BANDUNG,-6.8996,107.6576,JL. JATIHANDAP NO. 50,227211803
SDN 068 SINDANGLAYA KOTA BANDUNG,-6.9051,107.6806,JL. A.H. NASUTION KM.9 NO.15,2287883826
SDN 084 CIKADUT KOTA BANDUNG,-6.9027,107.6645,JL. JAMARAS 4 NO.101,2263731979
SDN 165 JATIHANDAP KOTA BANDUNG,-6.8983,107.6569,JL. JATIHANDAP GG. MASJID,227235514
SDN 174 PASIR IMPUN KOTA BANDUNG,-6.8983,107.6738,JL. PASIR IMPUN NO. 23,227216482
SDN 175 TANJAKAN KOTA BANDUNG,-6.891,107.6632,JL. JATIHANDAP NO. 64,2287772110
SDN 231 SUKAASIH KOTA BANDUNG,-6.9008,107.6857,JL. SUKA ASIH ATAS IV BANDUNG,227816875
SDN 243 CICABE KOTA BANDUNG,-6.9007,107.6602,JL. H. ABDUL HAMID NO. 66,227236166
SD ABU AZIS,-6.90648,107.573436,JL. JAMARAS IV NO. 11B,227275652
SD AL-IRHAAM GLOBAL ISLAMIC SCHOOL,-6.9067,107.669913,JL. A.H. NASUTION NO. 133,227218666
SD AL-QURAN,-6.89976,107.67531,JL. A.H. NASUTION KM 7NO. 247,2287789504
SD TUNAS UNGGUL,-6.8944,107.6787,JL. PASIR IMPUN NO. 94,87789420
SDN 105 SUKARELA KOTA BANDUNG,-6.9262,107.7049,JL. PASANGGRAHAN IX,227816661
SDN 258 SUKARELA KOTA BANDUNG,-6.923,107.7009,JL. PANYAWANGAN NO. 7,227816153
SDN 262 PANYILEUKAN KOTA BANDUNG,-6.942,107.7165,KOMP. BUMI PANYILEUKAN F.1,2287820537
SDN 268 PANYILEUKAN KOTA BANDUNG,-6.9456,107.7143,KOMP. BUMI PANYILEUKAN G.15 NO. 23 RT. 01 RW. 07,2287882549
SDN 271 PANGHEGAR KOTA BANDUNG,-6.9298,107.698,JL. PAMEKAR BARAT NO. 5,0
SD INTELIGENSIA,0,0,JL. A.H NASUTION NO. 242,81223344511
SD JUARA,-6.9397,107.7119,JL. TERS. PANYILEUKAN RT.04/13,8112312210
SD MUHAMMADIYAH 8,-6.9158,107.7044,JL. A. H. NASUTION 168 BANDUNG,7806023
SD SAINS AL BIRUNI,-6.938,107.7129,JL. RAYA PANYILEUKAN NO. 11,7807681
SDN 069 CIPAMOKOLAN DERWATI KOTA BANDUNG,-6.9651,107.683,JL. DERWATI NO. 40,22787309090
SDN 087 RANCABOLANG KOTA BANDUNG,-6.9501,107.6622,JL. RANCABOLANG INDAH NO.1,227514602
SDN 122 CIJAWURA KOTA BANDUNG,-6.9604,107.663,JL. CIJAWURA,227503953
SDN 222 PASIRPOGOR KOTA BANDUNG,-6.9616,107.6628,JL. PASIR SUCI NO.8,228759342
SDN 263 RANCALOA KOTA BANDUNG,-6.9467,107.6762,JL. CIPAMOKOLAN NO. 62,227513422
SD ASY-SYIFA 1,-6.9511,107.667,JALAN SATURNUS TIMUR NO. 94,227564156
SD BINAR INDONESIA,-6.9521,107.6618,JL. RANCABOLANG NO. 241,2287310227
SD CERDAS MULIA EKSELENSIA,-6.95638,107.677865,JL. RAHAYU RAYA II BLOK RANCACILI,2287528060
SD IT AL FITRAH,-6.94491,107.670176,JL. MERKURI TIMUR NO. 1,227567439
SDN 008 MOHAMAD TOHA KOTA BANDUNG,-6.9299,107.6067,JL. MOHAMAD TOHA NO. 22,81320255117
SDN 020 LENGKONG BESAR KOTA BANDUNG,-6.936,107.62,JL. LENGKONG BESAR NO.139,0
SDN 033 ASMI KOTA BANDUNG,-6.9295,107.608,JL. ASMI NO. 2,5222037
SDN 047 BALONGGEDE KOTA BANDUNG,-6.9246,107.6075,JL. BALONGGEDE NO. 49,81220089933
SDN 070 PASIRLUYU KOTA BANDUNG,-6.9397,107.6187,JL. PASIRLUYU NO.164/205A,0
SDN 112 PAMOYANAN KOTA BANDUNG,-6.9528,107.6119,JL. MOCH. TOHA BELAKANG NO. 325,0
SDN 120 KOTABARU KOTA BANDUNG,-6.9357,107.6093,JL. KOTA BARU III NO.13,0
SDN 123 BABAKAN PRIANGAN KOTA BANDUNG,-6.9469,107.6134,JL. BABAKAN PRIANGAN NO.29,0
SDN 166 CIATEUL KOTA BANDUNG,-6.9318,107.6118,JL. IBU INGGIT GARNASIH NO.159,225211958
SDN 167 MENGGER GIRANG KOTA BANDUNG,-6.9519,107.6167,JL. MENGGER GIRANG III NO. 4,2242821008
SDN 192 CIBURUY KOTA BANDUNG,-6.9561,107.6145,JL. CIBURUY KAV. 59,0
SDN 211 BABAKAN PRIANGAN KOTA BANDUNG,-6.9456,107.6128,JL. SRIWIJAYA,225222353
SDN 223 BHAKTI WINAYA KOTA BANDUNG,-6.9413,107.6211,JL. PASIRJAYA VI NO. 1,225229664
SD ASSALAAM,-6.9257,107.6076,JL. SASAKGANTUNG NO. 1-3,224201338
SD BINA TALENTA,-6.9399,107.6125,JL. KEMBAR BARU UTARA NO.4 BANDUNG,225208123
SD DEWI SARTIKA,-6.9255,107.6042,JL. KAUTAMAAN ISTRI NO.12,224214290
SD DIAN KENCANA,-6.9379,107.6087,JL. BKR NO. 167,5227047
SD KRISTEN KALAM KUDUS,-6.9323,107.6086,JL. IBU INGGIT GARNASIH NO. 108 .,225200573
SD NUGRAHA,-6.9512,107.6112,JL. PLN DALAM NO. 4,88885318
SD PLUS AL FATWA,-6.9506,107.6134,JL. PLN CIGERELENG NO. 21,2242821035
SD REHOBOTH,-6.9252,107.606,JL. RD. DEWI SARTIKA NO. 36-38,4234384
SD YOS SUDARSO,-6.9296,107.6072,JL. MOHAMAD TOHA NO. 19,225212151
SDN 018 SUKAGALIH KOTA BANDUNG,-6.8961,107.6022,JL. SUKAGALIH NO. 69,222043130
SDN 048 SIRNAMANAH KOTA BANDUNG,-6.8883,107.5979,JL. SIRNAMANAH NO. 4,2264401171
SDN 071 SUKAGALIH KOTA BANDUNG,-6.8927,107.5923,JL. SUKAGALIH NO.108,2042127
SDN 072 SUKASARI KOTA BANDUNG,-6.8913,107.5802,JL. DR. DJUNDJUNAN NO. 79,226610369
SDN 076 SUKAJADI KOTA BANDUNG,-6.8899,107.5971,JL. SUKAJADI NO. 138,64404578
SDN 077 SEJAHTERA KOTA BANDUNG,-6.89304,107.601052,JL. SEJAHTERA NO. 12,2039931
SDN 096 SARIJADI SELATAN KOTA BANDUNG,-6.8836,107.5734,"JL. SARIMADU BAWAH, SARIJADI BLOK 26",222020774
SDN 136 SUKAWARNA KOTA BANDUNG,-6.8822,107.5784,JL. SARIWANGI NO. 1,0
SDN 193 CARINGIN KOTA BANDUNG,-6.8896,107.5859,JL. SUKAMULYA NO.46,0
SDN 194 SUKAJADI KOTA BANDUNG,-6.8833,107.5946,JL. KARANG TINEUNG NO. 5A,222060300
SDN 207 CIBOGO KOTA BANDUNG,-6.8856,107.5792,JL. CIBOGO NO. 78,8.95E+11
SDN 208 LUGINASARI SUKAGALIH KOTA BANDUNG,-6.8912,107.5951,JL. SUKAGALIH KOMPLEK POLRI,222030044
SDN 272 SUKASARI KOTA BANDUNG,-6.88816,107.582331,JL. SUKAKARYA NO. 19,222012989
SD AL IKHLAS,-6.8849,107.5941,JLN. KARANG TINEUNG DALAM NO. 84,2282062747
SD CEMARA,-6.8853,107.5989,JL. CEMARA SELATAN NO. 358 / 181,81221875875
SD CITRA WINAYA,-6.8918,107.5912,JL. CIPEDES NO. 8,0
SD GIKI,-6.881,107.5967,JL. KARANGSARI NO. 29,222042029
SD IBNU TAIMIYAH,-6.8919,107.5927,JL. SUKAGALIH GG. H. GOJALI 02/07,2039087
SD MUHAMMADIYAH 4,-6.8914,107.5928,JL. SUKAGALIH GG. H. GOJALI NO. 134,222036179
SD SEMI PALAR,-6.89483,107.595397,JL. SUKAMULYA NO.77-79,2270173412
SD UCHUWWATUL ISLAM,-6.89704,107.596326,JL. PASIRKALIKI GG. H. ENTO,222018699
SDN 097 CIRATEUN KULON KOTA BANDUNG,-6.8437,107.5977,"JL. DR. SETIABUDI KM. 10,7",222003214
SDN 100 CIPEDES KOTA BANDUNG,-6.8694,107.5877,JL. GEGERKALONG HILIR NO. 79,2011271
SDN 137 CIJEROKASO KOTA BANDUNG,-6.8711,107.5809,JL. SARIJADI RAYA NO.73,222021923
SDN 138 GEGERKALONG GIRANG KOTA BANDUNG,-6.8608,107.5866,JL. GEGER ARUM NO. 11B,2014737
SDN 139 SUKARASA KOTA BANDUNG,-6.8685,107.5864,JL. GEGERKALONG HILIR NO. 82,20244928
SDN 176 CILANDAK KOTA BANDUNG,-6.8756,107.5805,JL. SARIJADI BLOK I,2282027171
SDN 177 CIPEDES KOTA BANDUNG,-6.8692,107.5878,JL. SETRASARI TENGAH NO.15,222012267
SDN 178 GEGERKALONG KPAD KOTA BANDUNG,-6.8665,107.5818,JL. MANUNGGAL KPAD,222002945
SDN 179 SARIJADI KOTA BANDUNG,-6.88073,107.574931,JL. SARIMANIS BLOK 17,222002135
SDN 195 ISOLA KOTA BANDUNG,-6.8639,107.5922,JL. GEGERKALONG GIRANG NO.12,222017869
SDN 196 SUKARASA KOTA BANDUNG,-6.86564,107.587933,JL. PAK GATOT V KPAD,222010421
SDN 212 HARAPAN KOTA BANDUNG,-6.8653,107.5884,JL. PAK GATOT VI KPAD,222004661
SDN 217 SARIJADI KOTA BANDUNG,-6.8782,107.5801,KOMP. PERUM SARIJADI BLOK 4 NO. 100,2282025141
SDN 218 SARIJADI KOTA BANDUNG,-6.8766,107.5769,KOMP. PERUM SARIJADI BLOK 8 NO.11,2282001311
SDN 252 SETIABUDI KOTA BANDUNG,-6.88,107.5789,JL. SARIRASA BLOK IV SARIJADI,222013447
SD BIANGLALA,-6.8756,107.5957,JL. SARI ENDAH 19 A GEGERKALONG HILIR,222008676
SD ISLAM AL AZHAR 30,-6.8763,107.5745,JL. TIRTASARI III NO. 1,222015451
SD LABORATORIUM PERCONTOHAN UPI,-6.86169,107.591472,JL. SENJAYA GURU NO.04,0
SD MIFTAHUL IMAN,-6.8546,107.5936,JL SETIABUDHI 179/171 A,222010399
SD PELITA NUSANTARA,-6.8671,107.596,JL. SUKA ASIH 61 A SETIABUDHI,2220389334
SD SANTO ALOYSIUS SUKASARI,-6.8762,107.6043,JL. SUKAJADI 223,222038785
SD TEMASEK INDEPENDENT SCHOOL,-6.86505,107.590841,JL. SINDANG SIRNA NO. 8,222031381
SDN 001 MERDEKA KOTA BANDUNG,-6.9156,107.61,JL. MERDEKA NO. 9,224231251
SDN 034 PATRAKOMALA KOTA BANDUNG,-6.912,107.6214,JL. PATRAKOMALA NO.63,0
SDN 035 SOKA KOTA BANDUNG,-6.9155,107.6289,JL. SOKA NO. 34,227202333
SDN 088 EMBONG KOTA BANDUNG,-6.9216,107.6132,JL. EMBONG NO.6,4210608
SDN 113 BANJARSARI KOTA BANDUNG,-6.91343,107.61077,JL. MERDEKA NO. 22,4231594
SD 3 KRISTEN PAULUS,-6.911,107.6179,JL. LOMBOK NO. 7,224200244
SD ADVENT NARIPAN,-6.9186,107.6123,JL.NARIPAN NO.91,224234027
SD BANDUNG ISLAMIC SCHOOL,-6.93495,107.62337,JL. VAN DEVENTER NO.12,0
SD KARTIKA XIX - 1,-6.9127,107.6185,JL. BANGKA NO.3,82249566638
SD PARDOMUAN,-6.9108,107.6185,JL. LOMBOK NO. 7,0
SD SANTA ANGELA,-6.9126,107.6115,JL. MERDEKA NO. 24,224214736
SD SANTO YUSUP,-6.9149,107.6111,JL. JAWA NO. 2 - 4,224202336
SD SEQUOIA NASIONAL PLUS,-6.90883,107.605955,JL. ACEH NO. 6,2287804850
SDN 021 CIPOREAT KOTA BANDUNG,-6.9174,107.7062,JL. A.H. NASUTION NO. 29,7831464
SDN 036 UJUNGBERUNG KOTA BANDUNG,-6.9129,107.702,JL. CIGENDING NO. 3,8112261733
SDN 106 AJITUNGGAL CIJAMBE KOTA BANDUNG,-6.909,107.6928,JL. TERUSAN SUKUP NO. 5,227838096
SDN 107 PALEDANG KOTA BANDUNG,-6.9093,107.7094,JL. NAGROG III NO. 8,227831951
SDN 224 CIJAMBE KOTA BANDUNG,-6.9095,107.6925,JL. SUKUP BARU NO. 18,227837926
SDN 225 MEKARGALIH KOTA BANDUNG,-6.9081,107.7148,JL. SEKEMALA NO. 73,8221830570
SDN 253 PANGGUNGSARI KOTA BANDUNG,-6.9089,107.7022,JL. TERITORIAL NO.112,0
SD PLUS BAITURRAHMAN,-6.9087,107.7066,JL. PROF. KH. M. SYADELI HASAN NO. 44 NAGROG II,81310008856
SDN 002 KARANGMULYA KOTA BANDUNG,-6.9125,107.5804,JL. RAJAWALI SAKTI NO. 226,226039074
SDN 049 DURMAN KOTA BANDUNG,-6.9182,107.5999,JL. DURMAN NO. 30,4263818
SDN 056 GARUDA DADALI KOTA BANDUNG,-6.9129,107.5773,JL. DADALI NO. 5,226071998
SDN 091 CIBEUREUM KOTA BANDUNG,-6.9005,107.566,JL. ASRAMA KIPAL NO. 56,2220565150
SDN 098 CIROYOM KOTA BANDUNG,-6.9157,107.5877,JL. RAJAWALI TIMUR GG.TARUNA NO. 33/26 A,82316119777
SDN 197 KARANG TARUNA KARANGSARI KOTA BANDUNG,-6.9123,107.5796,JL. HALTEU UTARA NO. 149,0
SD ADVENT CIMINDI,-6.9013,107.5639,JL. RAYA CIMINDI NO. 74,226010612
SD BALA KESELAMATAN,-6.9222,107.6042,JL. GARDUJATI NO. 89,226013297
SD BODHI SINAR TERANG,-6.91243,107.583537,JL. JEND. SUDIRMAN NO. 478 - 480,6125669
SD BPMD TARUNA,-6.9153,107.5773,JL. HASAN ALI NO. 64 A/76,6044336
SD DWISAKTI,-6.9102,107.5774,JL. LAKSMUD. NURTANIO NO.58,226011301
SD KRISTEN 1 BPK PENABUR,-6.9196,107.5952,JL. JEND.SUDIRMAN 246,6000136
SD KRISTEN 6 BPK PENABUR,-6.9171,107.5779,JL. JEND. SUDIRMAN 638,226012483
SD KRISTEN TRIMULIA,-6.8953,107.5899,JL. KEBONJATI 145,226030547
SD LPPN,-6.9158,107.5855,JL. RAJAWALI TIMUR NO. 76,0
SD MALEBER BARAT,-6.9106,107.5765,JL. MALEBER BARAT GG. WIBAWA III NO. 7,82126906480
SD MALEBER SELATAN,-6.912,107.5751,JL. RAJAWALI GG. LATIFAH,82128284174
SD MALEBER UTARA,-6.9071,107.5775,JL. MALEBER UTARA NO.5,0
SD MARIA BINTANG LAUT,-6.9163,107.5911,JL. KEBONJATI NO.209 BANDUNG,226019388
SD MUTIARA,-6.9075,107.5779,JL. MALEBER UTARA NO.37,226010563
SD PRASISTHA,-6.9178,107.5857,JL. ANDIR RI WINATA NO. 15,226040430
SD RAJAWALI,-6.9131,107.5837,JL. ANDIR NO 117A/78 BANDUNG,82115111670
SD WINDU PUTRA,-6.9073,107.5713,JL. BABAKAN CIBEREUM NO.142,81395471008
SD YWKA REL HOMY SCHOOL,-6.9126,107.577,JL. RAJAWALI I NO. 5,6032573
SDN 078 SINDANGSARI ANTAPANI KOTA BANDUNG,-6.9062,107.6647,JL. SINDANGSARI 1,0
SDN 209 ANTAPANI KOTA BANDUNG,-6.9105,107.658,JL. ANTAPANI NO. 1,7215025
SDN 248 SINDANGSARI KOTA BANDUNG,-6.92,107.6653,JL. PARAKAN SAAT,82115365997
SDN 254 GRIYA BUMI ANTAPANI KOTA BANDUNG,-6.913,107.6538,JL. SUBANG V NO. 5,227215348
SDN 255 GRIYA BUMI ANTAPANI KOTA BANDUNG,-6.9196,107.658,JL. CICALENGKA RAYA NO. 1,7214138
SDN 259 GRIYA BUMI ANTAPANI KOTA BANDUNG,-6.9153,107.6652,JL. CIBATU VI NO. 1 ANTAPANI,227215682
SDN 260 GRIYA BUMI ANTAPANI KOTA BANDUNG,-6.9132,107.6679,JL. TANJUNGSARI VI NO. 40,227210232
SDN 264 GRIYA BUMI ANTAPANI KOTA BANDUNG,-6.9145,107.6597,JL. PLERED 9 NO. 25,2220524222
SDN 267 GRIYA BUMI ANTAPANI KOTA BANDUNG,-6.9195,107.6558,JL. KADIPATEN 14 NO. 2,2220545927
SDN 269 GRIYA BUMI ANTAPANI KOTA BANDUNG,-6.918,107.6655,JL. BANJARSARI IV NO. 1,0
SD ASY-SYIFA 2,-6.9274,107.6627,JL. RANDUSARI V,7276439
SD DAARUL HIKMAH BANDUNG,-6.91127,107.66611,JL. CIKAMPEK RAYA NO. 17,8122023600
SD EL FITRA,-6.9248,107.665,JL. CIBODAS RAYA NO. 49,2287831182
SD ISLAM MUTIARA HATI,-6.9206,107.6667,JL. TERUSAN CIKAJANG RAYA,227273245
SD MUHAMMADIYAH 7,-6.9177,107.6553,JL. KADIPATEN RAYA NO 4-6,227214139
SDN 004 CISARANTEN KULON KOTA BANDUNG,-6.9248,107.6834,JL. CISARANTEN KULON NO.129,2287884871
SDN 057 BINAHARAPAN KOTA BANDUNG,-6.9161,107.687,JL. GOLF SELATAN I NO.26,22087881269
SDN 101 SUKAKARYA KOTA BANDUNG,-6.9072,107.6754,JL. SAHARDJO,2263729775
SDN 140 ARCAMANIK KOTA BANDUNG,-6.9098,107.6771,JL. MEKARSARI NO. 2,0
SDN 141 LOKAJAYA KOTA BANDUNG,-6.9056,107.6807,JL. A.H. NASUTION KM. 9 NO. 7,227807788
SDN 180 PRAKARSA NUGRAHA KOTA BANDUNG,-6.9053,107.6808,JL. PARAKAN SAAT NO. 45,227335197
SDN 181 SUKAMISKIN KOTA BANDUNG,-6.9108,107.6791,JL. TERUSAN PESANTREN NO 86,85974771133
SDN 198 MEKARJAYA KOTA BANDUNG,-6.9223,107.6802,JL. CISARANTEN BARU N0. 21,7814496
SDN 226 ARCAMANIK ENDAH KOTA BANDUNG,-6.9149,107.6785,JL. OLAH RAGA NO. 5,7217230
SDN 244 GURUMINDA KOTA BANDUNG,-6.93368,107.677934,JL. INDRA JAYA NO. 7,2270779428
SD AL-IHSAN ISLAMIC SCHOOL,-6.93376,107.679076,JL. CISARANTEN BARU I NO. 11,81320975696
SD BINTANG MADANI,-6.9036,107.6807,JL. TERUSAN PESANTREN NO. 102,227211124
SD CERDAS MUTHAHHARI,-6.9213,107.6717,JL. LAYAR NO. 17,2287241063
SD ISLAM CENDEKIA MUDA,-6.9213,107.6752,JL. PURI AYU PRATAMA NO. 17,227102888
SD ISLAM TERPADU LUQMANUL HAKIM,-6.9324,107.6759,JL. CINGISED KOMP. PEMDA KAV. D13-D15,2287821297
SD MUTIARA BUNDA,-6.9103,107.6708,JL. ARCAMANIK ENDAH NO.3,227216578
SD PLUS AL GHIFARI,-6.934,107.6794,JL. CISARANTEN KULON NO. 140,227806223
SD RABBANI,-6.93182,107.672343,JALAN JATI,20507186
SD RANCAKASUMBA,-6.9341,107.6802,JL. SUMBERSARI NO. 104,0
SDN 003 PAGARSIH KOTA BANDUNG,-6.9231,107.5944,JL. PAGARSIH NO. 77,226021395
SDN 019 PABAKI KOTA BANDUNG,-6.92748,107.595986,JL. PABAKI NO. 33,226074847
SDN 023 PAJAGALAN KOTA BANDUNG,-6.926,107.6005,JL. PAJAGALAN NO. 58,81573129051
SDN 039 TEGALEGA KOTA BANDUNG,-6.9381,107.6032,JL. PELINDUNG HEWAN NO. 43,0
SDN 073 PAJAGALAN KOTA BANDUNG,-6.9241,107.6007,JL. PAJAGALAN NO. 43,224265847
SDN 079 KOPO PAJAGALAN KOTA BANDUNG,-6.9271,107.6013,JL. PASIRKOJA NO. 37,225222339
SDN 092 CIBADAK ANDIR KOTA BANDUNG,-6.9213,107.5968,JL. CIBADAK NO.193,226079773
SDN 142 DWIKORA KOTA BANDUNG,-6.9439,107.6029,JL. INHOFTANK NO.16,225232080
SDN 143 KOPO KOTA BANDUNG,-6.9316,107.6024,JL. IBU INGGIT GARNASIH NO.74/21,0
SDN 249 ASTANAANYAR KOTA BANDUNG,-6.9324,107.6005,JL. LIOGENTENG NO. 27,225228386
SDN 265 BANDUNGKULON KOTA BANDUNG,-6.9216,107.5925,JL. CIBADAK GG. IBU AISAH NO.16/9A,0
SD GANESHA,-6.9359,107.6066,JL. MUHAMAD TOHA NO. 84,5206994
SD KEMAH INDONESIA,-6.9251,107.5941,JL. PAGARSIH GG. ONONG NO.183/89,2286060862
SD KRISTEN GAMALIEL,-6.9206,107.6048,JL. JENDRAL SUDIRMAN NO. 205-207,226003553
SD PELITA BANGSA,-6.948,107.6047,JL. SOEKARNO HATTA NO. 391,225201214
SD YAMI,-6.9509,107.609,JL.KARASAK BARU NO.16 BANDUNG,225222362
SDN 005 BABAKAN CIPARAY KOTA BANDUNG,-6.948,107.5876,JL. KOPO NO. 440,2254418885
SDN 012 BABAKAN CIPARAY KOTA BANDUNG,-6.9453,107.5834,JL. CARINGIN NO.106,82130168612
SDN 058 BABAKAN CIPARAY KOTA BANDUNG,-6.9484,107.5844,JL. CARINGIN GG. PORIB 3,0
SDN 059 CIRANGRANG KOTA BANDUNG,-6.9548,107.5827,"JL. K.H. WAHID HASYIM KOPO KM 5,5",2254433580
SDN 060 RAYA BARAT KOTA BANDUNG,-6.9186,107.5833,JL. JENDRAL SUDIRMAN NO. 587,2263001282
SDN 089 BABAKAN CIPARAY KOTA BANDUNG,-6.9311,107.5875,JL. CARINGIN NO. 150,225431502
SDN 126 BABAKAN KOTA BANDUNG,-6.9269,107.5788,JL. AKI PADMA NO. 1,226005122
SDN 144 SITUGUNTING KOTA BANDUNG,-6.9324,107.5842,JL. H. ZAKARIA NO. 56,8987849884
SDN 213 BABAKAN CIPARAY KOTA BANDUNG,-6.9401,107.5765,JL. CARINGIN CIKUNGKURAK RT.03/06,2220563701
SDN 227 MARGAHAYU UTARA KOTA BANDUNG,-6.95042,107.573243,JL. CIBOLERANG NO. 185,5423824
SDN 236 BABAKAN CIPARAY KOTA BANDUNG,-6.9458,107.5789,JL. CARINGIN GG. LUMBUNG III NO. 50,2254423473
SDN 237 KOPO ELOK KOTA BANDUNG,-6.9573,107.5827,JL. BUANA NO. 8,0
SDN 245 SUMBERSARI INDAH KOTA BANDUNG,-6.9373,107.5727,JL. SUMBER MAKMUR NO. 1,226044201
SD AL BAROKAH,-6.9277,107.5787,JL. AKI PADMA NO. 23,6121235
SD CAHAYA PELITA,-6.9275,107.5854,JL. BABAKAN CIPARAY NO. 251/194 A,2286061384
SD PANGKALAN,-6.9519,107.578,JL. CIBOLERANG NO. 02,0
SD PASUNDAN 2,-6.9275,107.5854,JL. BABAKAN CIPARAY NO. 112 / 194 A,6026149
SD PASUNDAN 3,-6.9274,107.5849,JL. BABAKAN CIPARAY NO.112/194 A,0
SD SALUYU,-6.9313,107.5879,KP. SITUGUNTING NO. 309/194 A,81221996405
SDN 040 PASAWAHAN KOTA BANDUNG,-6.9596,107.6133,JL. MOCHAMAD TOHA NO. 383,225224809
SDN 094 PARAKANWAAS KOTA BANDUNG,-6.9531,107.6268,JL. WAAS II NO. 94B,82126292649
SDN 117 BATUNUNGGAL KOTA BANDUNG,-6.9527,107.6361,JL. ARHANUDRI NO. 12 B,2287307879
SDN 130 SEKELIMUS BATUNUNGGAL KOTA BANDUNG,-6.9494,107.6373,JL. TERS. BUAHBATU GG. ANYELIR,0
SDN 250 JAKAPURWA KOTA BANDUNG,-6.9615,107.6496,JL. JAKAMULYA NO.16,227500525
SDN 266 MENGGER KOTA BANDUNG,-6.9497,107.621,JL. TERUSAN SUKAATI NO. 21,0
SD BINEKAS,-6.90364,107.658246,BUAH BATU REGENCY G7-7,81395221590
SD IT AL-FAJAR,-6.9669,107.642,JL. BUANA SARI IV NO. 18-21,227511870
SD SANTO ALOYSIUS BANDUNG KIDUL,-6.9499,107.632,JL. BATUNUNGGAL INDAH II/30,227511670
SD TIARA BUNDA,-6.9525,107.6343,JL. BATUNUNGGAL INDAH I 74-76,227510654
SDN 011 CIBUNTU KOTA BANDUNG,-6.9192,107.5762,JL. HOLIS NO.31,6044334
SDN 014 CIGONDEWAH KOTA BANDUNG,-6.9345,107.5635,JL. CIGONDEWAH KALER NO. 15,2220567506
SDN 041 CIBUNTU WARUNG MUNCANG KOTA BANDUNG,-6.9229,107.5739,JL. HOLIS - KPAD,226003560
SDN 061 CIJERAH KOTA BANDUNG,-6.9217,107.5692,JL. CIJERAH NO. 122,226021985
SDN 080 BOJONG INDAH CIBUNTU KOTA BANDUNG,-6.9278,107.5809,JL. KAWAT NO. 1,20562854
SDN 093 TUNAS HARAPAN CIJERAH KOTA BANDUNG,-6.9215,107.5695,JL. CIJERAH NO. 116,226073035
SDN 121 CARINGIN HOLIS KOTA BANDUNG,-6.9389,107.5685,JL. HOLIS NO. 424,2220567675
SDN 182 PERUMNAS CIJERAH KOTA BANDUNG,-6.9368,107.5613,JL. CIJERAH BARAT NO. 04,2220561355
SDN 183 SAYURAN KOTA BANDUNG,-6.9233,107.5735,JL. SINDANGSARI KP. SAYURAN NO. 36,2270766373
SDN 199 SAYURAN KOTA BANDUNG,-6.9234,107.5739,KP. SAYURAN NO. 74,226003887
SDN 214 PERUMNAS CIJERAH KOTA BANDUNG,-6.9277,107.5654,JL. CIJERAH NO. 232,226022677
SDN 232 BLOK SAWAH KOTA BANDUNG,-6.9368,107.5591,KP. BLOK SAWAH,0
SDN 238 CIGONDEWAH KOTA BANDUNG,-6.9358,107.5611,JL. CIGONDEWAH KALER BLOK JAMBANGAN,226004067
SDN 239 CIGONDEWAH KOTA BANDUNG,-6.9382,107.5573,JL. BATURENGAT CIGONDEWAH,81320556673
SDN 240 CIJERAH INDAH KOTA BANDUNG,-6.9228,107.5659,JL. MEKAR HURIP NO.18,2220567659
SDN 256 CIGONDEWAH HILIR KOTA BANDUNG,-6.9455,107.5659,JL. CIGONDEWAH RAHAYU RT. 02/05,2220560028
SDN 273 GEMPOL SARI KOTA BANDUNG,-6.9349,107.5533,KOMPLEK BUMI ASRI E-40,0
SD ANDIR MUKTI,-6.9136,107.5706,JL. JEND. SUDIRMAN BLK 799,0
SD ATTAZHIMIYAH,-6.9448,107.5655,BLOK PESANTREN RT.01 RW.04,0
SD BAITUL HIKMAH,-6.9212,107.565,JL. MEKAR INDAH NO. 2B,20563364
SD BANDUNG RAYA,-6.9226,107.5691,JL. CIJERAH NO. 151,81322450839
SD CAHAYA NUSANTARA,-6.9295,107.5682,KOMP. TAMAN BURUNG B 02 GEMPOL SARI,226076904
SD CITRA CEMARA,-6.9192,107.5736,JL. SOEKARNO HATTA NO. 22,226123475
SD KASIH BANGSA,-6.9469,107.5605,TAMAN HOLIS INDAH BLOK G,20585430
SD KRISTEN BPK PENABUR TAMAN HOLIS INDAH,-6.9463,107.5696,KOMP. TAMAN HOLIS INDAH BLOK A,226003615
SD KRISTEN PELITA,-6.9329,107.5717,JL. HOLIS NO. 300,226023009
SD SURYANI DWI MARGA,-6.9233,107.5806,JL. TERUSAN SURYANI NO.16/A - 191/C,6120828
SDN 037 SABANG KOTA BANDUNG,-6.9082,107.620893,JL. SABANG NO. 2,227208209
SDN 062 CIUJUNG KOTA BANDUNG,-6.90704,107.629567,JL. LAPANGAN SUPRATMAN NO. 7,227274217
SD EDU GLOBAL,-6.90388,107.612557,JL. CITARUM NO. 35,20523705
SD ISTIQAMAH,-6.9047,107.6212,JL. TAMAN CITARUM,224209634
SD KRISTEN BAPTIS,-6.9041,107.6065,JL. WASTUKENCANA NO. 40,224263854
SD KRISTEN YAHYA,-6.9044,107.6172,JL. PROGO NO. 4,224234747
SD LINGGAWASTU,-6.9022,107.6059,JL. LINGGAWASTU NO. 8 A,0
SD MATHLAUL KHOERIYAH,-6.903,107.6067,JL. TAMANSARI BAWAH NO. 60,4217645
SD PERTIWI,-6.8976,107.6071,JL. KEBON BIBIT NO. 16,222512048
SD PRIANGAN ISTIQAMAH,-6.90676,107.628363,JL. BAROS NO.1,227275494
SD SANTA URSULA,-6.913,107.6331,JL. BENGAWAN NO.2,7201774
SD SANTO AGUSTINUS,-6.9139,107.6329,JL. AHMAD YANI NO 273,227217631
SD SANTO ALOYSIUS TR,-6.9133,107.6127,JL. TRUNOJOYO NO. 3,224235536
SD TARUNA BAKTI,-6.9063,107.6184,JL. LL. RE. MARTADINATA NO. 52,224261571
SD YAKESWA,-6.9014,107.6027,JL. DR. HATTA 54/29 B,224241463
SD YKPPK,-6.9058,107.6051,JL. CIHAMPELAS BLK NO. 14,8956488895
SDN 028 GUMURUH KOTA BANDUNG,-6.93,107.6372,JL. CIBANGKONG NO. 13,82127346565
SDN 042 GAMBIR KOTA BANDUNG,-6.9429,107.6412,JL. GAMBIR NO. 25,85900071587
SDN 063 KEBON GEDANG KOTA BANDUNG,-6.928,107.6413,JL. KEBON GEDANG NO.82,81394024928
SDN 081 KEBON GEDANG KRIDAWINAYA KOTA BANDUNG,-6.9317,107.6394,JL. GUMURUH BELAKANG NO.37,2273514651
SDN 109 CENTEH KOTA BANDUNG,-6.9202,107.6247,JL. CENTEH NO. 5,81222423331
SDN 145 BINONG JATI KOTA BANDUNG,-6.9353,107.6393,JL. BINONGJATI NO. 20,227330319
SDN 146 GUMURUH KOTA BANDUNG,-6.9305,107.6389,JL. GUMURUH NO.138,227320490
SDN 203 KACAPIRING KOTA BANDUNG,-6.9234,107.6363,JL. SUKABUMI DALAM NO. 3,0
SDN 219 BABAKANJATI KOTA BANDUNG,-6.9418,107.6405,JL. H. BASUKI NO.159,0
SDN 220 GUMURUH KOTA BANDUNG,-6.9352,107.6354,JL. TAURUS NO.60,0
SD ALFA CENTAURI,-6.9276,107.6231,JL. TERATE NO. 10,227310894
SD CIPTA KARYA,-6.9216,107.6364,JL. JEMBATAN OPAT CIBANGKONG LOR NO. 34 BANDUNG,81222009993
SD IGNATIUS SLAMET RIYADI,-6.9255,107.6318,JL. GATOT SUBROTO 221 BANDUNG,227330049
SD JEMBAR,-6.9235,107.6441,JL. JATINEGARA NO. 1,85793704425
SD TRIKARSA,-6.9191,107.644,JL. SAMSI NO. 123/125 C,85220765582
SD YPU,-6.9241,107.629,JL. CUKANG JATI NO. 5,82316988254
SDN 099 BABAKAN TAROGONG KOTA BANDUNG,-6.9385,107.5937,JL. K.H. WAHID HASYIM NO. 256,226029365
SDN 118 TANJUNG KOTA BANDUNG,-6.9299,107.5889,JL. BABAKAN TAROGONG NO. 193,226024361
SDN 147 CITARIP BARAT KOTA BANDUNG,-6.9391,107.5852,JL. MADESA NO.24 RT.01/12,0
SDN 251 JAMIKA KOTA BANDUNG,-6.9232,107.5873,JL. PAGARSIH GG. PA OYON,6001802
SDN 270 GENTRA MASEKDAS KOTA BANDUNG,-6.9364,107.5872,JL. SUKAMULYA NO. 29,2287786621
SD AL FATAH,-6.9437,107.5894,JL. KOPO GG. SUKALEUEUR,81222795110
SD AL HIDAYAH,-6.9295,107.5852,JL. BABAKAN CIPARAY NO. 147,6125992
SD DWI AMANAT,-6.9223,107.5877,JL. PAGARSIH NO. 205,6021207
SD GRACIA 2,-6.9281,107.5949,JL. PAGARSIH NO. 256,226017100
SD PELITA FAJAR,-6.9215,107.597,JL. JENDRAL SUDIRMAN 467,226001456
SD SWADAYA 1,-6.9223,107.5888,JL. PAGARSIH NO. 181 E,226075279
SD TERANG NUSANTARA,-6.9225,107.5857,JL. JAMIKA NO. 88,226072222
SDN 026 BOJONGLOA KOTA BANDUNG,-6.9507,107.594,JL. CIBADUYUT RAYA NO.142/199C,0
SDN 148 CIBADUYUT KOTA BANDUNG,-6.9558,107.5912,JL. CIBADUYUT RAYA GG. MA MAJA NO. 50,225426700
SDN 200 LEUWIPANJANG KOTA BANDUNG,-6.94,107.6001,JL. MUARASARI RAYA NO. 49,225229188
SDN 228 CANGKUANG KOTA BANDUNG,-6.9592,107.5898,JL. CIBADUYUT RAYA GG. TVRI 5,0
SDN 229 CIBADUYUT KOTA BANDUNG,-6.9543,107.5873,JL. PRAMBANAN BLOK O NO. 4,225421655
SDN 233 CIBADUYUT KOTA BANDUNG,-6.9512,107.5941,JL. CIBADUYUT RAYA BLOK PASANTREN NO.45,0
SDN 241 LEUWIANYAR KOTA BANDUNG,-6.9424,107.5944,JL. LEUWIANYAR,0
SD AL BASYARIYAH,-6.9494,107.5906,JL. CIBADUYUT LAMA KOMPLEK SAUYUNAN,2285447672
SD BINTANG MULIA,-6.9536,107.6021,JL. MEKAR KENCANA NO.1,225233890
SD BUDI SASTRA,-6.9543,107.6002,JL. WARNA CINTA NO. 98,0
SD HARAPAN KASIH,-6.95423,107.602365,JL. MEKAR KENCANA NO. 2A KOMPLEK MEKAR WANGI,2287787262
SD KRISTEN BPK PENABUR SINGGASANA,-6.957,107.6146,JL. INDRA PRAHASTA TIMUR NO.2 BANDUNG,225436322
SD KRISTEN DIAN EMAS,-6.9383,107.6043,JL. MUARA BARAT NO.2,5228858
SD MUHAMMADIYAH 5,-6.94,107.5957,JL. LEUWIPANJANG NO. 24,225233404
SDN 006 BUAHBATU KOTA BANDUNG,-6.9517,107.6409,JL. H. IBRAHIM ADJIE NO. 45,227563975
SDN 095 BABAKANJATI KOTA BANDUNG,-6.9482,107.6506,JL. CIJAWURA GIRANG V,2287500415
SDN 129 RANCASAWO MARGASARI KOTA BANDUNG,-6.9606,107.6594,JL. RANCASAWO NO.50,2287313125
SDN 131 CIJAWURA KOTA BANDUNG,-6.9645,107.6569,JL. CIJAWURA HILIR NO.384,227514289
SDN 184 BUAHBATU KOTA BANDUNG,-6.951,107.6408,JL. IBRAHIM ADJIE NO.65,227512567
SDN 230 MARGAHAYU RAYA KOTA BANDUNG,-6.955,107.6635,JL. PLUTO UTARA BLOK G NO.73,227530140
SDN 242 MARGASARI KOTA BANDUNG,-6.9568,107.669,JL. RANCASAWO KOMPLEK PINDAD,0
SDN 246 MARGACINTA KOTA BANDUNG,-6.9551,107.6421,JL. MARGA INDAH I MARGACINTA,227538126
SDN 261 MARGAHAYU RAYA KOTA BANDUNG,-6.9456,107.6581,JL. JUPITER NO.92A,227535321
SD AL KENZIE,-6.9594,107.657502,JL. KP. MARGAASIH - CIJAWURA,0
SD AZ-ZAKIYAH,-6.9449,107.6495,JL. CIJAWURA GIRANG IV NO.2,227503784
SD BUDI ASIH,-6.9519,107.6466,JL. CIPAGALO GIRANG,227531013
SD IT AL-HIDAYAH LOGAM,-6.9571,107.6439,JL. LOGAM NO. 12,2287507287
SD TULUS KARTIKA,-6.9487,107.6623,JL. RANCABOLANG NO. 140,2287529201
SDN 025 CIKUTRA KOTA BANDUNG,-6.8936,107.6372,JL. CIKUTRA NO.326,0
SDN 082 MUARARAJEUN KOTA BANDUNG,-6.9024,107.6316,JL. MUARARAJEUN NO.26,0
SDN 132 CIHAURGEULIS KOTA BANDUNG,-6.8997,107.6293,JL. SURAPATI NO. 155,222532263
SDN 149 CIGADUNG KOTA BANDUNG,-6.8786,107.6255,JL. RANCA KENDAL NO.99,0
SDN 185 CIHAURGEULIS KOTA BANDUNG,-6.9,107.6294,JL. SURAPATI NO. 82,2270778575
SDN 201 SUKALUYU KOTA BANDUNG,-6.8953,107.6319,JL. RERENG ADUMANIS NO.2A,222512610
SD ISLAM TERPADU AL IRSYAD,-6.8928,107.6415,JL. AL-IRSYAD CIKUTRA RT. 09 RW. 02 KOTA BANDUNG 40124,227271966
SD MELANIA,-6.9008,107.6238,JL. MELANIA NO. 1-3,2220532334
SD SEJATI,-6.8985,107.643,JL. CIKUTRA SUKASARI II NO.20,87823210987
SDN 022 CICADAS KOTA BANDUNG,-6.9055,107.6441,JL. CIKUTRA NO. 58,0
SDN 027 CICADAS KOTA BANDUNG,-6.906,107.6436,JL. CIKUTRA NO.15,0
SDN 043 CIMUNCANG KOTA BANDUNG,-6.903,107.6481,JL. BABAKAN HAJI TAMIM NO.33,0
SDN 044 CICADAS AWIGOMBONG KOTA BANDUNG,-6.9077,107.6403,JL. ASEP BERLIAN NO.33,227217671
SDN 064 PADASUKA KOTA BANDUNG,-6.899,107.6608,JL. PADASUKA NO.90,81221027004
SDN 114 BOJONGKONENG CIBEUNYING KOTA BANDUNG,-6.89293,107.644889,JL. BOJONGKONENG NO.38,22220546048
SDN 133 JALAN ANYAR KOTA BANDUNG,-6.9027,107.6528,JL. PADASUKA NO. 99/209 C,227210760
SDN 150 GATOT SUBROTO KOTA BANDUNG,-6.9031,107.6365,JL. YUDHAWASTU PRAMUKA IV,70723079
SDN 151 SUKASENANG KOTA BANDUNG,-6.8983,107.6362,JL. P.H.H. MUSTOFA NO. 46,227203489
SDN 234 SALUYU KOTA BANDUNG,-6.8976,107.6489,JL. CIMUNCANG DALAM NO.52,227208556
SD ITQAN ISLAMIC SCHOOL,-6.8932,107.6572,JALAN PADASUKA NO. 160,85793837300
SD KARAKTER AZ-ZAHRA,-6.8902,107.6605,JL. PASIRLAYUNG ASRI NO. 15,87241567
SD MUHAMMADIYAH 3,-6.9023,107.653,JL. PHH MUSTOPA,20526830
SD PELITA,-6.9087,107.6351,JL. CITAMIANG NO. 43,0
SD SANTO YUSUP I,-6.9014,107.6441,JL. CIKUTRA NO 5,7231759
SD YAYASAN ATIKAN SUNDA,-6.901,107.6472,JL. PHH MUSTAPA N0. 115,2220541426
SDN 029 CILENGKRANG KOTA BANDUNG,-6.9136,107.7197,JL. CILENGKRANG I NO.134,2287885183
SDN 050 CIBIRU KOTA BANDUNG,-6.9342,107.7214,"JL. A.H. NASUTION KM.14,5 CIBIRU",227814658
SDN 090 CIBIRU KOTA BANDUNG,-6.9343,107.7204,"JL. A.H. NASUTION KM. 14,5 CIBIRU",227830508
SDN 102 CIKUDAYASA KOTA BANDUNG,-6.91997,107.725354,JL. CIKUDA,0
SDN 124 HANURA KOTA BANDUNG,-6.8994,107.7246,JL. CIWARU,0
SDN 125 TARUNA KARYA KOTA BANDUNG,-6.9219,107.7137,JL. CILENGKRANG II NO.80,0
SDN 152 CIGAGAK KOTA BANDUNG,-6.908,107.7246,JL. CILENGKRANG I NO.153,81220886679
SDN 153 TARUNA KARYA KOTA BANDUNG,-6.9188,107.716,JL. GALUMPIT NO.2,81220888375
SDN 168 CIPADUNG KOTA BANDUNG,-6.9247,107.7161,JL. EMBAH JAKSA NO. 145 B,227815028
SDN 169 PELITA KOTA BANDUNG,-6.9227,107.7199,JL. DESA CIPADUNG CIBIRU,2263700432
SDN 186 CIPADUNG KOTA BANDUNG,-6.9316,107.7138,"JL. A.H. NASUTION NO.71 KM.13,5 CIBIRU",227814156
SDN 247 SUKAPURA KOTA BANDUNG,-6.9218,107.7149,JL. MANGLAYANG I NO.1 KECAMATAN CIBIRU,227832748
SD INTAN AL-SALI,-6.90702,107.725641,JL. PASANGGRAHAN INDAH NO. 15,2263744941
SD IT INSAN CERMAT,-6.9097,107.7283,JL. KP. CIGAGAK WETAN NO. 65,2263700863
SD TERPADU KRIDA NUSANTARA,-6.9237,107.721,JL. DESA CIPADUNG,227830509
SDN 013 PASIRKALIKI KOTA BANDUNG,-6.9079,107.5978,JALAN HOS COKROAMINOTO NO. 110,224204556
SDN 015 KRESNA KOTA BANDUNG,-6.9098,107.5928,JL. KRESNA NO. 47,226010996
SDN 016 DR. CIPTO PAJAJARAN KOTA BANDUNG,-6.9062,107.5998,JL. PAJAJARAN NO.58 / DR. CIPTO NO.4,224265015
SDN 045 PASIRKALIKI KOTA BANDUNG,-6.8955,107.5611,JL. KARYA I NO. 18,226039134
SDN 051 PASIRKALIKI KOTA BANDUNG,-6.9017,107.5967,JL. PASIRKALIKI BELAKANG NO.179,8156145332
SDN 074 AYUDIA KOTA BANDUNG,-6.9088,107.589,JL. AYUDIA NO. 25,226029887
SDN 075 JATAYU KOTA BANDUNG,-6.9097,107.5836,JL. KOMUD SUPADIO NO.39A,2220569798
SDN 110 PASIRKALIKI KOMARABUDI KOTA BANDUNG,-6.8908,107.5619,JL. GUNUNG BATU NO.30A,226613553
SDN 154 CITEPUS KOTA BANDUNG,-6.9022,107.5887,JL. ASTANA EYANG,226006312
SDN 155 GUNUNG RAHAYU KOTA BANDUNG,-6.8905,107.5695,JL. MENTOR NO.67 KELURAHAN SUKARAJA KECAMATAN CICENDO,226027644
SDN 156 PASIRKALIKI KOTA BANDUNG,-6.893,107.5646,JL. BABAKAN CIANJUR NO. 81,226027515
SDN 157 SUKARAJA KOTA BANDUNG,-6.9007,107.5894,JL. TERUSAN PASTEUR NO.38,87890177771
SDN 170 DIAN KOTA BANDUNG,-6.8988,107.5889,JL. BUDI NO. 26,226630036
SDN 171 LANUMA HUSEIN KOTA BANDUNG,-6.8938,107.5835,JL. SUKAWARNA NO. 3,226020574
SDN 187 LANUMA HUSEIN KOTA BANDUNG,-6.899,107.5864,JL. L.M.U SUPARMIN NO.1,2220562651
SD 1 KRISTEN PAULUS,-6.9036,107.5996,JL. DR. RAJIMAN NO. 11,4237131
SD AL FATAH AL HASAN,-6.8932,107.5609,JL. GUNUNG BATU NO. 31,226008401
SD ANGKASA 1,-6.9056,107.5861,JL. PAJAJARAN NO. 150,2220569901
SD ANGKASA 3,-6.899,107.5865,JL. ZUHRI CIK DERI,226078931
SD INDUSTRI,-6.9126,107.5948,JL. INDUSTRI DALAM NO. 2,226120020
SD KRISTEN 1 BINA BAKTI,-6.9086,107.5991,JL. BIMA NO. 9,226015168
SD KRISTEN 2 BINA BAKTI,-6.9097,107.601,JL. BIMA NO. 9,226034388
SD KRISTEN BPPK,-6.9071,107.5941,JL. PAJAJARAN NO. 91,226006191
SD KRISTEN TRIMULIA HITS,-6.8953,107.5899,JL. DR. DJUNJUNAN NO. 105,2286061577
SD PANDU,-6.9052,107.5932,JL. PANDU NO. 6,226021743
SD PELITA JASA,-6.9115,107.5867,JL. KOMUD. SUPADIO GG. HANURA NO.13,81214505099
SD YPI,-6.9016,107.5956,JL. MUHAMMAD NO. 17 BANDUNG,0
SDN 010 CIDADAP KOTA BANDUNG,-6.8645,107.5945,JL. DR. SETIABUDHI NO. 234,22082005741
SDN 030 CIRATEUN KOTA BANDUNG,-6.8466,107.6014,JL. DR. SETIABUDHI KM.10 NO.5,222020367
SDN 085 CIUMBULEUIT KOTA BANDUNG,-6.8633,107.6057,JL. BUKIT RAYA NO. 173,0
SDN 108 CIUMBULEUIT KOTA BANDUNG,-6.8741,107.6032,JL. BUKIT INDAH NO.12,82065106
SDN 134 PANORAMA KOTA BANDUNG,-6.8699,107.6011,JL. HEGARMANAH NO. 152,2282602605
SDN 188 BANDUNG BARU KOTA BANDUNG,-6.8639,107.6071,JL. BUKIT RAYA SELATAN NO.298,0
SDN 204 CIDADAP KOTA BANDUNG,-6.8634,107.5992,JL. CIPAKU INDAH 2 NO. 13,222001100
SD ADZKIA,-6.8674,107.602,JL. PANUMBANG JAYA DALAM NO. 38F,222041514
SD AL HUSAINIYYAH,-6.8784,107.6063,JL. BUKIT JARIAN NO.29/165 D,0
SD AL- HIDAYAH,-6.8727,107.6084,JL. RANCABULAN NO. 7 RANCABENTANG,8976632920
SD KRISTEN HIDUP BARU,-6.8658,107.606,JL. CIUMBULEUIT NO.160,222031739
SD KUNTUM CEMERLANG,-6.8624,107.6029,JL. CIPAKU INDAH 11 NO.2,2005668
SD MUHAMMADIYAH 6,-6.86305,107.620949,JL. IR.H. JUANDA KP. BENGKOK,0
SD SURUUR,-6.8822,107.6024,JL. HEGARMANAH TENGAH NO. 1A,222037080
SDN 052 CISARANTEN WETAN GEDEBAGE KOTA BANDUNG,-6.9411,107.6916,JL. RAYA GEDEBAGE NO. 17,2287885143
SDN 172 ANDIR KIDUL KOTA BANDUNG,-6.9139,107.6955,JL. A.H NASUTION NO. 38 A,227832462
SDIK BAITURRAHMAH,0,0,JL. PINUS VII PINUS REGENSI,0
SDN 007 CIPAGANTI KOTA BANDUNG,-6.8948,107.6029,JL. SASTRA NO. 11,222043369
SDN 024 COBLONG KOTA BANDUNG,-6.8795,107.6166,JL. IR. H. JUANDA NO. 304,0
SDN 031 PELESIRAN KOTA BANDUNG,-6.8958,107.6075,JL. PELESIRAN NO. 36,2282520467
SDN 032 TILIL KOTA BANDUNG,-6.8982,107.6232,JL. PUYUH NO. 2,222532245
SDN 053 CISITU KOTA BANDUNG,-6.882,107.6094,JL. SANGKURIANG NO. 87,222513181
SDN 054 TIKUKUR KOTA BANDUNG,-6.8972,107.6217,JL. TITIMPLIK NO. 1,222504130
SDN 065 CIHAMPELAS KOTA BANDUNG,-6.8871,107.6041,JL. CIHAMPELAS NO. 280,222043935
SDN 103 COBLONG KOTA BANDUNG,-6.878,107.6171,JL. IR. H. JUANDA NO. 338,222535776
SDN 104 LANGENSARI SENANGGALIH KOTA BANDUNG,-6.89247,107.625634,JL. KP. PASIRKALIKI BARAT,0
SDN 127 SEKELOA KOTA BANDUNG,-6.8877,107.6189,JL. SEKELOA UTARA NO. 30 A,2220461573
SDN 128 HAURPANCUH KOTA BANDUNG,-6.8927,107.6197,JL. TERUSAN TEUKU UMAR NO. 87,0
SDN 173 NEGLASARI KOTA BANDUNG,-6.8915,107.6238,"JL. KP. PASIRKALIKI BARAT, RT 04/15",2220454628
SDN 189 NEGLASARI KOTA BANDUNG,-6.88846,107.625327,JL. RAYA SADANG SERANG,222535704
SDN 205 NEGLASARI KOTA BANDUNG,-6.8864,107.619,JL. RAYA SADANG SARI NO. 1,0
SD ADVENT II BANDUNG,-6.8832,107.6024,JL. SETIABUDHI NO 1 BANDUNG,222043220
SD AL FALAH,-6.8726,107.6256,JL. CISITU BARU NO.52,2504284
SD AL-AMIN,-6.8811,107.6162,JL. BANGBAYANG NO. 15/157 C,82128159033
SD ALAM BANDUNG,-6.8665,107.6174,JL. CIKALAPA II NO. 4 KP. TANGGULAN DAGO POJOK,2230168875
SD AR-RAHMAN DARUL ILMI,-6.8934,107.615543,JL. IR. H. JUANDA BLK NO. 423,0
SD DARUL HIKAM,-6.87889,107.616276,JL. IR. H. JUANDA 285,222516705
SD PROF. DR. MOESTOPO,-6.8845,107.617,JL. TUBAGUS ISMAIL III NO. 3,222501456
SD SALMAN AL FARISI,-6.8829,107.6222,JL. TUBAGUS ISMAIL VIII NO.42A,222515961
SDN 086 CIMINCRANG KOTA BANDUNG,-6.946,107.7048,JL. CILAMETA NO.1,2263724314
SDN 190 CISARANTEN KIDUL KOTA BANDUNG,-6.9445,107.6852,JL. RIUNG BAKTI 1,0
SDN 215 RANCASAGATAN KOTA BANDUNG,-6.9516,107.6993,JL. RANCASAGATAN 1,0
SDN 216 SONDARIAH KOTA BANDUNG,-6.9649,107.7054,JL. RANCANUMPANG,81220778287
SDN 274 CEMPAKA ARUM KOTA BANDUNG,-6.9576,107.7078,JL. UMAR BIN KHOTOB,227831910
SD ASHFIYA,-6.9452,107.6822,JL. RIUNG MUNGPULUNG I,85316335505
SD ISLAM AL-MUIZZ,-6.9474,107.6897,JL. GEDEBAGE NO. 97,0
SDN 017 SEKEJATI KOTA BANDUNG,-6.9405,107.653,JL. CIDURIAN UTARA NO.18,2287340827
SDN 038 KIARACONDONG KOTA BANDUNG,-6.9334,107.643,JL. IBRAHIM ADJIE NO. 355,2273516118
SDN 083 BABAKAN SURABAYA KOTA BANDUNG,-6.9199,107.6445,JL. H. IBRAHIM ADJIE NO. 159,227231541
SDN 111 PINDAD KOTA BANDUNG,-6.9359,107.6465,JL. PAPANGGUNGAN NO.1,22731514706
SDN 116 CICAHEUM KOTA BANDUNG,-6.9027,107.6572,JL. ANTAPANI NO. 44,227236026
SDN 158 BABAKAN SARI BABAKAN SURABAYA KOTA BANDUNG,-6.9216,107.6462,JL. BABAKAN SARI I NO.173,81294812887
SDN 159 SEKEJATI KOTA BANDUNG,-6.9405,107.6535,JL. CIDURIAN UTARA NO.22,0
SDN 160 SUKALAKSANA KOTA BANDUNG,-6.9105,107.6474,JL. SUKAKARYA NO.109 CICAHEUM,227216834
SDN 161 SUKAPURA KOTA BANDUNG,-6.9301,107.6493,JL. TERUSAN PSM NO.1,227333050
SDN 162 WARUNGJAMBU KIARACONDONG KOTA BANDUNG,-6.9296,107.6456,JL. WARUNG JAMBU NO.28,0
SDN 191 BABAKAN SURABAYA KOTA BANDUNG,-6.9475,107.641,JL. IBRAHIM ADJIE BELAKANG NO.147,227231655
SDN 210 BABAKAN SINYAR KOTA BANDUNG,-6.9282,107.6525,JL. TERUSAN SUKAPURA,227334268
SDN 221 BABAKAN SENTRAL KOTA BANDUNG,-6.9296,107.65,JL. TERUSAN PSM NO.2,2287340371
SD ARRAFI,-6.942,107.6457,JL. SEKEJATI III NO.20,227311009
SD HAS DARUL ILMI,-6.93746,107.659404,JL. CIDURIAN UTARA NO. 179,227335785
SD IGNATIUS SLAMET RIYADI 2,-6.9373,107.6438,JL. KEBON KANGKUNG X,227305824
SD MUHAMMADIYAH 2,-6.9273,107.6481,"JL. KEBON JAYANTI GG. PENSIUN
   KIARACONDONG",227333051
SDN 066 HALIMUN KOTA BANDUNG,-6.9273,107.6249,JL. HALIMUN NO. 46,227333727
SDN 067 NILEM KOTA BANDUNG,-6.936,107.6203,JL. NILEM NO.10,0
SDN 115 TURANGGA KOTA BANDUNG,-6.9315,107.6352,JL. TURANGGA NO. 27,227319616
SDN 119 CIJAGRA KOTA BANDUNG,-6.9446,107.6276,JL. SITU LEMBANG NO. 1,227319490
SDN 135 TURANGGA KOTA BANDUNG,-6.9274,107.629,JL. SALAK NO. 3,227305341
SDN 163 BUAHBATU BARU KOTA BANDUNG,-6.9469,107.6325,JL. BUAHBATU NO. 273,81320575563
SDN 164 KARANGPAWULANG KOTA BANDUNG,-6.9391,107.6285,JALAN KARAWITAN NO. 81,87352601
SDN 202 SURYALAYA KOTA BANDUNG,-6.9445,107.6248,JL. SURYA INDAH NO.81,2287352335
SDN 206 PUTRACO INDAH KOTA BANDUNG,-6.9419,107.6323,JL. RAJAMANTRI KALER NO. 25,227302178
SDN 235 LENGKONG KECIL KOTA BANDUNG,-6.92315,107.615362,JL. LENGKONG KECIL NO. 55,224213041
SDN 257 PELITA KOTA BANDUNG,-6.9439,107.632472,JL. RAJAMANTRI KIDUL NO. 4,2273516454
SD AL AZHAR 36,-6.9274,107.6239,JL. PALASARI NOMOR 09,82115200077
SD BPI,-6.9269,107.624,JL. HALIMUN NO. 40 RT.02 RW.05,227301460
SD BUDI ISTRI,-6.9296,107.6196,JL. SANCANG NO. 4,227312428
SD CIPAERA,-6.9205,107.6241,JL. CIPAERA SELATAN NO. 145/33,87825463616
SD GAGAS CERIA,-6.9206,107.6248,JL. MALABAR NO. 61,7303086
SD IRK,-6.926,107.6167,JL. KARAPITAN 1 NO. 2,224230597
SD KARTIKA X-1,-6.9277,107.6357,JL. JENDERAL GATOT SUBROTO N0. 160,227314739
SD KEMALA BHAYANGKARI 1,-6.932,107.622,JL. PALASARI NO.44,2273511513
SD KRISTEN 5 BPK PENABUR,-6.9257,107.621,JL. GUNTUR 34,7319910
SD MUHAMMADIYAH 1,-6.9328,107.6235,JL. BANTENG DALAM NO. 6,73512531
SD YAYASAN BERIBU,-6.9235,107.6422,JL. B K R NO. 1,7308323
SDN 009 CIKADUT KOTA BANDUNG,-6.9038,107.6657,JL. A.H. NASUTION KM.7 NO. 1,2263735415
SDN 046 SINDANGLAYA KOTA BANDUNG,-6.9037,107.6806,JL. ARCAMANIK NO. 28,227831419
SDN 055 JATIHANDAP KOTA BANDUNG,-6.8996,107.6576,JL. JATIHANDAP NO. 50,227211803
SDN 068 SINDANGLAYA KOTA BANDUNG,-6.9051,107.6806,JL. A.H. NASUTION KM.9 NO.15,2287883826
SDN 084 CIKADUT KOTA BANDUNG,-6.9027,107.6645,JL. JAMARAS 4 NO.101,2263731979
SDN 165 JATIHANDAP KOTA BANDUNG,-6.8983,107.6569,JL. JATIHANDAP GG. MASJID,227235514
SDN 174 PASIR IMPUN KOTA BANDUNG,-6.8983,107.6738,JL. PASIR IMPUN NO. 23,227216482
SDN 175 TANJAKAN KOTA BANDUNG,-6.891,107.6632,JL. JATIHANDAP NO. 64,2287772110
SDN 231 SUKAASIH KOTA BANDUNG,-6.9008,107.6857,JL. SUKA ASIH ATAS IV BANDUNG,227816875
SDN 243 CICABE KOTA BANDUNG,-6.9007,107.6602,JL. H. ABDUL HAMID NO. 66,227236166
SD ABU AZIS,-6.90648,107.573436,JL. JAMARAS IV NO. 11B,227275652
SD AL-IRHAAM GLOBAL ISLAMIC SCHOOL,-6.9067,107.669913,JL. A.H. NASUTION NO. 133,227218666
SD AL-QURAN,-6.89976,107.67531,JL. A.H. NASUTION KM 7NO. 247,2287789504
SD TUNAS UNGGUL,-6.8944,107.6787,JL. PASIR IMPUN NO. 94,87789420
SDN 105 SUKARELA KOTA BANDUNG,-6.9262,107.7049,JL. PASANGGRAHAN IX,227816661
SDN 258 SUKARELA KOTA BANDUNG,-6.923,107.7009,JL. PANYAWANGAN NO. 7,227816153
SDN 262 PANYILEUKAN KOTA BANDUNG,-6.942,107.7165,KOMP. BUMI PANYILEUKAN F.1,2287820537
SDN 268 PANYILEUKAN KOTA BANDUNG,-6.9456,107.7143,KOMP. BUMI PANYILEUKAN G.15 NO. 23 RT. 01 RW. 07,2287882549
SDN 271 PANGHEGAR KOTA BANDUNG,-6.9298,107.698,JL. PAMEKAR BARAT NO. 5,0
SD INTELIGENSIA,0,0,JL. A.H NASUTION NO. 242,81223344511
SD JUARA,-6.9397,107.7119,JL. TERS. PANYILEUKAN RT.04/13,8112312210
SD MUHAMMADIYAH 8,-6.9158,107.7044,JL. A. H. NASUTION 168 BANDUNG,7806023
SD SAINS AL BIRUNI,-6.938,107.7129,JL. RAYA PANYILEUKAN NO. 11,7807681
SDN 069 CIPAMOKOLAN DERWATI KOTA BANDUNG,-6.9651,107.683,JL. DERWATI NO. 40,22787309090
SDN 087 RANCABOLANG KOTA BANDUNG,-6.9501,107.6622,JL. RANCABOLANG INDAH NO.1,227514602
SDN 122 CIJAWURA KOTA BANDUNG,-6.9604,107.663,JL. CIJAWURA,227503953
SDN 222 PASIRPOGOR KOTA BANDUNG,-6.9616,107.6628,JL. PASIR SUCI NO.8,228759342
SDN 263 RANCALOA KOTA BANDUNG,-6.9467,107.6762,JL. CIPAMOKOLAN NO. 62,227513422
SD ASY-SYIFA 1,-6.9511,107.667,JALAN SATURNUS TIMUR NO. 94,227564156
SD BINAR INDONESIA,-6.9521,107.6618,JL. RANCABOLANG NO. 241,2287310227
SD CERDAS MULIA EKSELENSIA,-6.95638,107.677865,JL. RAHAYU RAYA II BLOK RANCACILI,2287528060
SD IT AL FITRAH,-6.94491,107.670176,JL. MERKURI TIMUR NO. 1,227567439
SDN 008 MOHAMAD TOHA KOTA BANDUNG,-6.9299,107.6067,JL. MOHAMAD TOHA NO. 22,81320255117
SDN 020 LENGKONG BESAR KOTA BANDUNG,-6.936,107.62,JL. LENGKONG BESAR NO.139,0
SDN 033 ASMI KOTA BANDUNG,-6.9295,107.608,JL. ASMI NO. 2,5222037
SDN 047 BALONGGEDE KOTA BANDUNG,-6.9246,107.6075,JL. BALONGGEDE NO. 49,81220089933
SDN 070 PASIRLUYU KOTA BANDUNG,-6.9397,107.6187,JL. PASIRLUYU NO.164/205A,0
SDN 112 PAMOYANAN KOTA BANDUNG,-6.9528,107.6119,JL. MOCH. TOHA BELAKANG NO. 325,0
SDN 120 KOTABARU KOTA BANDUNG,-6.9357,107.6093,JL. KOTA BARU III NO.13,0
SDN 123 BABAKAN PRIANGAN KOTA BANDUNG,-6.9469,107.6134,JL. BABAKAN PRIANGAN NO.29,0
SDN 166 CIATEUL KOTA BANDUNG,-6.9318,107.6118,JL. IBU INGGIT GARNASIH NO.159,225211958
SDN 167 MENGGER GIRANG KOTA BANDUNG,-6.9519,107.6167,JL. MENGGER GIRANG III NO. 4,2242821008
SDN 192 CIBURUY KOTA BANDUNG,-6.9561,107.6145,JL. CIBURUY KAV. 59,0
SDN 211 BABAKAN PRIANGAN KOTA BANDUNG,-6.9456,107.6128,JL. SRIWIJAYA,225222353
SDN 223 BHAKTI WINAYA KOTA BANDUNG,-6.9413,107.6211,JL. PASIRJAYA VI NO. 1,225229664
SD ASSALAAM,-6.9257,107.6076,JL. SASAKGANTUNG NO. 1-3,224201338
SD BINA TALENTA,-6.9399,107.6125,JL. KEMBAR BARU UTARA NO.4 BANDUNG,225208123
SD DEWI SARTIKA,-6.9255,107.6042,JL. KAUTAMAAN ISTRI NO.12,224214290
SD DIAN KENCANA,-6.9379,107.6087,JL. BKR NO. 167,5227047
SD KRISTEN KALAM KUDUS,-6.9323,107.6086,JL. IBU INGGIT GARNASIH NO. 108 .,225200573
SD NUGRAHA,-6.9512,107.6112,JL. PLN DALAM NO. 4,88885318
SD PLUS AL FATWA,-6.9506,107.6134,JL. PLN CIGERELENG NO. 21,2242821035
SD REHOBOTH,-6.9252,107.606,JL. RD. DEWI SARTIKA NO. 36-38,4234384
SD YOS SUDARSO,-6.9296,107.6072,JL. MOHAMAD TOHA NO. 19,225212151
SDN 018 SUKAGALIH KOTA BANDUNG,-6.8961,107.6022,JL. SUKAGALIH NO. 69,222043130
SDN 048 SIRNAMANAH KOTA BANDUNG,-6.8883,107.5979,JL. SIRNAMANAH NO. 4,2264401171
SDN 071 SUKAGALIH KOTA BANDUNG,-6.8927,107.5923,JL. SUKAGALIH NO.108,2042127
SDN 072 SUKASARI KOTA BANDUNG,-6.8913,107.5802,JL. DR. DJUNDJUNAN NO. 79,226610369
SDN 076 SUKAJADI KOTA BANDUNG,-6.8899,107.5971,JL. SUKAJADI NO. 138,64404578
SDN 077 SEJAHTERA KOTA BANDUNG,-6.89304,107.601052,JL. SEJAHTERA NO. 12,2039931
SDN 096 SARIJADI SELATAN KOTA BANDUNG,-6.8836,107.5734,"JL. SARIMADU BAWAH, SARIJADI BLOK 26",222020774
SDN 136 SUKAWARNA KOTA BANDUNG,-6.8822,107.5784,JL. SARIWANGI NO. 1,0
SDN 193 CARINGIN KOTA BANDUNG,-6.8896,107.5859,JL. SUKAMULYA NO.46,0
SDN 194 SUKAJADI KOTA BANDUNG,-6.8833,107.5946,JL. KARANG TINEUNG NO. 5A,222060300
SDN 207 CIBOGO KOTA BANDUNG,-6.8856,107.5792,JL. CIBOGO NO. 78,8.95E+11
SDN 208 LUGINASARI SUKAGALIH KOTA BANDUNG,-6.8912,107.5951,JL. SUKAGALIH KOMPLEK POLRI,222030044
SDN 272 SUKASARI KOTA BANDUNG,-6.88816,107.582331,JL. SUKAKARYA NO. 19,222012989
SD AL IKHLAS,-6.8849,107.5941,JLN. KARANG TINEUNG DALAM NO. 84,2282062747
SD CEMARA,-6.8853,107.5989,JL. CEMARA SELATAN NO. 358 / 181,81221875875
SD CITRA WINAYA,-6.8918,107.5912,JL. CIPEDES NO. 8,0
SD GIKI,-6.881,107.5967,JL. KARANGSARI NO. 29,222042029
SD IBNU TAIMIYAH,-6.8919,107.5927,JL. SUKAGALIH GG. H. GOJALI 02/07,2039087
SD MUHAMMADIYAH 4,-6.8914,107.5928,JL. SUKAGALIH GG. H. GOJALI NO. 134,222036179
SD SEMI PALAR,-6.89483,107.595397,JL. SUKAMULYA NO.77-79,2270173412
SD UCHUWWATUL ISLAM,-6.89704,107.596326,JL. PASIRKALIKI GG. H. ENTO,222018699
SDN 097 CIRATEUN KULON KOTA BANDUNG,-6.8437,107.5977,"JL. DR. SETIABUDI KM. 10,7",222003214
SDN 100 CIPEDES KOTA BANDUNG,-6.8694,107.5877,JL. GEGERKALONG HILIR NO. 79,2011271
SDN 137 CIJEROKASO KOTA BANDUNG,-6.8711,107.5809,JL. SARIJADI RAYA NO.73,222021923
SDN 138 GEGERKALONG GIRANG KOTA BANDUNG,-6.8608,107.5866,JL. GEGER ARUM NO. 11B,2014737
SDN 139 SUKARASA KOTA BANDUNG,-6.8685,107.5864,JL. GEGERKALONG HILIR NO. 82,20244928
SDN 176 CILANDAK KOTA BANDUNG,-6.8756,107.5805,JL. SARIJADI BLOK I,2282027171
SDN 177 CIPEDES KOTA BANDUNG,-6.8692,107.5878,JL. SETRASARI TENGAH NO.15,222012267
SDN 178 GEGERKALONG KPAD KOTA BANDUNG,-6.8665,107.5818,JL. MANUNGGAL KPAD,222002945
SDN 179 SARIJADI KOTA BANDUNG,-6.88073,107.574931,JL. SARIMANIS BLOK 17,222002135
SDN 195 ISOLA KOTA BANDUNG,-6.8639,107.5922,JL. GEGERKALONG GIRANG NO.12,222017869
SDN 196 SUKARASA KOTA BANDUNG,-6.86564,107.587933,JL. PAK GATOT V KPAD,222010421
SDN 212 HARAPAN KOTA BANDUNG,-6.8653,107.5884,JL. PAK GATOT VI KPAD,222004661
SDN 217 SARIJADI KOTA BANDUNG,-6.8782,107.5801,KOMP. PERUM SARIJADI BLOK 4 NO. 100,2282025141
SDN 218 SARIJADI KOTA BANDUNG,-6.8766,107.5769,KOMP. PERUM SARIJADI BLOK 8 NO.11,2282001311
SDN 252 SETIABUDI KOTA BANDUNG,-6.88,107.5789,JL. SARIRASA BLOK IV SARIJADI,222013447
SD BIANGLALA,-6.8756,107.5957,JL. SARI ENDAH 19 A GEGERKALONG HILIR,222008676
SD ISLAM AL AZHAR 30,-6.8763,107.5745,JL. TIRTASARI III NO. 1,222015451
SD LABORATORIUM PERCONTOHAN UPI,-6.86169,107.591472,JL. SENJAYA GURU NO.04,0
SD MIFTAHUL IMAN,-6.8546,107.5936,JL SETIABUDHI 179/171 A,222010399
SD PELITA NUSANTARA,-6.8671,107.596,JL. SUKA ASIH 61 A SETIABUDHI,2220389334
SD SANTO ALOYSIUS SUKASARI,-6.8762,107.6043,JL. SUKAJADI 223,222038785
SD TEMASEK INDEPENDENT SCHOOL,-6.86505,107.590841,JL. SINDANG SIRNA NO. 8,222031381
SDN 001 MERDEKA KOTA BANDUNG,-6.9156,107.61,JL. MERDEKA NO. 9,224231251
SDN 034 PATRAKOMALA KOTA BANDUNG,-6.912,107.6214,JL. PATRAKOMALA NO.63,0
SDN 035 SOKA KOTA BANDUNG,-6.9155,107.6289,JL. SOKA NO. 34,227202333
SDN 088 EMBONG KOTA BANDUNG,-6.9216,107.6132,JL. EMBONG NO.6,4210608
SDN 113 BANJARSARI KOTA BANDUNG,-6.91343,107.61077,JL. MERDEKA NO. 22,4231594
SD 3 KRISTEN PAULUS,-6.911,107.6179,JL. LOMBOK NO. 7,224200244
SD ADVENT NARIPAN,-6.9186,107.6123,JL.NARIPAN NO.91,224234027
SD BANDUNG ISLAMIC SCHOOL,-6.93495,107.62337,JL. VAN DEVENTER NO.12,0
SD KARTIKA XIX - 1,-6.9127,107.6185,JL. BANGKA NO.3,82249566638
SD PARDOMUAN,-6.9108,107.6185,JL. LOMBOK NO. 7,0
SD SANTA ANGELA,-6.9126,107.6115,JL. MERDEKA NO. 24,224214736
SD SANTO YUSUP,-6.9149,107.6111,JL. JAWA NO. 2 - 4,224202336
SD SEQUOIA NASIONAL PLUS,-6.90883,107.605955,JL. ACEH NO. 6,2287804850
SDN 021 CIPOREAT KOTA BANDUNG,-6.9174,107.7062,JL. A.H. NASUTION NO. 29,7831464
SDN 036 UJUNGBERUNG KOTA BANDUNG,-6.9129,107.702,JL. CIGENDING NO. 3,8112261733
SDN 106 AJITUNGGAL CIJAMBE KOTA BANDUNG,-6.909,107.6928,JL. TERUSAN SUKUP NO. 5,227838096
SDN 107 PALEDANG KOTA BANDUNG,-6.9093,107.7094,JL. NAGROG III NO. 8,227831951
SDN 224 CIJAMBE KOTA BANDUNG,-6.9095,107.6925,JL. SUKUP BARU NO. 18,227837926
SDN 225 MEKARGALIH KOTA BANDUNG,-6.9081,107.7148,JL. SEKEMALA NO. 73,8221830570
SDN 253 PANGGUNGSARI KOTA BANDUNG,-6.9089,107.7022,JL. TERITORIAL NO.112,0
SD PLUS BAITURRAHMAN,-6.9087,107.7066,JL. PROF. KH. M. SYADELI HASAN NO. 44 NAGROG II,81310008856
SDN 001 MERDEKA KOTA BANDUNG,-6.9156,107.61,JL. MERDEKA NO. 9,224231251
SDN 009 CIKADUT KOTA BANDUNG,-6.9038,107.6657,JL. A.H. NASUTION KM.7 NO. 1,2263735415
SDN 016 DR. CIPTO PAJAJARAN KOTA BANDUNG,-6.9062,107.5998,JL. PAJAJARAN NO.58 / DR. CIPTO NO.4,224265015
SDN 015 KRESNA KOTA BANDUNG,-6.9098,107.5928,JL. KRESNA NO. 47,226010996
SDN 008 MOHAMAD TOHA KOTA BANDUNG,-6.9299,107.6067,JL. MOHAMAD TOHA NO. 22,85861815888
SDN 011 CIBUNTU KOTA BANDUNG,-6.9192,107.5762,JL. HOLIS NO.31,6044334
SDN 010 CIDADAP KOTA BANDUNG,-6.8645,107.5945,JL. DR. SETIABUDHI NO. 234,22082005741
SDN 012 BABAKAN CIPARAY KOTA BANDUNG,-6.9453,107.5834,JL. CARINGIN NO.106,82130168612
SDN 013 PASIRKALIKI KOTA BANDUNG,-6.9079,107.5978,JALAN HOS COKROAMINOTO NO. 110,224204556
SDN 014 CIGONDEWAH KOTA BANDUNG,-6.9345,107.5635,JL. CIGONDEWAH KALER NO. 15,2220567506
SDN 007 CIPAGANTI KOTA BANDUNG,-6.8948,107.6029,JL. SASTRA NO. 11,222043369
SDN 006 BUAHBATU KOTA BANDUNG,-6.9517,107.6409,JL. H. IBRAHIM ADJIE NO. 45,227563975
SDN 005 BABAKAN CIPARAY KOTA BANDUNG,-6.948,107.5876,JL. KOPO NO. 440,2254418885
SDN 004 CISARANTEN KULON KOTA BANDUNG,-6.9248,107.6834,JL. CISARANTEN KULON NO.129,2287884871
SDN 003 PAGARSIH KOTA BANDUNG,-6.9231,107.5944,JL. PAGARSIH NO. 77,226021395
SDN 002 KARANGMULYA KOTA BANDUNG,-6.9125,107.5804,JL. RAJAWALI SAKTI NO. 226,226039074
SDN 101 SUKAKARYA KOTA BANDUNG,-6.9072,107.6754,JL. SAHARDJO,2263729775
SDN 201 SUKALUYU KOTA BANDUNG,-6.8953,107.6319,JL. RERENG ADUMANIS NO.2A,222512610
SD ANGKASA 1,-6.9056,107.5861,JL. PAJAJARAN NO. 150,2220569901
SD ANDIR MUKTI,-6.9136,107.5706,JL. JEND. SUDIRMAN BLK 799,2220594906
SD ALFA CENTAURI,-6.9276,107.6231,JL. TERATE NO. 10,227310894
SD ALAM BANDUNG,-6.8665,107.6174,JL. CIKALAPA II NO. 4 KP. TANGGULAN DAGO POJOK,2220458742
SD AL-QURAN,-6.89976,107.67531,JL. A.H. NASUTION KM 7NO. 247,2287789504
SD AL-IRHAAM GLOBAL ISLAMIC SCHOOL,-6.9067,107.669913,JL. A.H. NASUTION NO. 133,2263761735
SD AL-IHSAN ISLAMIC SCHOOL,-6.93376,107.679076,JL. CISARANTEN BARU I NO. 11,81320975696
SD AL-HUNAFA,0,0,JL. NEGLA SENANG I,0
SD MALEBER BARAT,-6.9106,107.5765,JL. MALEBER BARAT GG. WIBAWA III NO. 7,82126906480
SD KRISTEN TRIMULIA,-6.8953,107.5899,JL. KEBONJATI 145,226030547
SD LPPN,-6.9158,107.5855,JL. RAJAWALI TIMUR NO. 76,0
SD LINGGAWASTU,-6.9022,107.6059,JL. LINGGAWASTU NO. 8 A,0
SD KUNTUM CEMERLANG,-6.8624,107.6029,JL. CIPAKU INDAH 11 NO.2,2005668
SD KRISTEN YAHYA,-6.9044,107.6172,JL. PROGO NO. 4,224234747
SD YPI,-6.9016,107.5956,JL. MUHAMMAD NO. 17 BANDUNG,0
SD LABORATORIUM PERCONTOHAN UPI,-6.86169,107.591472,JL. SENJAYA GURU NO.04,0
SD KRISTEN TRIMULIA HITS,-6.8953,107.5899,JL. DR. DJUNJUNAN NO. 105,2286061577
SD YPU,-6.9241,107.629,JL. CUKANG JATI NO. 5,82316988254
SD YKPPK,-6.9058,107.6051,JL. CIHAMPELAS BLK NO. 14,8956488895
SD YOS SUDARSO,-6.9296,107.6072,JL. MOHAMAD TOHA NO. 19,225212151
SD YAYASAN BERIBU,-6.9235,107.6422,JL. B K R NO. 1,7308323
SD YWKA REL HOMY SCHOOL,-6.9126,107.577,JL. RAJAWALI I NO. 5,6032573
SD YAKESWA,-6.9014,107.6027,JL. DR. HATTA 54/29 B,224241463
SD YAYASAN ATIKAN SUNDA,-6.901,107.6472,JL. PHH. MUSTOFA NO. 115,2220541426
SD YAMI,-6.9509,107.609,JL.KARASAK BARU NO.16 BANDUNG,225222362
SD WINDU PUTRA,-6.9073,107.5713,JL. BABAKAN CIBEREUM NO.142,81395471008
SD UCHUWWATUL ISLAM,-6.89704,107.596326,JL. PASIRKALIKI GG. H. ENTO,222018699
SD TRIKARSA,-6.9191,107.644,JL. SAMSI NO. 123/125 C,85220765582
SD TIARA BUNDA,-6.9525,107.6343,JL. BATUNUNGGAL INDAH I 74-76,227510654
SD TERANG NUSANTARA,-6.9225,107.5857,JL. JAMIKA NO. 88,226072222
SD TEMASEK INDEPENDENT SCHOOL,-6.86505,107.590841,JL. SINDANG SIRNA NO. 8,222031381
SD TERPADU KRIDA NUSANTARA,-6.9237,107.721,JL. DESA CIPADUNG,227830509
SD TULUS KARTIKA,-6.9487,107.6623,JL. RANCABOLANG NO. 140,2287529201
SD SURYANI DWI MARGA,-6.9233,107.5806,JL. TERUSAN SURYANI NO.16/A - 191/C,6120828
SD TUNAS UNGGUL,-6.8944,107.6787,JL. PASIR IMPUN NO. 94,87789420
SD SWADAYA 1,-6.9223,107.5888,JL. PAGARSIH NO. 181 E,226075279
SD SEQUOIA NASIONAL PLUS,-6.90883,107.605955,JL. ACEH NO. 6,2287804850
SD SEMI PALAR,-6.89483,107.595397,JL. SUKAMULYA NO.77-79,2270173412
SD TARUNA BAKTI,-6.9063,107.6184,JL. LL. RE. MARTADINATA NO. 52,224261571
SD SANTO ALOYSIUS SUKASARI,-6.8762,107.6043,JL. SUKAJADI 223,222038785
SD SANTO ALOYSIUS BANDUNG KIDUL,-6.9499,107.632,JL. BATUNUNGGAL INDAH II/30,227511670
SD SANTO ALOYSIUS TR,-6.9133,107.6127,JL. TRUNOJOYO NO. 3,224235536
SD SALUYU,-6.9313,107.5879,KP. SITUGUNTING NO. 309/194 A,81221996405
SD SEJATI,-6.8985,107.643,JL. CIKUTRA SUKASARI II NO.20,87823210987
SD SURUUR,-6.8822,107.6024,JL. HEGARMANAH TENGAH NO. 1A,222037080
SD SANTO AGUSTINUS,-6.9139,107.6329,JL. AHMAD YANI NO 273,227217631
SD SANTO YUSUP,-6.9149,107.6111,JL. JAWA NO. 2 - 4,224202336
SD SANTA URSULA,-6.913,107.6331,JL. BENGAWAN NO.2,7201774
SD SANTO YUSUP I,-6.9014,107.6441,JL. CIKUTRA NO 5,7231759
SD SANTA ANGELA,-6.9125,107.6109,JL. MERDEKA NO. 24,224214736
SD RAJAWALI,-6.9131,107.5837,JL. ANDIR NO 117A/78 BANDUNG,82115111670
SD REHOBOTH,-6.9252,107.606,JL. RD. DEWI SARTIKA NO. 36-38,4234384
SD RANCAKASUMBA,-6.9341,107.6802,JL. SUMBERSARI NO. 104,0
SD SAINS AL BIRUNI,-6.938,107.7129,JL. RAYA PANYILEUKAN NO. 11,7807681
SD PROF. DR. MOESTOPO,-6.8845,107.617,JL. TUBAGUS ISMAIL III NO. 3,222501456
SD SALMAN AL FARISI,-6.8829,107.6222,JL. TUBAGUS ISMAIL VIII NO.42A,222515961
SD PELITA NUSANTARA,-6.8671,107.596,JL. SUKA ASIH 61 A SETIABUDHI,2220389334
SD PELITA JASA,-6.9115,107.5867,JL. KOMUD. SUPADIO GG. HANURA NO.13,81214505099
SD PRASISTHA,-6.9178,107.5857,JL. ANDIR RI WINATA NO. 15,226040430
SD PERTIWI,-6.8976,107.6071,JL. KEBON BIBIT NO. 16,222512048
SD PLUS BAITURRAHMAN,-6.9087,107.7066,JL. PROF. KH. M. SYADELI HASAN NO. 44 NAGROG II,81310008856
SD PLUS AL FATWA,-6.9506,107.6134,JL. PLN CIGERELENG NO. 21,2242821035
SD PRIANGAN ISTIQAMAH,-6.90676,107.628363,JL. BAROS NO.1,227275494
SD RABBANI,-6.93182,107.672343,JALAN JATI,20507186
SD PARDOMUAN,-6.9108,107.6185,JL. LOMBOK NO. 7,0
SD PLUS AL GHIFARI,-6.934,107.6794,JL. CISARANTEN KULON NO. 140,227806223
SD PELITA FAJAR,-6.9215,107.597,JL. JENDRAL SUDIRMAN 467,226001456
SD PELITA BANGSA,-6.948,107.6047,JL. SOEKARNO HATTA NO. 391,225201214
SD PELITA,-6.9087,107.6351,JL. CITAMIANG NO. 43,0
SD PASUNDAN 3,-6.9274,107.5849,JL. BABAKAN CIPARAY NO.112/194 A,0
SD PANGKALAN,-6.9519,107.578,JL. CIBOLERANG NO. 02,0
SD PASUNDAN 2,-6.9275,107.5854,JL. BABAKAN CIPARAY NO. 112 / 194 A,6026149
SD PANDU,-6.9052,107.5932,JL. PANDU NO. 6,226021743
SD NUGRAHA,-6.9512,107.6112,JL. PLN DALAM NO. 4,88885318
SD MUTIARA,-6.9075,107.5779,JL. MALEBER UTARA NO.37,226010563
SD MUHAMMADIYAH 6,-6.86305,107.620949,JL. IR.H. JUANDA KP. BENGKOK,0
SD MUHAMMADIYAH 2,-6.9273,107.6481,"JL. KEBON JAYANTI GG. PENSIUN
   KIARACONDONG",227333051
SD MUTIARA BUNDA,-6.9103,107.6708,JL. ARCAMANIK ENDAH NO.3,227216578
SD MUHAMMADIYAH 5,-6.94,107.5957,JL. LEUWIPANJANG NO. 24,225233404
SD MUHAMMADIYAH 8,-6.9158,107.7044,JL. A. H. NASUTION 168 BANDUNG,7806023
SD MUHAMMADIYAH 4,-6.8914,107.5928,JL. SUKAGALIH GG. H. GOJALI NO. 134,222036179
SD MUHAMMADIYAH 1,-6.9328,107.6235,JL. BANTENG DALAM NO. 6,73512531
SD MUHAMMADIYAH 3,-6.9023,107.653,JL. PHH MUSTOPA,20526830
SD MUHAMMADIYAH 7,-6.9177,107.6553,JL. KADIPATEN RAYA NO 4-6,227214139
SD MIFTAHUL IMAN,-6.8546,107.5936,JL SETIABUDHI 179/171 A,222010399
SD MALEBER UTARA,-6.9071,107.5775,JL. MALEBER UTARA NO.5,0
SD MELANIA,-6.9008,107.6238,JL. MELANIA NO. 1-3,227204816
SD MALEBER SELATAN,-6.912,107.5751,JL. RAJAWALI GG. LATIFAH,82128284174
SD MATHLAUL KHOERIYAH,-6.903,107.6067,JL. TAMANSARI BAWAH NO. 60,4217645
SD KRISTEN PELITA,-6.9329,107.5717,JL. HOLIS NO. 300,226023009
SD MARIA BINTANG LAUT,-6.9163,107.5911,JL. KEBONJATI NO.209 BANDUNG,226019388
SD KRISTEN HIDUP BARU,-6.8658,107.606,JL. CIUMBULEUIT NO.160,222031739
SD KRISTEN DIAN EMAS,-6.9383,107.6043,JL. MUARA BARAT NO.2,5228858
SD KRISTEN KALAM KUDUS,-6.9323,107.6086,JL. IBU INGGIT GARNASIH NO. 108 .,225200573
SD KRISTEN BPPK,-6.9071,107.5941,JL. PAJAJARAN NO. 91,226006191
SD KRISTEN GAMALIEL,-6.9206,107.6048,JL. JENDRAL SUDIRMAN NO. 205-207,226003553
SD KRISTEN BPK PENABUR SINGGASANA,-6.957,107.6146,JL. INDRA PRAHASTA TIMUR NO.2 BANDUNG,225436322
SD KRISTEN BAPTIS,-6.9041,107.6065,JL. WASTUKENCANA NO. 40,224263854
SD KRISTEN BPK PENABUR TAMAN HOLIS INDAH,-6.9463,107.5696,KOMP. TAMAN HOLIS INDAH BLOK A,226003615
SD KRISTEN 2 BINA BAKTI,-6.9097,107.601,JL. BIMA NO. 9,226034388
SD KRISTEN 1 BINA BAKTI,-6.9086,107.5991,JL. BIMA NO. 9,226015168
SD KRISTEN 5 BPK PENABUR,-6.9257,107.621,JL. GUNTUR 34,7319910
SD KEMALA BHAYANGKARI 1,-6.932,107.622,JL. PALASARI NO.44,2273511513
SD KEMAH INDONESIA,-6.9251,107.5941,JL. PAGARSIH GG. ONONG NO.183/89,2286060862
SD KRISTEN 6 BPK PENABUR,-6.9171,107.5779,JL. JEND. SUDIRMAN 638,226012483
SD KASIH BANGSA,-6.9469,107.5605,TAMAN HOLIS INDAH BLOK G,20585430
SD KARTIKA XIX - 1,-6.9127,107.6185,JL. BANGKA NO.3,82249566638
SD KARAKTER AZ-ZAHRA,-6.8902,107.6605,JL. PASIRLAYUNG ASRI NO. 15,87241567
SD KRISTEN 1 BPK PENABUR,-6.9196,107.5952,JL. JEND.SUDIRMAN 246,6000136
SD JEMBAR,-6.9235,107.6441,JL. JATINEGARA NO. 1,85759068801
SD KARTIKA X-1,-6.9277,107.6357,JL. JENDERAL GATOT SUBROTO N0. 160,227314739
SD JUARA,-6.9397,107.7119,JL. TERS. PANYILEUKAN RT.04/13,8112312210
SD ITQAN ISLAMIC SCHOOL,-6.8932,107.6572,"JALAN PADASUKA NO. 160 KEC. CIBEUNYING KIDUL, KOTA BANDUNG 40192",85793837300
SD IT INSAN CERMAT,-6.9097,107.7283,JL. KP. CIGAGAK WETAN NO. 65,2263700863
SD IT AL-FAJAR,-6.9669,107.642,JL. BUANA SARI IV NO. 18-21,227511870
SD IT AL-HIDAYAH LOGAM,-6.9571,107.6439,JL. LOGAM NO. 12,2287507287
SD ISTIQAMAH,-6.9047,107.6212,JL. TAMAN CITARUM,224209634
SD ISLAM AL AZHAR 62 SUMMARECON BANDUNG,0,0,JL. KOMPLEK SUMMARECON GEDEBAGE NO. 001,0
SD ISLAM TERPADU AMANAH UMMAH,0,0,JL. CICUKANG NO. 54,0
SD ISLAM AL-MUIZZ,-6.9474,107.6897,JL. GEDEBAGE NO. 97,0
SD ISLAM MUTIARA HATI,-6.9206,107.6667,JL. TERUSAN CIKAJANG RAYA,227273245
SD INTELIGENSIA,-6.92115,107.70926,JL. A.H NASUTION NO. 242,81223344511
SD ISLAM TERPADU AL IRSYAD,-6.8928,107.6415,JL. AL-IRSYAD CIKUTRA RT. 09 RW. 02 KOTA BANDUNG 40124,227271966
SD ISLAM TERPADU LUQMANUL HAKIM,-6.9324,107.6759,JL. CINGISED KOMP. PEMDA KAV. D13-D15,2287821297
SD IT AL FITRAH,-6.94484,107.670154,JL. MERKURI TIMUR NO. 1,227567439
SD ISLAM CENDEKIA MUDA,-6.9213,107.6752,JL. PURI AYU PRATAMA NO. 17,227102888
SD IRK,-6.926,107.6167,JL. KARAPITAN 1 NO. 2,224230597
SD INTAN AL-SALI,-6.90702,107.725641,JL. PASANGGRAHAN INDAH NO. 15,2263744941
SD INDUSTRI,-6.9126,107.5948,JL. INDUSTRI DALAM NO. 2,226120020
SD ISLAM AL AZHAR 30,-6.8763,107.5745,JL. TIRTASARI III NO. 1,222015451
SD GRACIA 2,-6.9281,107.5949,JL. PAGARSIH NO. 256,226017100
SD IBNU TAIMIYAH,-6.8919,107.5927,JL. SUKAGALIH GG. H. GOJALI 02/07,2039087
SD HAS DARUL ILMI,-6.93746,107.659404,JL. CIDURIAN UTARA NO. 179,227335785
SD HARAPAN KASIH,-6.95423,107.602365,JL. MEKAR KENCANA NO. 2A KOMPLEK MEKAR WANGI,2287787262
SD IGNATIUS SLAMET RIYADI 2,-6.9373,107.6438,JL. KEBON KANGKUNG X,227305824
SD IGNATIUS SLAMET RIYADI,-6.9255,107.6318,JL. GATOT SUBROTO 221 BANDUNG,227330049
SD GIKI,-6.881,107.5967,JL. KARANGSARI NO. 29,222042029
SD GANESHA,-6.9359,107.6066,JL. MUHAMAD TOHA NO. 84,5206994
SD DWISAKTI,-6.9102,107.5774,JL. LAKSMUD. NURTANIO NO.58,226011301
SD EDU GLOBAL,-6.90388,107.612557,JL. CITARUM NO. 35,20523705
SD DWI AMANAT,-6.9223,107.5877,JL. PAGARSIH NO. 205,6021207
SD DEWI SARTIKA,-6.9255,107.6042,JL. KAUTAMAAN ISTRI NO.12,224214290
SD DIAN KENCANA,-6.9379,107.6087,JL. BKR NO. 167,5227047
SD GAGAS CERIA,-6.9206,107.6248,JL. MALABAR NO. 61,7303086
SD DAARUL HIKMAH BANDUNG,-6.91127,107.66611,JL. CIKAMPEK RAYA NO. 17,8122023600
SD EL FITRA,-6.9248,107.665,JL. CIBODAS RAYA NO. 49,2287831182
SD DARUL HIKAM INTEGRATED SCHOOL,-6.9054,107.6285,JL. BRIGJEN KATAMSO NO. 07,2220531676
SD CITRA WINAYA,-6.8918,107.5912,JL. CIPEDES NO. 8,0
SD CITRA CEMARA,-6.9192,107.5736,JL. SOEKARNO HATTA NO. 22,226123475
SD CIPTA KARYA,-6.9216,107.6364,JL. JEMBATAN OPAT CIBANGKONG LOR NO. 34 BANDUNG,81222009993
SD DARUL HIKAM,-6.87889,107.616276,JL. IR. H. JUANDA 285,222516705
SD CIPAERA,-6.9205,107.6241,JL. CIPAERA SELATAN NO. 145/33,87825463616
SD CEMARA,-6.8853,107.5989,JL. CEMARA SELATAN NO. 358 / 181,81387114374
SD CAHAYA NUSANTARA,-6.9295,107.5682,KOMP. TAMAN BURUNG B 02 GEMPOL SARI,226076904
SD CERDAS MUTHAHHARI,-6.9213,107.6717,JL. LAYAR NO. 17,2287241063
SD CERDAS MULIA EKSELENSIA,-6.95638,107.677865,JL. RAHAYU RAYA II BLOK RANCACILI,2287528060
SD CAHAYA PELITA,-6.9275,107.5854,JL. BABAKAN CIPARAY NO. 251/194 A,2286061384
SD BUDI SASTRA,-6.9543,107.6002,JL. WARNA CINTA NO. 98,0
SD BUDI ISTRI,-6.9296,107.6196,JL. SANCANG NO. 4,227312428
SD BUDI ASIH,-6.9519,107.6466,JL. CIPAGALO GIRANG,227531013
SD BODHI SINAR TERANG,-6.91243,107.583537,JL. JEND. SUDIRMAN NO. 478 - 480,6125669
SD BPMD TARUNA,-6.9153,107.5773,JL. HASAN ALI NO. 64 A/76,6044336
SD BINA TALENTA,-6.9399,107.6125,JL. KEMBAR BARU UTARA NO.4 BANDUNG,225208123
SD BINAR INDONESIA,-6.9521,107.6618,JL. RANCABOLANG NO. 241,2287310227
SD BPI,-6.9269,107.624,JL. HALIMUN NO. 40,227301460
SD BINEKAS,-6.90364,107.658246,BUAH BATU REGENCY G7-7,81395221590
SD BIANGLALA,-6.8756,107.5957,JL. SARI ENDAH 19 A GEGERKALONG HILIR,222008676
SD BANDUNG RAYA,-6.9226,107.5691,JL. CIJERAH NO. 151,81322450839
SD BINTANG MADANI,-6.9036,107.6807,JL. TERUSAN PESANTREN NO. 102,227211124
SD BINTANG MULIA,-6.9536,107.6021,JL. MEKAR KENCANA NO.1,225233890
SD BALA KESELAMATAN,-6.9222,107.6042,JL. GARDUJATI NO. 89,226013297
SD BANDUNG ISLAMIC SCHOOL,-6.93495,107.62337,JL. VAN DEVENTER NO.12,0
SD ATTAZHIMIYAH,-6.9448,107.5655,BLOK PESANTREN RT.01 RW.04,0
SD AZ-ZAKIYAH,-6.9449,107.6495,JL. CIJAWURA GIRANG IV NO.2,227503784
SD BAITUL HIKMAH,-6.9212,107.565,JL. MEKAR INDAH NO. 2B,20563364
SD ASY-SYIFA 2,-6.9274,107.6627,JL. RANDUSARI V,7276439
SD ASY-SYIFA 1,-6.9511,107.667,JALAN SATURNUS TIMUR NO. 94,227564156
SD AR-RAHMAN DARUL ILMI,-6.8934,107.615543,JL. IR. H. JUANDA BLK NO. 423,0
SD AL-AMIN,-6.8811,107.6162,JL. BANGBAYANG NO. 15/157 C,8814537157
SD ASSALAAM,-6.9257,107.6076,JL. SASAKGANTUNG NO. 1-3,224201338
SD ASHFIYA,-6.9452,107.6822,JL. RIUNG MUNGPULUNG I,85316335505
SD AL KENZIE,-6.9594,107.657502,JL. KP. MARGAASIH - CIJAWURA,0
SD AL- HIDAYAH,-6.8727,107.6084,JL. RANCABULAN NO. 7 RANCABENTANG,8976632920
SD ANGKASA 3,-6.899,107.5865,JL. ZUHRI CIK DERI,226078931
SD ARRAFI,-6.942,107.6457,JL. SEKEJATI III NO.20,227311009
SD AL IKHLAS,-6.8849,107.5941,JLN. KARANG TINEUNG DALAM NO. 84,2282602705
SD AL HIDAYAH,-6.9295,107.5852,JL. BABAKAN CIPARAY NO. 147,6125992
SD AL HUSAINIYYAH,-6.8784,107.6063,JL. BUKIT JARIAN NO.29/165 D,0
SD AL FATAH AL HASAN,-6.893,107.5611,JL. GUNUNG BATU NO. 31,226008401
SD AL FALAH,-6.8726,107.6256,JL. CISITU BARU NO.52,2504284
SD AL FATAH,-6.9437,107.5894,JL. KOPO GG. SUKALEUEUR,81222795110
SD ADVENT NARIPAN,-6.9186,107.6123,JL.NARIPAN NO.91,224234027
SD ADZKIA,-6.8674,107.602,JL. PANUMBANG JAYA DALAM NO. 38F,222041514
SD AL BAROKAH,-6.9277,107.5787,JL. AKI PADMA NO. 23,6121235
SD ADVENT II BANDUNG,-6.8832,107.6024,JL. SETIABUDHI NO 1 BANDUNG,222043220
SD ABU AZIS,-6.90648,107.573436,JL. JAMARAS IV NO. 11B,227275652
SD ADVENT CIMINDI,-6.9013,107.5639,JL. RAYA CIMINDI NO. 74,226010612
SD AL BASYARIYAH,-6.9494,107.5906,JL. CIBADUYUT LAMA KOMPLEK SAUYUNAN,2285447672
SD 3 KRISTEN PAULUS,-6.911,107.6179,JL. LOMBOK NO. 7,224200244
SD 1 KRISTEN PAULUS,-6.9036,107.5996,JL. DR. RAJIMAN NO. 11,4237131
SDN 272 SUKASARI KOTA BANDUNG,-6.88816,107.582331,JL. SUKAKARYA NO. 19,222012989
SDN 273 GEMPOL SARI KOTA BANDUNG,-6.9349,107.5533,KOMPLEK BUMI ASRI E-40,0
SDN 274 CEMPAKA ARUM KOTA BANDUNG,-6.9576,107.7078,JL. UMAR BIN KHOTOB,227831910
SDN 271 PANGHEGAR KOTA BANDUNG,-6.9298,107.698,JL. PAMEKAR BARAT NO. 5,0
SD AL AZHAR 36,-6.9274,107.6239,JL. PALASARI NOMOR 09,82115200077
SDN 269 GRIYA BUMI ANTAPANI KOTA BANDUNG,-6.918,107.6655,JL. BANJARSARI IV NO. 1,0
SDN 270 GENTRA MASEKDAS KOTA BANDUNG,-6.9364,107.5872,JL. SUKAMULYA NO. 29,2287786621
SDN 268 PANYILEUKAN KOTA BANDUNG,-6.9456,107.7143,KOMP. BUMI PANYILEUKAN G.15 NO. 23 RT. 01 RW. 07,2287882549
SDN 264 GRIYA BUMI ANTAPANI KOTA BANDUNG,-6.9145,107.6597,JL. PLERED 9 NO. 25,2220524222
SDN 266 MENGGER KOTA BANDUNG,-6.9497,107.621,JL. TERUSAN SUKAATI NO. 21,2273590207
SDN 267 GRIYA BUMI ANTAPANI KOTA BANDUNG,-6.9195,107.6558,JL. KADIPATEN 14 NO. 2,2220545927
SDN 260 GRIYA BUMI ANTAPANI KOTA BANDUNG,-6.9132,107.6679,JL. TANJUNGSARI VI NO. 40,227210232
SDN 265 BANDUNGKULON KOTA BANDUNG,-6.9216,107.5925,JL. CIBADAK GG. IBU AISAH NO.16/9A,0
SDN 262 PANYILEUKAN KOTA BANDUNG,-6.942,107.7165,KOMP. BUMI PANYILEUKAN F.1,2287820537
SDN 261 MARGAHAYU RAYA KOTA BANDUNG,-6.9456,107.6581,JL. JUPITER NO.92A,227535321
SDN 263 RANCALOA KOTA BANDUNG,-6.9467,107.6762,JL. CIPAMOKOLAN NO. 62,227513422
SDN 259 GRIYA BUMI ANTAPANI KOTA BANDUNG,-6.9153,107.6652,JL. CIBATU VI NO. 1 ANTAPANI,227215682
SDN 256 CIGONDEWAH HILIR KOTA BANDUNG,-6.9455,107.5659,JL. CIGONDEWAH RAHAYU RT. 02/05,2220560028
SDN 258 SUKARELA KOTA BANDUNG,-6.923,107.7009,JL. PANYAWANGAN NO. 7,227816153
SDN 257 PELITA KOTA BANDUNG,-6.9439,107.632472,JL. RAJAMANTRI KIDUL NO. 4,2273516454
SDN 254 GRIYA BUMI ANTAPANI KOTA BANDUNG,-6.913,107.6538,JL. SUBANG V NO. 5,227215348
SDN 255 GRIYA BUMI ANTAPANI KOTA BANDUNG,-6.9196,107.658,JL. CICALENGKA RAYA NO. 1,7214138
SDN 248 SINDANGSARI KOTA BANDUNG,-6.9268,107.6647,JL. CIBODAS RAYA,82115365997
SDN 247 SUKAPURA KOTA BANDUNG,-6.9218,107.7149,JL. MANGLAYANG I NO.1 KECAMATAN CIBIRU,227832748
SDN 249 ASTANAANYAR KOTA BANDUNG,-6.9324,107.6005,JL. LIOGENTENG NO. 27,225228386
SDN 253 PANGGUNGSARI KOTA BANDUNG,-6.9089,107.7022,JL. TERITORIAL NO.112,0
SDN 250 JAKAPURWA KOTA BANDUNG,-6.9615,107.6496,JL. JAKAMULYA NO.16,227500525
SDN 246 MARGACINTA KOTA BANDUNG,-6.9551,107.6421,JL. MARGA INDAH I MARGACINTA,227538126
SDN 251 JAMIKA KOTA BANDUNG,-6.9232,107.5873,JL. PAGARSIH GG. PA OYON,6001802
SDN 252 SETIABUDI KOTA BANDUNG,-6.88,107.5789,JL. SARIRASA BLOK IV SARIJADI,222013447
SDN 244 GURUMINDA KOTA BANDUNG,-6.93368,107.677934,JL. INDRA JAYA NO. 7,2270779428
SDN 245 SUMBERSARI INDAH KOTA BANDUNG,-6.9373,107.5727,JL. SUMBER MAKMUR NO. 1,226044201
SDN 238 CIGONDEWAH KOTA BANDUNG,-6.9358,107.5611,JL. CIGONDEWAH KALER BLOK JAMBANGAN,226004067
SDN 239 CIGONDEWAH KOTA BANDUNG,-6.9382,107.5573,JL. BATURENGAT CIGONDEWAH,81320556673
SDN 242 MARGASARI KOTA BANDUNG,-6.9568,107.669,JL. RANCASAWO KOMPLEK PINDAD,0
SDN 240 CIJERAH INDAH KOTA BANDUNG,-6.9228,107.5659,JL. MEKAR HURIP NO.18,2220567659
SDN 241 LEUWIANYAR KOTA BANDUNG,-6.9424,107.5944,JL. LEUWIANYAR,0
SDN 237 KOPO ELOK KOTA BANDUNG,-6.9573,107.5827,JL. BUANA NO. 8,0
SDN 243 CICABE KOTA BANDUNG,-6.9007,107.6602,JL. H. ABDUL HAMID NO. 66,227236166
SDN 236 BABAKAN CIPARAY KOTA BANDUNG,-6.9458,107.5789,JL. CARINGIN GG. LUMBUNG III NO. 50,2254423473
SDN 235 LENGKONG KECIL KOTA BANDUNG,-6.92315,107.615362,JL. LENGKONG KECIL NO. 55,224213041
SDN 233 CIBADUYUT KOTA BANDUNG,-6.9512,107.5941,JL. CIBADUYUT RAYA BLOK PASANTREN NO.45,0
SDN 234 SALUYU KOTA BANDUNG,-6.8976,107.6489,JL. CIMUNCANG DALAM NO.52,227208556
SDN 232 BLOK SAWAH KOTA BANDUNG,-6.9368,107.5591,KP. BLOK SAWAH,0
SDN 231 SUKAASIH KOTA BANDUNG,-6.9008,107.6857,JL. SUKA ASIH ATAS IV BANDUNG,227816875
SDN 229 CIBADUYUT KOTA BANDUNG,-6.9543,107.5873,JL. PRAMBANAN BLOK O NO. 4,225421655
SDN 230 MARGAHAYU RAYA KOTA BANDUNG,-6.955,107.6635,JL. PLUTO UTARA BLOK G NO.73,227530140
SDN 228 CANGKUANG KOTA BANDUNG,-6.9592,107.5898,JL. CIBADUYUT RAYA GG. TVRI 5,0
SDN 226 ARCAMANIK ENDAH KOTA BANDUNG,-6.9149,107.6785,JL. OLAH RAGA NO. 5,7217230
SDN 225 MEKARGALIH KOTA BANDUNG,-6.9081,107.7148,JL. SEKEMALA NO. 73,87821426676
SDN 224 CIJAMBE KOTA BANDUNG,-6.9095,107.6925,JL. SUKUP BARU NO. 18,227837926
SDN 223 BHAKTI WINAYA KOTA BANDUNG,-6.9413,107.6211,JL. PASIRJAYA VI NO. 1,225229664
SDN 227 MARGAHAYU UTARA KOTA BANDUNG,-6.95042,107.573243,JL. CIBOLERANG NO. 185,5423824
SDN 220 GUMURUH KOTA BANDUNG,-6.9352,107.6354,JL. TAURUS NO.60,0
SDN 222 PASIRPOGOR KOTA BANDUNG,-6.9616,107.6628,JL. PASIR SUCI NO.8,228759342
SDN 217 SARIJADI KOTA BANDUNG,-6.8782,107.5801,KOMP. PERUM SARIJADI BLOK 4 NO. 100,2282025141
SDN 221 BABAKAN SENTRAL KOTA BANDUNG,-6.9296,107.65,JL. TERUSAN PSM NO.2,2287340371
SDN 219 BABAKANJATI KOTA BANDUNG,-6.9418,107.6405,JL. H. BASUKI NO.159,0
SDN 218 SARIJADI KOTA BANDUNG,-6.8766,107.5769,KOMP. SARIJADI BLOK 8 NO.11,2282001311
SDN 215 RANCASAGATAN KOTA BANDUNG,-6.9516,107.6993,JL. RANCASAGATAN 1,0
SDN 216 SONDARIAH KOTA BANDUNG,-6.9649,107.7054,JL. RANCANUMPANG,85871087141
SDN 214 PERUMNAS CIJERAH KOTA BANDUNG,-6.9277,107.5654,JL. CIJERAH NO. 232,226022677
SDN 213 BABAKAN CIPARAY KOTA BANDUNG,-6.9401,107.5765,JL. CARINGIN CIKUNGKURAK RT.03/06,2220563701
SDN 211 BABAKAN PRIANGAN KOTA BANDUNG,-6.9456,107.6128,JL. SRIWIJAYA,225222353
SDN 212 HARAPAN KOTA BANDUNG,-6.8653,107.5884,JL. PAK GATOT VI KPAD,222004661
SDN 207 CIBOGO KOTA BANDUNG,-6.8856,107.5792,JL. CIBOGO NO. 78,8.95379E+11
SDN 209 ANTAPANI KOTA BANDUNG,-6.9105,107.658,JL. ANTAPANI NO. 1,7215025
SDN 206 PUTRACO INDAH KOTA BANDUNG,-6.9419,107.6323,JL. RAJAMANTRI KALER NO. 25,227302178
SDN 210 BABAKAN SINYAR KOTA BANDUNG,-6.9282,107.6525,JL. TERUSAN SUKAPURA NO 71,227334268
SDN 208 LUGINASARI SUKAGALIH KOTA BANDUNG,-6.8912,107.5951,JL. SUKAGALIH KOMPLEK POLRI,222030044
SDN 205 NEGLASARI KOTA BANDUNG,-6.8864,107.619,JL. RAYA SADANG SARI NO. 1,0
SDN 202 SURYALAYA KOTA BANDUNG,-6.9445,107.6248,JL. SURYA INDAH NO.81,2287352335
SDN 204 CIDADAP KOTA BANDUNG,-6.8634,107.5992,JL. CIPAKU INDAH 2 NO. 13,222001100
SDN 203 KACAPIRING KOTA BANDUNG,-6.9234,107.6363,JL. SUKABUMI DALAM NO. 3,0
SDN 199 SAYURAN KOTA BANDUNG,-6.9234,107.5739,KP. SAYURAN NO. 74,226003887
SDN 198 MEKARJAYA KOTA BANDUNG,-6.9223,107.6802,JL. CISARANTEN BARU N0. 21,7814496
SDN 194 SUKAJADI KOTA BANDUNG,-6.8833,107.5946,JL. KARANG TINEUNG NO. 5A,222060300
SDN 197 KARANG TARUNA KARANGSARI KOTA BANDUNG,-6.9123,107.5796,JL. HALTEU UTARA NO. 149,0
SDN 195 ISOLA KOTA BANDUNG,-6.8639,107.5922,JL. GEGERKALONG GIRANG NO.12,222017869
SDN 200 LEUWIPANJANG KOTA BANDUNG,-6.94,107.6001,JL. MUARASARI RAYA NO. 49,225229188
SDN 196 SUKARASA KOTA BANDUNG,-6.86564,107.587933,JL. PAK GATOT V KPAD,222010421
SDN 192 CIBURUY KOTA BANDUNG,-6.9561,107.6145,JL. CIBURUY KAV. 59,0
SDN 193 CARINGIN KOTA BANDUNG,-6.8896,107.5859,JL. SUKAMULYA NO.46,0
SDN 189 NEGLASARI KOTA BANDUNG,-6.88846,107.625327,JL. RAYA SADANG SERANG,222535704
SDN 187 LANUMA HUSEIN KOTA BANDUNG,-6.899,107.5864,JL. L.M.U SUPARMIN NO.1,2220562651
SDN 186 CIPADUNG KOTA BANDUNG,-6.9316,107.7138,"JL. A.H. NASUTION NO.71 KM.13,5 CIBIRU",227814156
SDN 191 BABAKAN SURABAYA KOTA BANDUNG,-6.9475,107.641,JL. IBRAHIM ADJIE BELAKANG NO.147,227231655
SDN 185 CIHAURGEULIS KOTA BANDUNG,-6.9,107.6294,JL. SURAPATI NO. 82,2270778575
SDN 188 BANDUNG BARU KOTA BANDUNG,-6.8639,107.6071,JL. BUKIT RAYA SELATAN NO.298,0
SDN 190 CISARANTEN KIDUL KOTA BANDUNG,-6.9445,107.6852,JL. RIUNG BAKTI 1,0
SDN 184 BUAHBATU KOTA BANDUNG,-6.951,107.6408,JL. IBRAHIM ADJIE NO.65,227512567
SDN 183 SAYURAN KOTA BANDUNG,-6.9233,107.5735,JL. SINDANGSARI KP. SAYURAN NO. 36,2270766373
SDN 181 SUKAMISKIN KOTA BANDUNG,-6.9108,107.6791,JL. TERUSAN PESANTREN NO 86,85974771133
SDN 176 CILANDAK KOTA BANDUNG,-6.8756,107.5805,JL. SARIJADI BLOK I,2282027171
SDN 179 SARIJADI KOTA BANDUNG,-6.88073,107.574931,JL. SARIMANIS BLOK 17,222002135
SDN 182 PERUMNAS CIJERAH KOTA BANDUNG,-6.9368,107.5613,JL. CIJERAH BARAT NO. 04,2220561355
SDN 177 CIPEDES KOTA BANDUNG,-6.8692,107.5878,JL. SETRASARI TENGAH NO.15,222012267
SDN 178 GEGERKALONG KPAD KOTA BANDUNG,-6.8665,107.5818,JL. MANUNGGAL KPAD,222002945
SDN 175 TANJAKAN KOTA BANDUNG,-6.891,107.6632,JL. JATIHANDAP NO. 64,2287772110
SDN 180 PRAKARSA NUGRAHA KOTA BANDUNG,-6.9053,107.6808,JL. PARAKAN SAAT NO. 45,227335197
SDN 171 LANUMA HUSEIN KOTA BANDUNG,-6.8938,107.5835,JL. SUKAWARNA NO. 3,226020574
SDN 170 DIAN KOTA BANDUNG,-6.8988,107.5889,JL. BUDI NO. 26,226630036
SDN 174 PASIR IMPUN KOTA BANDUNG,-6.8983,107.6738,JL. PASIR IMPUN NO. 23,227216482
SDN 173 NEGLASARI KOTA BANDUNG,-6.8915,107.6238,"JL. KP. PASIRKALIKI BARAT, RT 04/15",2220454628
SDN 169 PELITA KOTA BANDUNG,-6.9227,107.7199,JL. DESA CIPADUNG CIBIRU,2263700432
SDN 167 MENGGER GIRANG KOTA BANDUNG,-6.9519,107.6167,JL. MENGGER GIRANG III NO. 4,2242821008
SDN 168 CIPADUNG KOTA BANDUNG,-6.9247,107.7161,JL. EMBAH JAKSA NO. 145 B,227815028
SDN 166 CIATEUL KOTA BANDUNG,-6.9318,107.6118,JL. IBU INGGIT GARNASIH NO.159,225211958
SDN 165 JATIHANDAP KOTA BANDUNG,-6.8983,107.6569,JL. JATIHANDAP GG. MASJID,227235514
SDN 172 ANDIR KIDUL KOTA BANDUNG,-6.9139,107.6955,JL. A.H NASUTION NO. 38 A,227832462
SDN 163 BUAHBATU BARU KOTA BANDUNG,-6.9469,107.6325,JL. BUAHBATU NO. 273,81320575563
SDN 157 SUKARAJA KOTA BANDUNG,-6.9007,107.5894,JL. TERUSAN PASTEUR NO.38,2117446997
SDN 162 WARUNGJAMBU KIARACONDONG KOTA BANDUNG,-6.9296,107.6456,JL. WARUNG JAMBU NO.28,0
SDN 159 SEKEJATI KOTA BANDUNG,-6.9405,107.6535,JL. CIDURIAN UTARA NO.22,0
SDN 164 KARANGPAWULANG KOTA BANDUNG,-6.9391,107.6285,JALAN KARAWITAN NO. 81,87352601
SDN 161 SUKAPURA KOTA BANDUNG,-6.9301,107.6493,JL. TERUSAN PSM NO.1,227333050
SDN 156 PASIRKALIKI KOTA BANDUNG,-6.893,107.5646,JL. BABAKAN CIANJUR NO. 81,226027515
SDN 160 SUKALAKSANA KOTA BANDUNG,-6.9105,107.6474,JL. SUKAKARYA NO.109 CICAHEUM,227216834
SDN 158 BABAKAN SARI BABAKAN SURABAYA KOTA BANDUNG,-6.9216,107.6462,JL. BABAKAN SARI I NO.173,81294812887
SDN 155 GUNUNG RAHAYU KOTA BANDUNG,-6.8905,107.5695,JL. MENTOR NO.67 KELURAHAN SUKARAJA KECAMATAN CICENDO,226027644
SDN 152 CIGAGAK KOTA BANDUNG,-6.908,107.7246,JL. CILENGKRANG I NO.153,81220886679
SDN 151 SUKASENANG KOTA BANDUNG,-6.8983,107.6362,JL. P.H.H. MUSTOFA NO. 46,227203489
SDN 153 TARUNA KARYA KOTA BANDUNG,-6.9188,107.716,JL. GALUMPIT NO.2,81220888375
SDN 150 GATOT SUBROTO KOTA BANDUNG,-6.9031,107.6365,JL. YUDHAWASTU PRAMUKA IV,70723079
SDN 154 CITEPUS KOTA BANDUNG,-6.9022,107.5887,JL. ASTANA EYANG,226006312
SDN 149 CIGADUNG KOTA BANDUNG,-6.8786,107.6255,JL. RANCA KENDAL NO.99,0
SDN 146 GUMURUH KOTA BANDUNG,-6.9305,107.6389,JL. GUMURUH NO.138,227320490
SDN 148 CIBADUYUT KOTA BANDUNG,-6.9558,107.5912,JL. CIBADUYUT RAYA GG. MA MAJA NO. 50,225426700
SDN 143 KOPO KOTA BANDUNG,-6.9316,107.6024,JL. IBU INGGIT GARNASIH NO.74/21,0
SDN 147 CITARIP BARAT KOTA BANDUNG,-6.9391,107.5852,JL. MADESA NO.24 RT.01/12,0
SDN 142 DWIKORA KOTA BANDUNG,-6.9439,107.6029,JL. INHOFTANK NO.16,225232080
SDN 145 BINONG JATI KOTA BANDUNG,-6.9353,107.6393,JL. BINONGJATI NO. 20,227330319
SDN 144 SITUGUNTING KOTA BANDUNG,-6.9324,107.5842,JL. H. ZAKARIA NO. 56,8987849884
SDN 141 LOKAJAYA KOTA BANDUNG,-6.9056,107.6807,JL. A.H. NASUTION KM. 9 NO. 7,227807788
SDN 140 ARCAMANIK KOTA BANDUNG,-6.9098,107.6771,JL. MEKARSARI NO. 2,0
SDN 139 SUKARASA KOTA BANDUNG,-6.8685,107.5864,JL. GEGERKALONG HILIR NO. 82,20244928
SDN 138 GEGERKALONG GIRANG KOTA BANDUNG,-6.8608,107.5866,JL. GEGER ARUM NO. 11B,2014737
SDN 137 CIJEROKASO KOTA BANDUNG,-6.8711,107.5809,JL. SARIJADI RAYA NO.73,222021923
SDN 135 TURANGGA KOTA BANDUNG,-6.9274,107.629,JL. SALAK NO. 3,227305341
SDN 133 JALAN ANYAR KOTA BANDUNG,-6.9027,107.6528,JL. PADASUKA NO. 99/209 C,227210760
SDN 136 SUKAWARNA KOTA BANDUNG,-6.8822,107.5784,JL. SARIWANGI NO. 1,0
SDN 134 PANORAMA KOTA BANDUNG,-6.8699,107.6011,JL. HEGARMANAH NO. 152,2282602605
SDN 132 CIHAURGEULIS KOTA BANDUNG,-6.8997,107.6293,JL. SURAPATI NO. 155,222532263
SDN 131 CIJAWURA KOTA BANDUNG,-6.9645,107.6569,JL. CIJAWURA HILIR NO.384,227514289
SDN 130 SEKELIMUS BATUNUNGGAL KOTA BANDUNG,-6.9494,107.6373,JL. TERS. BUAHBATU GG. ANYELIR,0
SDN 127 SEKELOA KOTA BANDUNG,-6.8877,107.6189,JL. SEKELOA UTARA NO. 30 A,2220461573
SDN 125 TARUNA KARYA KOTA BANDUNG,-6.9219,107.7137,JL. CILENGKRANG II NO.80,0
SDN 128 HAURPANCUH KOTA BANDUNG,-6.8927,107.6197,JL. TERUSAN TEUKU UMAR NO. 87,0
SDN 126 BABAKAN KOTA BANDUNG,-6.9269,107.5788,JL. AKI PADMA NO. 1,226005122
SDN 129 RANCASAWO MARGASARI KOTA BANDUNG,-6.9606,107.6594,JL. RANCASAWO NO.50,2287313125
SDN 124 HANURA KOTA BANDUNG,-6.8994,107.7246,JL. CIWARU,0
SDN 123 BABAKAN PRIANGAN KOTA BANDUNG,-6.9469,107.6134,JL. BABAKAN PRIANGAN NO.29,0
SDN 120 KOTABARU KOTA BANDUNG,-6.9357,107.6093,JL. KOTA BARU III NO.13,0
SDN 122 CIJAWURA KOTA BANDUNG,-6.9604,107.663,JL. CIJAWURA,227503953
SDN 119 CIJAGRA KOTA BANDUNG,-6.9446,107.6276,JL. SITU LEMBANG NO. 1,227319490
SDN 117 BATUNUNGGAL KOTA BANDUNG,-6.9527,107.6361,JL. ARHANUDRI NO. 12 B,2287307879
SDN 115 TURANGGA KOTA BANDUNG,-6.9315,107.6352,JL. TURANGGA NO. 27,227319616
SDN 116 CICAHEUM KOTA BANDUNG,-6.9027,107.6572,JL. ANTAPANI NO. 44,227236026
SDN 118 TANJUNG KOTA BANDUNG,-6.9299,107.5889,JL. BABAKAN TAROGONG NO. 193,226024361
SDN 121 CARINGIN HOLIS KOTA BANDUNG,-6.9389,107.5685,JL. HOLIS NO. 424,2220567675
SDN 112 PAMOYANAN KOTA BANDUNG,-6.9528,107.6119,JL. MOCH. TOHA BELAKANG NO. 325,0
SDN 108 CIUMBULEUIT KOTA BANDUNG,-6.8741,107.6032,JL. BUKIT INDAH NO.12,82065106
SDN 114 BOJONGKONENG CIBEUNYING KOTA BANDUNG,-6.89293,107.644889,JL. BOJONGKONENG NO.38,22220546048
SDN 111 PINDAD KOTA BANDUNG,-6.9359,107.6465,JL. PAPANGGUNGAN NO.1,22731514706
SDN 110 PASIRKALIKI KOMARABUDI KOTA BANDUNG,-6.8908,107.5619,JL. GUNUNG BATU NO.30A,226613553
SDN 107 PALEDANG KOTA BANDUNG,-6.9093,107.7094,JL. NAGROG III NO. 8,227831951
SDN 109 CENTEH KOTA BANDUNG,-6.9202,107.6247,JL. CENTEH NO. 5,88806380400
SDN 105 SUKARELA KOTA BANDUNG,-6.9262,107.7049,JL. PASANGGRAHAN IX,227816661
SDN 103 COBLONG KOTA BANDUNG,-6.878,107.6171,JL. IR. H. JUANDA NO. 338,222535776
SDN 113 BANJARSARI KOTA BANDUNG,-6.91343,107.61077,JL. MERDEKA NO. 22,4231594
SDN 102 CIKUDAYASA KOTA BANDUNG,-6.91997,107.725354,JL. CIKUDA,0
SDN 100 CIPEDES KOTA BANDUNG,-6.8694,107.5877,JL. GEGERKALONG HILIR NO. 79,2011271
SDN 104 LANGENSARI SENANGGALIH KOTA BANDUNG,-6.89247,107.625634,JL. KP. PASIRKALIKI BARAT,0
SDN 106 AJITUNGGAL CIJAMBE KOTA BANDUNG,-6.909,107.6928,JL. TERUSAN SUKUP NO. 5,227838096
SDN 098 CIROYOM KOTA BANDUNG,-6.9157,107.5877,JL. RAJAWALI TIMUR GG.TARUNA NO. 33/26 A,82316119777
SDN 097 CIRATEUN KULON KOTA BANDUNG,-6.8437,107.5977,"JL. DR. SETIABUDI KM. 10,7",222003214
SDN 094 PARAKANWAAS KOTA BANDUNG,-6.9531,107.6268,JL. WAAS II NO. 94B,82126292649
SDN 096 SARIJADI SELATAN KOTA BANDUNG,-6.8836,107.5734,"JL. SARIMADU BAWAH, SARIJADI BLOK 26",222020774
SDN 095 BABAKANJATI KOTA BANDUNG,-6.9482,107.6506,JL. CIJAWURA GIRANG V,2287500415
SDN 099 BABAKAN TAROGONG KOTA BANDUNG,-6.9385,107.5937,JL. K.H. WAHID HASYIM NO. 256,226029365
SDN 092 CIBADAK ANDIR KOTA BANDUNG,-6.9214,107.5945,JL. CIBADAK NO.193,226079773
SDN 088 EMBONG KOTA BANDUNG,-6.9216,107.6132,JL. EMBONG NO.6,4210608
SDN 093 TUNAS HARAPAN CIJERAH KOTA BANDUNG,-6.9215,107.5695,JL. CIJERAH NO. 116,226073035
SDN 089 BABAKAN CIPARAY KOTA BANDUNG,-6.9311,107.5875,JL. CARINGIN NO. 150,225431502
SDN 086 CIMINCRANG KOTA BANDUNG,-6.946,107.7048,JL. CILAMETA NO.1,2263724314
SDN 085 CIUMBULEUIT KOTA BANDUNG,-6.8633,107.6057,JL. BUKIT RAYA NO. 173,0
SDN 090 CIBIRU KOTA BANDUNG,-6.9343,107.7204,"JL. A.H. NASUTION KM. 14,5 CIBIRU",227830508
SDN 084 CIKADUT KOTA BANDUNG,-6.9027,107.6645,JL. JAMARAS 4 NO.101,2263731979
SDN 087 RANCABOLANG KOTA BANDUNG,-6.9501,107.6622,JL. RANCABOLANG INDAH NO.1,227514602
SDN 083 BABAKAN SURABAYA KOTA BANDUNG,-6.9199,107.6445,JL. H. IBRAHIM ADJIE NO. 159,227231541
SDN 091 CIBEUREUM KOTA BANDUNG,-6.9005,107.566,JL. ASRAMA KIPAL NO. 56,2220565150
SDN 081 KEBON GEDANG KRIDAWINAYA KOTA BANDUNG,-6.9317,107.6394,JL. GUMURUH BELAKANG NO.37,2273514651
SDN 082 MUARARAJEUN KOTA BANDUNG,-6.9024,107.6316,JL. MUARARAJEUN NO.26,0
SDN 080 BOJONG INDAH CIBUNTU KOTA BANDUNG,-6.9278,107.5809,JL. KAWAT NO. 1,20562854
SDN 076 SUKAJADI KOTA BANDUNG,-6.8899,107.5971,JL. SUKAJADI NO. 138,64404578
SDN 078 SINDANGSARI ANTAPANI KOTA BANDUNG,-6.9062,107.6647,JL. SINDANGSARI 1,87722273706
SDN 079 KOPO PAJAGALAN KOTA BANDUNG,-6.9271,107.6013,JL. PASIRKOJA NO. 37,225222339
SDN 073 PAJAGALAN KOTA BANDUNG,-6.9241,107.6007,JL. PAJAGALAN NO. 43,224265847
SDN 074 AYUDIA KOTA BANDUNG,-6.9088,107.589,JL. AYUDIA NO. 25,226029887
SDN 075 JATAYU KOTA BANDUNG,-6.9097,107.5836,JL. KOMUD SUPADIO NO.39A,2220569798
SDN 072 SUKASARI KOTA BANDUNG,-6.8819,107.5786,JL. SARIWANGI NO. 1,0
SDN 077 SEJAHTERA KOTA BANDUNG,-6.89304,107.601052,JL. SEJAHTERA NO. 12,64404377
SDN 070 PASIRLUYU KOTA BANDUNG,-6.9397,107.6187,JL. PASIRLUYU NO.164/205A,0
SDN 068 SINDANGLAYA KOTA BANDUNG,-6.9051,107.6806,JL. A.H. NASUTION KM.9 NO.15,2287883826
SDN 071 SUKAGALIH KOTA BANDUNG,-6.8927,107.5923,JL. SUKAGALIH NO.108,2042127
SDN 067 NILEM KOTA BANDUNG,-6.936,107.6203,JL. NILEM NO.10,0
SDN 065 CIHAMPELAS KOTA BANDUNG,-6.8871,107.6041,JL. CIHAMPELAS NO. 280,222043935
SDN 069 CIPAMOKOLAN DERWATI KOTA BANDUNG,-6.9651,107.683,JL. DERWATI NO. 40,22787309090
SDN 066 HALIMUN KOTA BANDUNG,-6.9273,107.6249,JL. HALIMUN NO. 46,227333727
SDN 061 CIJERAH KOTA BANDUNG,-6.9217,107.5692,JL. CIJERAH NO. 122,226021985
SDN 064 PADASUKA KOTA BANDUNG,-6.899,107.6608,JL. PADASUKA NO.90,81221027004
SDN 058 BABAKAN CIPARAY KOTA BANDUNG,-6.9484,107.5844,JL. CARINGIN GG. PORIB 3,0
SDN 062 CIUJUNG KOTA BANDUNG,-6.90704,107.629567,JL. LAPANGAN SUPRATMAN NO. 7,227274217
SDN 063 KEBON GEDANG KOTA BANDUNG,-6.928,107.6413,JL. KEBON GEDANG NO.82,81394024928
SDN 059 CIRANGRANG KOTA BANDUNG,-6.9548,107.5827,"JL. K.H. WAHID HASYIM KOPO KM 5,5",2254433580
SDN 060 RAYA BARAT KOTA BANDUNG,-6.9186,107.5833,JL. JENDRAL SUDIRMAN NO. 587,2263001282
SDN 051 PASIRKALIKI KOTA BANDUNG,-6.9017,107.5967,JL. PASIRKALIKI BELAKANG NO.179,8156145332
SDN 055 JATIHANDAP KOTA BANDUNG,-6.8996,107.6576,JL. JATIHANDAP NO. 50,227211803
SDN 052 CISARANTEN WETAN GEDEBAGE KOTA BANDUNG,-6.9408,107.6916,JL. RAYA GEDEBAGE NO. 17,2287885143
SDN 054 TIKUKUR KOTA BANDUNG,-6.8972,107.6217,JL. TITIMPLIK NO. 1,222504130
SDN 057 BINAHARAPAN KOTA BANDUNG,-6.9161,107.687,JL. GOLF SELATAN I NO.26,2287881269
SDN 053 CISITU KOTA BANDUNG,-6.882,107.6094,JL. SANGKURIANG NO. 87,222513181
SDN 050 CIBIRU KOTA BANDUNG,-6.9342,107.7214,"JL. A.H. NASUTION KM.14,5 CIBIRU",227814658
SDN 056 GARUDA DADALI KOTA BANDUNG,-6.9129,107.5773,JL. DADALI NO. 5,226071998
SDN 049 DURMAN KOTA BANDUNG,-6.9182,107.5999,JL. DURMAN NO. 30,4263818
SDN 048 SIRNAMANAH KOTA BANDUNG,-6.8883,107.5979,JL. SIRNAMANAH NO. 4,2264401171
SDN 047 BALONGGEDE KOTA BANDUNG,-6.9246,107.6075,JL. BALONGGEDE NO. 49,81220089933
SDN 045 PASIRKALIKI KOTA BANDUNG,-6.8955,107.5611,JL. KARYA I NO. 18,226039134
SDN 046 SINDANGLAYA KOTA BANDUNG,-6.9037,107.6806,JL. ARCAMANIK NO. 28,227831419
SDN 039 TEGALEGA KOTA BANDUNG,-6.9381,107.6032,JL. PELINDUNG HEWAN NO. 43,0
SDN 041 CIBUNTU WARUNG MUNCANG KOTA BANDUNG,-6.9229,107.5739,JL. HOLIS - KPAD,226003560
SDN 042 GAMBIR KOTA BANDUNG,-6.9429,107.6412,JL. GAMBIR NO. 25,85900071587
SDN 040 PASAWAHAN KOTA BANDUNG,-6.9596,107.6133,JL. MOCHAMAD TOHA NO. 383,225224809
SDN 043 CIMUNCANG KOTA BANDUNG,-6.903,107.6481,JL. BABAKAN HAJI TAMIM NO.33,0
SDN 044 CICADAS AWIGOMBONG KOTA BANDUNG,-6.9077,107.6403,JL. ASEP BERLIAN NO.33,227217671
SDN 034 PATRAKOMALA KOTA BANDUNG,-6.912,107.6214,JL. PATRAKOMALA NO.63,0
SDN 038 KIARACONDONG KOTA BANDUNG,-6.9334,107.643,JL. IBRAHIM ADJIE NO. 355,2273516118
SDN 035 SOKA KOTA BANDUNG,-6.9155,107.6289,JL. SOKA NO. 34,227202333
SDN 033 ASMI KOTA BANDUNG,-6.9295,107.608,JL. ASMI NO. 2,0
SDN 031 PELESIRAN KOTA BANDUNG,-6.8958,107.6075,JL. PELESIRAN NO. 36,2282520467
SDN 030 CIRATEUN KOTA BANDUNG,-6.8466,107.6014,JL. DR. SETIABUDHI KM.10 NO.5,222020367
SDN 037 SABANG KOTA BANDUNG,-6.9082,107.620893,JL. SABANG NO. 2,227208209
SDN 032 TILIL KOTA BANDUNG,-6.8982,107.6232,JL. PUYUH NO. 2,222532245
SDN 029 CILENGKRANG KOTA BANDUNG,-6.9136,107.7197,JL. CILENGKRANG I NO.134,2287885183
SDN 028 GUMURUH KOTA BANDUNG,-6.93,107.6372,JL. CIBANGKONG NO. 13,82127346565
SDN 022 CICADAS KOTA BANDUNG,-6.9055,107.6441,JL. CIKUTRA NO. 58,0
SDN 027 CICADAS KOTA BANDUNG,-6.906,107.6436,JL. CIKUTRA NO.15,0
SDN 024 COBLONG KOTA BANDUNG,-6.8795,107.6166,JL. IR. H. JUANDA NO. 304,0
SDN 023 PAJAGALAN KOTA BANDUNG,-6.926,107.6005,JL. PAJAGALAN NO. 58,81573129051
SDN 036 UJUNGBERUNG KOTA BANDUNG,-6.9129,107.702,JL. CIGENDING NO. 3,8112261733
SDN 026 BOJONGLOA KOTA BANDUNG,-6.9507,107.594,JL. CIBADUYUT RAYA NO.142/199C,0
SDN 025 CIKUTRA KOTA BANDUNG,-6.8936,107.6372,JL. CIKUTRA NO.326,0
SDN 018 SUKAGALIH KOTA BANDUNG,-6.8961,107.6022,JL. SUKAGALIH NO. 69,222043130
SDN 017 SEKEJATI KOTA BANDUNG,-6.9405,107.653,JL. CIDURIAN UTARA NO.18,8.95339E+11
SDN 021 CIPOREAT KOTA BANDUNG,-6.9174,107.7062,JL. A.H. NASUTION NO. 29,7831464
SDN 020 LENGKONG BESAR KOTA BANDUNG,-6.936,107.62,JL. LENGKONG BESAR NO.139,0
SDN 019 PABAKI KOTA BANDUNG,-6.92748,107.595986,JL. PABAKI NO. 33,226074847
SDN 003 PAGARSIH KOTA BANDUNG,-6.9231,107.5944,JL. PAGARSIH NO. 77,226021395
SDN 015 KRESNA KOTA BANDUNG,-6.9098,107.5928,JL. KRESNA NO. 47,226010996
SDN 004 CISARANTEN KULON KOTA BANDUNG,-6.9248,107.6834,JL. CISARANTEN KULON NO.129,2287884871
SDN 002 KARANGMULYA KOTA BANDUNG,-6.9125,107.5804,"JL. RAJAWALI SAKTI NO.
  226",226039074
SDN 014 CIGONDEWAH KOTA BANDUNG,-6.9345,107.5635,JL. CIGONDEWAH KALER NO. 15,2220567506
SDN 005 BABAKAN CIPARAY KOTA BANDUNG,-6.948,107.5876,JL. KOPO NO. 440,2254418885
SDN 001 MERDEKA KOTA BANDUNG,-6.9156,107.61,JL. MERDEKA NO. 9,224231251
SDN 006 BUAHBATU KOTA BANDUNG,-6.9517,107.6409,JL. H. IBRAHIM ADJIE NO. 45,227563975
SDN 013 PASIRKALIKI KOTA BANDUNG,-6.9079,107.5978,JALAN HOS COKROAMINOTO NO. 110,224204556
SDN 012 BABAKAN CIPARAY KOTA BANDUNG,-6.9453,107.5834,JL. CARINGIN NO.106,82130168612
SDN 010 CIDADAP KOTA BANDUNG,-6.8645,107.5945,JL. DR. SETIABUDHI NO. 234,22082005741
SDN 011 CIBUNTU KOTA BANDUNG,-6.9192,107.5762,JL. HOLIS NO.31,6044334
SDN 009 CIKADUT KOTA BANDUNG,-6.9038,107.6657,JL. A.H. NASUTION KM.7 NO. 1,2263735415
SDN 008 MOHAMAD TOHA KOTA BANDUNG,-6.9299,107.6067,JL. MOHAMAD TOHA NO. 22,85861815888
SDN 007 CIPAGANTI KOTA BANDUNG,-6.8948,107.6029,JL. SASTRA NO. 11,222043369
SDN 023 PAJAGALAN KOTA BANDUNG,-6.926,107.6005,JL. PAJAGALAN NO. 58,81573129051
SDN 100 CIPEDES KOTA BANDUNG,-6.8694,107.5877,JL. GEGERKALONG HILIR NO. 79,2011271
SDN 095 BABAKANJATI KOTA BANDUNG,-6.9482,107.6506,JL. CIJAWURA GIRANG V,2287500415
SDN 101 SUKAKARYA KOTA BANDUNG,-6.9072,107.6754,JL. SAHARDJO,2263729775
SDN 201 SUKALUYU KOTA BANDUNG,-6.8953,107.6319,JL. RERENG ADUMANIS NO.2A,222512610
SDN 099 BABAKAN TAROGONG KOTA BANDUNG,-6.9385,107.5937,JL. K.H. WAHID HASYIM NO. 256,226029365
SDN 098 CIROYOM KOTA BANDUNG,-6.9157,107.5877,JL. RAJAWALI TIMUR GG.TARUNA NO. 33/26 A,82316119777
SDN 097 CIRATEUN KULON KOTA BANDUNG,-6.8437,107.5977,"JL. DR. SETIABUDI KM. 10,7",222003214
SDN 096 SARIJADI SELATAN KOTA BANDUNG,-6.8836,107.5734,"JL. SARIMADU BAWAH, SARIJADI BLOK 26",222020774
SDN 200 LEUWIPANJANG KOTA BANDUNG,-6.944,107.5995,JL. MUARASARI RAYA NO. 49,225229188
SDN 094 PARAKANWAAS KOTA BANDUNG,-6.9531,107.6268,JL. WAAS II NO. 94B,82126292649
SDN 199 SAYURAN KOTA BANDUNG,-6.9234,107.5739,KP. SAYURAN NO. 74,226003887
SDN 198 MEKARJAYA KOTA BANDUNG,-6.9223,107.6802,JL. CISARANTEN BARU N0. 21,7814496
SDN 197 KARANG TARUNA KARANGSARI KOTA BANDUNG,-6.9123,107.5796,JL. HALTEU UTARA NO. 149,0
SDN 196 SUKARASA KOTA BANDUNG,-6.86564,107.5879333,JL. PAK GATOT V KPAD,222010421
SDN 195 ISOLA KOTA BANDUNG,-6.8639,107.5922,JL. GEGERKALONG GIRANG NO.12,222017869
SDN 194 SUKAJADI KOTA BANDUNG,-6.8833,107.5946,JL. KARANG TINEUNG NO. 5A,222060300
SDN 257 PELITA KOTA BANDUNG,-6.9439,107.632472,JL. RAJAMANTRI KIDUL NO. 4,0
SDN 273 GEMPOL SARI KOTA BANDUNG,-6.9349,107.5533,KOMPLEK BUMI ASRI E-40,0
SD ANGKASA 1,-6.9056,107.5861,JL. PAJAJARAN NO. 150,2220569901
SD ANDIR MUKTI,-6.9136,107.5706,JL. JEND. SUDIRMAN BLK 799,2220594906
SD ALFA CENTAURI,-6.9276,107.6231,JL. TERATE NO. 10,227310894
SD AL-HUNAFA,0,0,JL. NEGLA SENANG I,818242528
SD ALAM BANDUNG,-6.8665,107.6174,JL. CIKALAPA II NO. 4 KP. TANGGULAN DAGO POJOK,2220458742
SD AL-IHSAN ISLAMIC SCHOOL,-6.93376,107.679076,JL. CISARANTEN BARU I NO. 11,81320975696
SD AL-IRHAAM GLOBAL ISLAMIC SCHOOL,-6.9067,107.669913,JL. A.H. NASUTION NO. 133,2263761735
SD AL-QURAN,-6.89976,107.67531,JL. A.H. NASUTION NO. 185,2287789504
SD LABORATORIUM PERCONTOHAN UPI,-6.86169,107.5914717,JL. SENJAYA GURU NO.04,0
SD LINGGAWASTU,-6.9022,107.6059,JL. LINGGAWASTU NO. 8 A,0
SD KUNTUM CEMERLANG,-6.8624,107.6029,JL. CIPAKU INDAH 11 NO.2,2005668
SD KRISTEN TRIMULIA,-6.8953,107.5899,JL. KEBONJATI 145,226030547
SD KRISTEN YAHYA,-6.9044,107.6172,JL. PROGO NO. 4,224234747
SD KRISTEN TRIMULIA HITS,-6.8953,107.5899,JL. DR. DJUNJUNAN NO. 105,2286061577
SD KRISTEN PELITA,-6.9329,107.5717,JL. HOLIS NO. 300,226023009
SD KRISTEN KALAM KUDUS,-6.9323,107.6086,JL. IBU INGGIT GARNASIH NO. 108 .,225200573
SD SANTO YUSUP,-6.9149,107.6111,JL. JAWA NO. 2 - 4,224202336
SD SANTO YUSUP I,-6.9014,107.6441,JL. CIKUTRA NO 7,7231759
SD SANTO ALOYSIUS TR,-6.9133,107.6127,JL. TRUNOJOYO NO. 3,224235536
SD YPI,-6.9016,107.5956,JL. MUHAMMAD NO. 17 BANDUNG,0
SD YPU,-6.9241,107.629,JL. CUKANG JATI NO. 5,82316988254
SD YWKA REL HOMY SCHOOL,-6.9126,107.577,JL. RAJAWALI I NO. 5,6032573
SD YOS SUDARSO,-6.9296,107.6072,JL. MOHAMAD TOHA NO. 19,225212151
SD YKPPK,-6.9058,107.6051,JL. CIHAMPELAS BLK NO. 14,8956488895
SD YAYASAN BERIBU,-6.9235,107.6422,JL. B K R NO. 1,7308323
SD YAYASAN ATIKAN SUNDA,-6.901,107.6472,JL. PHH. MUSTOFA NO. 115,2220541426
SD UNGGULAN AL-IZZAH BANDUNG,0,0,JL. CIGENDING NO. 10,81324977714
SD YAMI,-6.9509,107.609,JL.KARASAK BARU NO.16 BANDUNG,225222362
SD YAKESWA,-6.9026,107.6039,JL. DR. HATTA 54/29 B,224241463
SD WINDU PUTRA,-6.9073,107.5713,JL. BABAKAN CIBEREUM NO.142,81395471008
SD UCHUWWATUL ISLAM,-6.89704,107.5963263,JL. PASIRKALIKI GG. H. ENTO,222018699
SD TRIKARSA,-6.9191,107.644,JL. SAMSI NO. 123/125 A,81223138200
SD TIARA BUNDA,-6.9525,107.6343,JL. BATUNUNGGAL INDAH I 74-76,227510654
SD TULUS KARTIKA,-6.9487,107.6623,JL. RANCABOLANG NO. 140,2287529201
SD TUNAS UNGGUL,-6.8944,107.6787,JL. PASIR IMPUN NO. 94,87789420
SD TERPADU KRIDA NUSANTARA,-6.9237,107.721,JL. DESA CIPADUNG,227830509
SD TEMASEK INDEPENDENT SCHOOL,-6.86505,107.590841,JL. SINDANG SIRNA NO. 8,222031381
SD TERANG NUSANTARA,-6.9225,107.5857,JL. JAMIKA NO. 88,226072222
SD SURYANI DWI MARGA,-6.9233,107.5806,JL. TERUSAN SURYANI NO.16/A - 191/C,6120828
SD SWADAYA 1,-6.9223,107.5888,JL. PAGARSIH NO. 181 E,226075279
SD SURUUR,-6.873,107.5995,JL. HEGARMANAH TENGAH NO. 1A,222037080
SD TARUNA BAKTI,-6.9063,107.6184,JL. LL. RE. MARTADINATA NO. 52,224261571
SD SEQUOIA NASIONAL PLUS,-6.90883,107.605955,JL. ACEH NO. 6,2287804850
SD SANTO ALOYSIUS SUKASARI,-6.8762,107.6043,JL. SUKAJADI 223,222038785
SD SEJATI,-6.8985,107.643,JL. CIKUTRA SUKASARI II NO.20,87823210987
SD SEMI PALAR,-6.89483,107.595397,JL. SUKAMULYA NO.77-79,2270173412
SD SANTO ALOYSIUS BANDUNG KIDUL,-6.9499,107.632,JL. BATUNUNGGAL INDAH II/30,227511670
SD SANTO AGUSTINUS,-6.9139,107.6329,JL. AHMAD YANI NO 273,227217631
SD SANTA MELANIA,-6.9008,107.6238,JL. MELANIA NO. 1-3,227204816
SD SANTA URSULA,-6.913,107.6331,JL. BENGAWAN NO.2,7201774
SD SALUYU,-6.9313,107.5879,KP. SITUGUNTING NO. 309/194 A,81221996405
SD SANTA ANGELA,-6.9125,107.6109,JL. MERDEKA NO. 24,224214736
SD REHOBOTH,-6.9252,107.606,JL. RD. DEWI SARTIKA NO. 36-38,4234384
SD SAINS AL BIRUNI,-6.938,107.7129,JL. RAYA PANYILEUKAN NO. 11,7807681
SD SALMAN AL FARISI,-6.8829,107.6222,JL. TUBAGUS ISMAIL VIII NO.42A,222515961
SD RANCAKASUMBA,-6.9341,107.6802,JL. SUMBERSARI NO. 104,0
SD RABBANI,-6.93182,107.6723432,JALAN JATI,20507186
SD PLUS AL FATWA,-6.9506,107.6134,JL. PLN CIGERELENG NO. 21,2242821035
SD PLUS BAITURRAHMAN,-6.9087,107.7066,JL. PROF. KH. M. SYADELI HASAN NO. 44 NAGROG II,81310008856
SD PROF. DR. MOESTOPO,-6.8845,107.617,"JL. TUBAGUS ISMAIL III 
  NO. 3",222501456
SD PRIANGAN ISTIQAMAH,-6.90676,107.628363,JL. BAROS NO.1,227275494
SD RAJAWALI,-6.9131,107.5837,JL. ANDIR NO 117A/78 BANDUNG,82115111670
SD PRASISTHA,-6.9178,107.5857,JL. ANDIR RI WINATA NO. 15,226040430
SD PLUS AL GHIFARI,-6.934,107.6794,JL. CISARANTEN KULON NO. 140,227806223
SD PELITA NUSANTARA,-6.8671,107.596,JL. SUKA ASIH 61 A SETIABUDHI,2220389334
SD PELITA JASA,-6.9115,107.5867,JL. KOMUD. SUPADIO GG. HANURA NO.13,81214505099
SD PASUNDAN 3,-6.9274,107.5849,JL. BABAKAN CIPARAY NO.112/194 A,0
SD PERTIWI,-6.8976,107.6071,JL. KEBON BIBIT NO. 16,222512048
SD PELITA,-6.9087,107.6351,JL. CITAMIANG NO. 43,0
SD PASCAL MONTESSORI,-6.9028,107.5974,JL. GUNTUR NO. 14,81464400901
SD PARDOMUAN,-6.9108,107.6185,JL. LOMBOK NO. 7,0
SD PANGKALAN,-6.952,107.578,JL. CIBOLERANG NO. 02,0
SD PASUNDAN 2,-6.9275,107.5854,JL. BABAKAN CIPARAY NO. 112 / 194 A,6026149
SD PELITA BANGSA,-6.948,107.6047,JL. SOEKARNO HATTA NO. 391,225201214
SD PANDU,-6.9052,107.5932,JL. PANDU NO. 6,226021743
SD NUGRAHA,-6.9512,107.6112,JL. PLN DALAM NO. 4,88885318
SD PELITA FAJAR,-6.919,107.5877,JL. JENDRAL SUDIRMAN 467,226001456
SD MUTIARA,-6.9075,107.5779,JL. MALEBER UTARA NO.37,226010563
SD MUTIARA BUNDA,-6.9103,107.6708,JL. ARCAMANIK ENDAH NO.3,227216578
SD MUHAMMADIYAH 8,-6.9158,107.7044,JL. A. H. NASUTION 168 BANDUNG,7806023
SD MUHAMMADIYAH 6,-6.8631,107.6209,JL. IR.H. JUANDA KP. BENGKOK,0
SD MUHAMMADIYAH 7,-6.9177,107.6553,JL. KADIPATEN RAYA NO 4-6,227214139
SD MUHAMMADIYAH 5,-6.94,107.5957,JL. LEUWIPANJANG NO. 24,225233404
SD MUHAMMADIYAH 4,-6.8914,107.5928,JL. SUKAGALIH GG. H. GOJALI NO. 134,222036179
SD MUHAMMADIYAH 2,-6.9273,107.6481,"JL. KEBON JAYANTI GG.
  PENSIUN KIARACONDONG",227333051
SD MUHAMMADIYAH 3,-6.9023,107.653,JL. PHH MUSTOPA,20526830
SD MUHAMMADIYAH 1,-6.9328,107.6235,JL. BANTENG DALAM NO. 6,73512531
SD MIFTAHUL IMAN,-6.8546,107.5936,JL SETIABUDHI 179/171 A,222010399
SD MANAARATUL IMAN HIIS,0,0,JL. DEPOK RAYA NO. 2A,0
SD MATHLAUL KHOERIYAH,-6.903,107.6067,JL. TAMANSARI BAWAH NO. 60,4217645
SD MALEBER UTARA,-6.9071,107.5775,JL. MALEBER UTARA NO.5,0
SD MALEBER SELATAN,-6.9109,107.5712,JL. RAJAWALI GG. LATIFAH,82128284174
SD MARIA BINTANG LAUT,-6.917,107.5922,JL. KEBONJATI NO.209 BANDUNG,226019388
SD MALEBER BARAT,-6.9106,107.5765,JL. MALEBER BARAT GG. WIBAWA III NO. 7,82126906480
SD LPPN,-6.9158,107.5855,JL. RAJAWALI TIMUR NO. 76,0
SD KRISTEN DIAN EMAS,-6.9383,107.6043,JL. MUARA BARAT NO.2,5228858
SD KRISTEN HIDUP BARU,-6.8658,107.606,JL. CIUMBULEUIT NO.160,222031739
SD KRISTEN BPPK,-6.9071,107.5941,JL. PAJAJARAN NO. 91,226006191
SD KRISTEN GAMALIEL,-6.9206,107.6048,JL. JENDRAL SUDIRMAN NO. 205-207,226003553
SD KRISTEN BPK PENABUR PASIRKALIKI 164,-6.9024,107.5977,JL. HOS. COKROAMINOTO NO.164,0
SD KRISTEN BAPTIS,-6.9041,107.6065,JL. WASTUKENCANA NO. 40,224263854
SD KRISTEN BPK PENABUR SINGGASANA,-6.957,107.6146,JL. INDRA PRAHASTA TIMUR NO.2 BANDUNG,225436322
SD KRISTEN BPK PENABUR TAMAN HOLIS INDAH,-6.9463,107.5696,KOMP. TAMAN HOLIS INDAH BLOK A,226003615
SD KRISTEN 6 BPK PENABUR,-6.9171,107.5779,JL. JEND. SUDIRMAN 638,226012483
SD KRISTEN 5 BPK PENABUR,-6.9257,107.621,JL. GUNTUR 34,7319910
SD KRISTEN 2 BINA BAKTI,-6.9097,107.601,JL. BIMA NO. 9,226034388
SD KRISTEN 1 BINA BAKTI,-6.9086,107.5991,JL. BIMA NO. 9,226015168
SD KEMALA BHAYANGKARI 1,-6.932,107.622,JL. PALASARI NO.46,2273511513
SD KRISTEN 1 BPK PENABUR,-6.9196,107.5952,JL. JEND.SUDIRMAN 246,6000136
SD KARTIKA XIX - 1,-6.9127,107.6185,JL. BANGKA NO.3,82249566638
SD KASIH BANGSA,-6.9469,107.5605,TAMAN HOLIS INDAH BLOK G,20585430
SD KARAKTER AZ-ZAHRA,-6.8902,107.6605,JL. PASIRLAYUNG ASRI NO. 15,87241567
SD JEMBAR,-6.9235,107.6441,JL. JATINEGARA NO. 1,85759068801
SD KARTIKA X-1,-6.9277,107.6357,JL. JENDERAL GATOT SUBROTO N0. 160,227314739
SD JUARA,-6.9397,107.7119,JL. TERS. PANYILEUKAN RT.04/13,8112312210
SD ITQAN ISLAMIC SCHOOL,-6.8932,107.6572,"JALAN PADASUKA NO. 160 KEC. CIBEUNYING KIDUL, KOTA BANDUNG
  40192",85793837300
SD KEMAH INDONESIA,-6.9251,107.5941,JL. PAGARSIH GG. ONONG NO.183/89,2286060862
SD IT AL-FAJAR,-6.9669,107.642,JL. BUANA SARI IV NO. 18-21,227511870
SD IT INSAN CERMAT,-6.9097,107.7283,JL. KP. CIGAGAK WETAN NO. 65,2263700863
SD IT AL-HIDAYAH LOGAM,-6.9572,107.644,JL. LOGAM NO. 12,2287507287
SD ISLAM TERPADU AMANAH UMMAH,0,0,JL. CICUKANG NO. 54,0
SD ISLAM TERPADU LUQMANUL HAKIM,-6.9324,107.6759,JL. CINGISED KOMP. PEMDA KAV. D13-D15,2287821297
SD IT AL FITRAH,-6.94484,107.670154,JL. MERKURI TIMUR NO. 1,227567439
SD ISLAM NURUL AMANAH,-6.9371,107.6822,JL. SUMBERSARI NO. 101,0
SD ISTIQAMAH,-6.9047,107.6212,JL. TAMAN CITARUM,224209634
SD ISLAM TERPADU AL IRSYAD,-6.8927,107.641,JL. AL-IRSYAD CIKUTRA RT. 09 RW. 02 KOTA BANDUNG 40124,227271966
SD ISLAM AL-MUIZZ,-6.9474,107.6897,JL. GEDEBAGE NO. 97,0
SD ISLAM AL AZHAR 62 SUMMARECON BANDUNG,0,0,"JL. EDELWEIS NO.001, SUMMARECON BANDUNG",0
SD ISLAM MUTIARA HATI,-6.9205,107.6656,JL. TERUSAN CIKAJANG RAYA,227273245
SD ISLAM CENDEKIA MUDA,-6.9213,107.6752,JL. PURI AYU PRATAMA NO. 17,227102888
SD INTELIGENSIA,-6.92115,107.7092604,JL. A.H NASUTION NO. 242,81223344511
SD IRK,-6.926,107.6167,JL. KARAPITAN 1 NO. 2,224230597
SD INTAN AL-SALI,-6.90702,107.725641,JL. PASANGGRAHAN INDAH NO. 15,2263744941
SD ISLAM AL AZHAR 30,-6.8763,107.5745,JL. TIRTASARI III NO. 1,222015451
SD INDUSTRI,-6.9126,107.5948,JL. INDUSTRI DALAM NO. 2,226120020
SD IGNATIUS SLAMET RIYADI,-6.9255,107.6318,JL. GATOT SUBROTO 221 BANDUNG,227330049
SD IGNATIUS SLAMET RIYADI 2,-6.9373,107.6438,JL. KEBON KANGKUNG X,227305824
SD IBNU TAIMIYAH,-6.8919,107.5927,JL. SUKAGALIH GG. H. GOJALI 02/07,2039087
SD HAS DARUL ILMI,-6.93746,107.6594044,JL. CIDURIAN UTARA NO. 179,227335785
SD GRACIA 2,-6.9281,107.5949,JL. PAGARSIH NO. 256,226017100
SD HARAPAN KASIH,-6.95423,107.602365,JL. MEKAR KENCANA NO. 2A KOMPLEK MEKAR WANGI,2287787262
SD GANESHA,-6.9359,107.6066,JL. MUHAMAD TOHA NO. 84,5206994
SD GIKI,-6.881,107.5967,JL. KARANGSARI NO. 29,222042029
SD DWISAKTI,-6.9102,107.5774,JL. LAKSMUD. NURTANIO NO.58,226011301
SD EDU GLOBAL,-6.90388,107.612557,JL. CITARUM NO. 35,20523705
SD GAGAS CERIA,-6.9206,107.6248,JL. MALABAR NO. 61,7303086
SD DWI AMANAT,-6.9223,107.5877,JL. PAGARSIH NO. 205,6021207
SD EL FITRA,-6.9248,107.665,JL. CIBODAS RAYA NO. 49,2287831182
SD DIAN KENCANA,-6.9379,107.6087,JL. BKR NO. 167,5227047
SD DEWI SARTIKA,-6.9255,107.6042,JL. KAUTAMAAN ISTRI NO.12,224214290
SD DAARUL HIKMAH BANDUNG,-6.9159,107.6569,JL. CIKAMPEK RAYA NO. 17,8122023600
SD DARUL HIKAM INTEGRATED SCHOOL,-6.9055,107.6306,JL. BRIGJEN KATAMSO NO. 07,2220531676
SD CITRA WINAYA,-6.8918,107.5912,JL. CIPEDES NO. 8,0
SD DARUL HIKAM,-6.87889,107.6162759,JL. IR. H. JUANDA 285,222516705
SD CITRA CEMARA,-6.9192,107.5736,JL. SOEKARNO HATTA NO. 22,226123475
SD CIPTA KARYA,-6.9216,107.6364,JL. JEMBATAN OPAT CIBANGKONG LOR NO. 34 BANDUNG,81222009993
SD CEMARA,-6.8853,107.5989,JL. CEMARA SELATAN NO. 358 / 181,81387114374
SD CIPAERA,-6.9205,107.6241,JL. CIPAERA SELATAN NO. 145/33,87825463616
SD CERDAS MUTHAHHARI,-6.9213,107.6717,JL. LAYAR NO. 17,2287241063
SD CAHAYA NUSANTARA,-6.9295,107.5682,KOMP. TAMAN BURUNG B 02 GEMPOL SARI,226076904
SD CERDAS MULIA EKSELENSIA,-6.95638,107.6778652,JL. RAHAYU RAYA II BLOK RANCACILI,2287528060
SD BUDI ISTRI,-6.9296,107.6196,JL. SANCANG NO. 4,227312428
SD BUDI SASTRA,-6.9543,107.6002,JL. WARNA CINTA NO. 98,0
SD BUDI ASIH,-6.9519,107.6466,JL. CIPAGALO GIRANG,227531013
SD CAHAYA PELITA,-6.9275,107.5854,JL. BABAKAN CIPARAY NO. 251/194 A,2286061384
SD BPMD TARUNA,-6.9153,107.5773,JL. HASAN ALI NO. 64 A/76,6044336
SD BODHI SINAR TERANG,-6.91243,107.583537,JL. JEND. SUDIRMAN NO. 478 - 480,6125669
SD BPI,-6.9269,107.624,JL. HALIMUN NO. 40,227301460
SD BINEKAS,-6.90364,107.658246,BUAH BATU REGENCY G7-7,81395221590
SD BINAR INDONESIA,-6.9521,107.6618,JL. RANCABOLANG NO. 241,2287310227
SD BINTANG MADANI,-6.9036,107.6807,JL. TERUSAN PESANTREN NO. 102,227211124
SD BINTANG MULIA,-6.9536,107.6021,JL. MEKAR KENCANA NO.1,225233890
SD BINA TALENTA,-6.9399,107.6125,JL. KEMBAR BARU UTARA NO.4 BANDUNG,225208123
SD BIANGLALA,-6.8756,107.5957,JL. SARI ENDAH 19 A GEGERKALONG HILIR,222008676
SD BANDUNG RAYA,-6.9226,107.5691,JL. CIJERAH NO. 151,81322450839
SD BALA KESELAMATAN,-6.9222,107.6042,JL. GARDUJATI NO. 89,226013297
SD BANDUNG ISLAMIC SCHOOL,-6.93495,107.62337,JL. VAN DEVENTER NO.12,0
SD BAITUL HIKMAH,-6.9212,107.565,JL. MEKAR INDAH NO. 2B,20563364
SD AZ-ZAKIYAH,-6.9449,107.6495,JL. CIJAWURA GIRANG IV NO.2,227503784
SD ATTAZHIMIYAH,-6.9448,107.5655,BLOK PESANTREN RT.01 RW.04,0
SD ASY-SYIFA 2,-6.9274,107.6627,JL. RANDUSARI V,7276439
SD ASY-SYIFA 1,-6.9511,107.667,JALAN SATURNUS TIMUR NO. 94,227564156
SD ASHFIYA,-6.9452,107.6822,JL. RIUNG MUNGPULUNG I,85316335505
SD ASSALAAM,-6.9257,107.6076,JL. SASAKGANTUNG NO. 1-3,224201338
SD ANGKASA 3,-6.899,107.5865,JL. ZUHRI CIK DERI,226078931
SD ARRAFI,-6.942,107.6457,JL. SEKEJATI III NO.20,227311009
SD AR-RAHMAN DARUL ILMI,-6.8934,107.615543,JL. IR. H. JUANDA BLK NO. 423,0
SD AL-AMIN,-6.8811,107.6162,JL. BANGBAYANG NO. 15/157 C,8814537157
SD AL KENZIE,-6.9594,107.6575017,JL. KP. MARGAASIH - CIJAWURA,228724825
SD AL- HIDAYAH,-6.8727,107.6084,JL. RANCABULAN NO. 7 RANCABENTANG,8976632920
SD AL HUSAINIYYAH,-6.8784,107.6063,JL. BUKIT JARIAN NO.29/165 D,0
SD AL IKHLAS,-6.8849,107.5941,JLN. KARANG TINEUNG DALAM NO. 84,2282602705
SD AL HIDAYAH,-6.9295,107.5852,JL. BABAKAN CIPARAY NO. 147,6125992
SD AL FATAH,-6.9437,107.5894,JL. KOPO GG. SUKALEUEUR,81222795110
SD AL FATAH AL HASAN,-6.893,107.5611,JL. GUNUNG BATU NO. 31,82121499400
SD AL FALAH,-6.8726,107.6256,JL. CISITU BARU NO.52,20468502
SD AL BAROKAH,-6.9277,107.5787,JL. AKI PADMA NO. 23,6121235
SD ADZKIA,-6.8674,107.602,JL. PANUMBANG JAYA DALAM NO. 38F,222041514
SD ADVENT NARIPAN,-6.9186,107.6123,JL.NARIPAN NO.91,224234027
SD ADVENT II BANDUNG,-6.8832,107.6024,JL. SETIABUDHI NO 1 BANDUNG,222043220
SD ABU AZIS,-6.90648,107.5734359,JL. JAMARAS IV NO. 11B,227275652
SD AL BASYARIYAH,-6.9494,107.5906,JL. CIBADUYUT LAMA KOMPLEK SAUYUNAN,2285447672
SD ADVENT CIMINDI,-6.9013,107.5639,JL. RAYA CIMINDI NO. 74,226010612
SD 1 KRISTEN PAULUS,-6.9036,107.5996,JL. DR. RAJIMAN NO. 11,4237131
SD 3 KRISTEN PAULUS,-6.911,107.6179,JL. LOMBOK NO. 7,224200244
SD AL AZHAR 36,-6.9274,107.6239,JL. PALASARI NOMOR 09,82115200077
SDN 272 SUKASARI KOTA BANDUNG,-6.88816,107.582331,JL. SUKAKARYA NO. 19,222012989
SDN 274 CEMPAKA ARUM KOTA BANDUNG,-6.9576,107.7078,JL. UMAR BIN KHOTOB,227831910
SDN 271 PANGHEGAR KOTA BANDUNG,-6.9298,107.698,JL. PAMEKAR BARAT NO. 5,0
SDN 269 GRIYA BUMI ANTAPANI KOTA BANDUNG,-6.918,107.6655,JL. BANJARSARI IV NO. 1,0
SDN 270 GENTRA MASEKDAS KOTA BANDUNG,-6.9364,107.5872,JL. SUKAMULYA NO. 29,2287786621
SDN 268 PANYILEUKAN KOTA BANDUNG,-6.9456,107.7143,KOMP. BUMI PANYILEUKAN G.15 NO. 23 RT. 01 RW. 07,2287882549
SDN 267 GRIYA BUMI ANTAPANI KOTA BANDUNG,-6.9195,107.6558,JL. KADIPATEN 14 NO. 2,0
SDN 266 MENGGER KOTA BANDUNG,-6.9497,107.621,JL. TERUSAN SUKAATI NO. 21,2273590207
SDN 265 BANDUNGKULON KOTA BANDUNG,-6.9216,107.5925,JL. CIBADAK GG. IBU AISAH NO.16/9A,0
SDN 264 GRIYA BUMI ANTAPANI KOTA BANDUNG,-6.9145,107.6597,JL. PLERED 9 NO. 25,2220524222
SDN 262 PANYILEUKAN KOTA BANDUNG,-6.942,107.7165,KOMP. BUMI PANYILEUKAN F.1,2287820537
SDN 260 GRIYA BUMI ANTAPANI KOTA BANDUNG,-6.9132,107.6679,JL. TANJUNGSARI VI NO. 40,227210232
SDN 259 GRIYA BUMI ANTAPANI KOTA BANDUNG,-6.9153,107.6652,JL. CIBATU VI NO. 1 ANTAPANI,227215682
SDN 263 RANCALOA KOTA BANDUNG,-6.9467,107.6762,JL. CIPAMOKOLAN NO. 62,227513422
SDN 261 MARGAHAYU RAYA KOTA BANDUNG,-6.9456,107.6581,JL. JUPITER NO.92A,227535321
SDN 256 CIGONDEWAH HILIR KOTA BANDUNG,-6.9455,107.5659,JL. CIGONDEWAH RAHAYU RT. 02/05,2220560028
SDN 258 SUKARELA KOTA BANDUNG,-6.923,107.7009,JL. PANYAWANGAN NO. 7,227816153
SDN 254 GRIYA BUMI ANTAPANI KOTA BANDUNG,-6.913,107.6538,JL. SUBANG V NO. 5,227215348
SDN 255 GRIYA BUMI ANTAPANI KOTA BANDUNG,-6.9196,107.658,JL. CICALENGKA RAYA NO. 1,7214138
SDN 253 PANGGUNGSARI KOTA BANDUNG,-6.9089,107.7022,JL. TERITORIAL NO.112,0
SDN 252 SETIABUDI KOTA BANDUNG,-6.88,107.5789,JL. SARIRASA BLOK IV SARIJADI,222013447
SDN 251 JAMIKA KOTA BANDUNG,-6.9232,107.5873,JL. PAGARSIH GG. PA OYON,6001802
SDN 250 JAKAPURWA KOTA BANDUNG,-6.9615,107.6496,JL. JAKAMULYA NO.16,227500525
SDN 249 ASTANAANYAR KOTA BANDUNG,-6.9324,107.6005,JL. LIOGENTENG NO. 27,225228386
SDN 248 SINDANGSARI KOTA BANDUNG,-6.9268,107.6647,JL. CIBODAS RAYA,82115365997
SDN 247 SUKAPURA KOTA BANDUNG,-6.9218,107.7149,JL. MANGLAYANG I NO.1 KECAMATAN CIBIRU,227832748
SDN 246 MARGACINTA KOTA BANDUNG,-6.9551,107.6421,JL. MARGA INDAH I MARGACINTA,227538126
SDN 244 GURUMINDA KOTA BANDUNG,-6.93368,107.6779344,JL. INDRA JAYA NO. 7,2270779428
SDN 245 SUMBERSARI INDAH KOTA BANDUNG,-6.9373,107.5727,JL. SUMBER MAKMUR NO. 1,226044201
SDN 242 MARGASARI KOTA BANDUNG,-6.9568,107.669,JL. RANCASAWO KOMPLEK PINDAD,0
SDN 243 CICABE KOTA BANDUNG,-6.9007,107.6602,JL. H. ABDUL HAMID NO. 66,227236166
SDN 241 LEUWIANYAR KOTA BANDUNG,-6.9424,107.5944,JL. LEUWIANYAR,0
SDN 239 CIGONDEWAH KOTA BANDUNG,-6.9382,107.5573,JL. BATURENGAT CIGONDEWAH,89655145131
SDN 240 CIJERAH INDAH KOTA BANDUNG,-6.9228,107.5659,JL. MEKAR HURIP NO.18,2220567659
SDN 238 CIGONDEWAH KOTA BANDUNG,-6.9358,107.5611,JL. CIGONDEWAH KALER BLOK JAMBANGAN,226004067
SDN 237 KOPO ELOK KOTA BANDUNG,-6.9573,107.5827,JL. BUANA NO. 8,0
SDN 236 BABAKAN CIPARAY KOTA BANDUNG,-6.9458,107.5789,JL. CARINGIN GG. LUMBUNG III NO. 50,2254423473
SDN 235 LENGKONG KECIL KOTA BANDUNG,-6.92315,107.6153619,JL. LENGKONG KECIL NO. 55,224213041
SDN 233 CIBADUYUT KOTA BANDUNG,-6.9512,107.5941,JL. CIBADUYUT RAYA BLOK PASANTREN NO.45,0
SDN 234 SALUYU KOTA BANDUNG,-6.8976,107.6489,JL. CIMUNCANG DALAM NO.52,227208556
SDN 232 BLOK SAWAH KOTA BANDUNG,-6.9368,107.5591,KP. BLOK SAWAH,0
SDN 231 SUKAASIH KOTA BANDUNG,-6.9008,107.6857,JL. SUKA ASIH ATAS IV BANDUNG,227816875
SDN 229 CIBADUYUT KOTA BANDUNG,-6.9543,107.5873,JL. PRAMBANAN BLOK O NO. 4,225421655
SDN 228 CANGKUANG KOTA BANDUNG,-6.9592,107.5898,JL. CIBADUYUT RAYA GG. TVRI 5,0
SDN 226 ARCAMANIK ENDAH KOTA BANDUNG,-6.9149,107.6785,JL. OLAH RAGA NO. 5,7217230
SDN 230 MARGAHAYU RAYA KOTA BANDUNG,-6.955,107.6635,JL. PLUTO UTARA BLOK G NO.73,227530140
SDN 225 MEKARGALIH KOTA BANDUNG,-6.9081,107.7148,JL. SEKEMALA NO. 73,87821426676
SDN 227 MARGAHAYU UTARA KOTA BANDUNG,-6.95042,107.573243,JL. CIBOLERANG NO. 185,5423824
SDN 224 CIJAMBE KOTA BANDUNG,-6.9095,107.6925,JL. SUKUP BARU NO. 18,227837926
SDN 223 BHAKTI WINAYA KOTA BANDUNG,-6.9413,107.6211,JL. PASIRJAYA VI NO. 1,225229664
SDN 220 GUMURUH KOTA BANDUNG,-6.9352,107.6354,JL. TAURUS NO.60,0
SDN 219 BABAKANJATI KOTA BANDUNG,-6.9418,107.6405,JL. H. BASUKI NO.159,82126403995
SDN 222 PASIRPOGOR KOTA BANDUNG,-6.9616,107.6628,JL. PASIR SUCI NO.8,228759342
SDN 221 BABAKAN SENTRAL KOTA BANDUNG,-6.9296,107.65,JL. TERUSAN PSM NO.2,2287340371
SDN 218 SARIJADI KOTA BANDUNG,-6.8766,107.5769,KOMP. SARIJADI BLOK 8 NO.11,2282001311
SDN 217 SARIJADI KOTA BANDUNG,-6.8782,107.5801,KOMP. PERUM SARIJADI BLOK 4 NO. 100,2282025141
SDN 215 RANCASAGATAN KOTA BANDUNG,-6.9516,107.6993,JL. RANCASAGATAN 1,0
SDN 216 SONDARIAH KOTA BANDUNG,-6.9649,107.7054,JL. RANCANUMPANG,85871087141
SDN 214 PERUMNAS CIJERAH KOTA BANDUNG,-6.9277,107.5654,JL. CIJERAH NO. 232,226022677
SDN 211 BABAKAN PRIANGAN KOTA BANDUNG,-6.9456,107.6128,JL. SRIWIJAYA,225222353
SDN 212 HARAPAN KOTA BANDUNG,-6.8653,107.5884,JL. PAK GATOT VI KPAD,222004661
SDN 213 BABAKAN CIPARAY KOTA BANDUNG,-6.9401,107.5765,JL. CARINGIN CIKUNGKURAK RT.03/06,2220563701
SDN 207 CIBOGO KOTA BANDUNG,-6.8856,107.5792,JL. CIBOGO NO. 78,8.95379E+11
SDN 210 BABAKAN SINYAR KOTA BANDUNG,-6.9282,107.6525,JL. TERUSAN SUKAPURA NO 71,227334268
SDN 206 PUTRACO INDAH KOTA BANDUNG,-6.9419,107.6323,JL. RAJAMANTRI KALER NO. 25,227302178
SDN 209 ANTAPANI KOTA BANDUNG,-6.9105,107.658,JL. ANTAPANI NO. 1,7215025
SDN 208 LUGINASARI SUKAGALIH KOTA BANDUNG,-6.8912,107.5951,JL. SUKAGALIH KOMPLEK POLRI,222030044
SDN 204 CIDADAP KOTA BANDUNG,-6.8634,107.5992,JL. CIPAKU INDAH 2 NO. 13,222001100
SDN 202 SURYALAYA KOTA BANDUNG,-6.9445,107.6248,JL. SURYA INDAH NO.81,2287352335
SDN 205 NEGLASARI KOTA BANDUNG,-6.8906,107.6237,JL. RAYA SADANG SARI NO. 1,0
SDN 203 KACAPIRING KOTA BANDUNG,-6.9234,107.6363,JL. SUKABUMI DALAM NO. 3,0
SDN 192 CIBURUY KOTA BANDUNG,-6.9561,107.6145,JL. CIBURUY KAV. 59,0
SDN 193 CARINGIN KOTA BANDUNG,-6.8896,107.5859,JL. SUKAMULYA NO.46,0
SDN 189 NEGLASARI KOTA BANDUNG,-6.88846,107.6253265,JL. RAYA SADANG SERANG,222535704
SDN 187 LANUMA HUSEIN KOTA BANDUNG,-6.899,107.5864,JL. L.M.U SUPARMIN NO.1 RT 02 RW 02,2220562651
SDN 191 BABAKAN SURABAYA KOTA BANDUNG,-6.9189,107.6448,JL. IBRAHIM ADJIE BELAKANG NO.147,227231655
SDN 190 CISARANTEN KIDUL KOTA BANDUNG,-6.9445,107.6852,JL. RIUNG BAKTI 1,0
SDN 186 CIPADUNG KOTA BANDUNG,-6.9316,107.7138,"JL. A.H. NASUTION NO.71 KM.13,5 CIBIRU",227814156
SDN 188 BANDUNG BARU KOTA BANDUNG,-6.8639,107.6071,JL. BUKIT RAYA SELATAN NO.298,0
SDN 185 CIHAURGEULIS KOTA BANDUNG,-6.9,107.6294,JL. SURAPATI NO. 82,2270778575
SDN 183 SAYURAN KOTA BANDUNG,-6.9233,107.5735,JL. SINDANGSARI KP. SAYURAN NO. 36,2270766373
SDN 184 BUAHBATU KOTA BANDUNG,-6.951,107.6408,JL. IBRAHIM ADJIE NO.65,227512567
SDN 181 SUKAMISKIN KOTA BANDUNG,-6.9108,107.6791,JL. TERUSAN PESANTREN NO 86,85974771133
SDN 179 SARIJADI KOTA BANDUNG,-6.88073,107.5749309,JL. SARIMANIS BLOK 17,222002135
SDN 182 PERUMNAS CIJERAH KOTA BANDUNG,-6.9368,107.5613,JL. CIJERAH BARAT NO. 04,2220561355
SDN 177 CIPEDES KOTA BANDUNG,-6.8692,107.5878,JL. SETRASARI TENGAH NO.15,222012267
SDN 180 PRAKARSA NUGRAHA KOTA BANDUNG,-6.92968,107.6681246,JL. PARAKAN SAAT NO. 45,227335197
SDN 178 GEGERKALONG KPAD KOTA BANDUNG,-6.8665,107.5818,JL. MANUNGGAL KPAD,222002945
SDN 176 CILANDAK KOTA BANDUNG,-6.8756,107.5805,JL. SARIJADI BLOK I,2282027171
SDN 175 TANJAKAN KOTA BANDUNG,-6.891,107.6632,JL. JATIHANDAP NO. 64,2287772110
SDN 173 NEGLASARI KOTA BANDUNG,-6.8915,107.6238,"JL. KP. PASIRKALIKI BARAT, RT 04/15",2220454628
SDN 171 LANUMA HUSEIN KOTA BANDUNG,-6.8938,107.5835,JL. SUKAWARNA NO. 3,226020574
SDN 174 PASIR IMPUN KOTA BANDUNG,-6.8983,107.6738,JL. PASIR IMPUN NO. 23,227216482
SDN 170 DIAN KOTA BANDUNG,-6.8988,107.5889,JL. BUDI NO. 26,226630036
SDN 172 ANDIR KIDUL KOTA BANDUNG,-6.9139,107.6955,JL. A.H NASUTION NO. 38 A,227832462
SDN 168 CIPADUNG KOTA BANDUNG,-6.9247,107.7161,JL. EMBAH JAKSA NO. 145 B,227815028
SDN 166 CIATEUL KOTA BANDUNG,-6.9318,107.6118,JL. IBU INGGIT GARNASIH NO.159,225211958
SDN 169 PELITA KOTA BANDUNG,-6.9227,107.7199,JL. DESA CIPADUNG CIBIRU,2263700432
SDN 167 MENGGER GIRANG KOTA BANDUNG,-6.9519,107.6167,JL. MENGGER GIRANG III NO. 4,2242821008
SDN 165 JATIHANDAP KOTA BANDUNG,-6.8983,107.6569,JL. JATIHANDAP GG. MASJID,227235514
SDN 163 BUAHBATU BARU KOTA BANDUNG,-6.9469,107.6325,JL. BUAHBATU NO. 273,81320575563
SDN 161 SUKAPURA KOTA BANDUNG,-6.9301,107.6493,JL. TERUSAN PSM NO.1,227333050
SDN 162 WARUNGJAMBU KIARACONDONG KOTA BANDUNG,-6.9296,107.6456,JL. WARUNG JAMBU NO.28,0
SDN 164 KARANGPAWULANG KOTA BANDUNG,-6.9391,107.6285,JALAN KARAWITAN NO. 81,87352601
SDN 157 SUKARAJA KOTA BANDUNG,-6.9007,107.5894,JL. TERUSAN PASTEUR NO.38,2117446997
SDN 160 SUKALAKSANA KOTA BANDUNG,-6.9105,107.6474,JL. SUKAKARYA NO.109 CICAHEUM,227216834
SDN 159 SEKEJATI KOTA BANDUNG,-6.9405,107.6535,JL. CIDURIAN UTARA NO.22,0
SDN 156 PASIRKALIKI KOTA BANDUNG,-6.893,107.5646,JL. BABAKAN CIANJUR NO. 81,226027515
SDN 153 TARUNA KARYA KOTA BANDUNG,-6.9188,107.716,JL. GALUMPIT NO.2,81220888375
SDN 158 BABAKAN SARI BABAKAN SURABAYA KOTA BANDUNG,-6.9216,107.6462,JL. BABAKAN SARI I NO.173,81294812887
SDN 155 GUNUNG RAHAYU KOTA BANDUNG,-6.8905,107.5695,JL. MENTOR NO.67 KELURAHAN SUKARAJA KECAMATAN CICENDO,226027644
SDN 154 CITEPUS KOTA BANDUNG,-6.9022,107.5887,JL. ASTANA EYANG,226006312
SDN 152 CIGAGAK KOTA BANDUNG,-6.908,107.7246,JL. CILENGKRANG I NO.153,81220886679
SDN 151 SUKASENANG KOTA BANDUNG,-6.8983,107.6362,JL. P.H.H. MUSTOFA NO. 46,227203489
SDN 150 GATOT SUBROTO KOTA BANDUNG,-6.9031,107.6365,JL. YUDHAWASTU PRAMUKA IV,70723079
SDN 149 CIGADUNG KOTA BANDUNG,-6.8786,107.6255,JL. RANCA KENDAL NO.99,0
SDN 146 GUMURUH KOTA BANDUNG,-6.9305,107.6389,JL. GUMURUH NO.138,227320490
SDN 147 CITARIP BARAT KOTA BANDUNG,-6.9391,107.5852,JL. MADESA NO.24 RT.01/12,0
SDN 148 CIBADUYUT KOTA BANDUNG,-6.9558,107.5912,JL. CIBADUYUT RAYA GG. MA MAJA NO. 50,225426700
SDN 143 KOPO KOTA BANDUNG,-6.9316,107.6024,JL. IBU INGGIT GARNASIH NO.74/21,0
SDN 145 BINONG JATI KOTA BANDUNG,-6.9353,107.6393,JL. BINONGJATI NO. 20,227330319
SDN 144 SITUGUNTING KOTA BANDUNG,-6.9324,107.5842,JL. H. ZAKARIA NO. 56,8987849884
SDN 142 DWIKORA KOTA BANDUNG,-6.9439,107.6029,JL. INHOFTANK NO.16,225232080
SDN 139 SUKARASA KOTA BANDUNG,-6.8685,107.5864,JL. GEGERKALONG HILIR NO. 82,20244928
SDN 140 ARCAMANIK KOTA BANDUNG,-6.9098,107.6771,JL. MEKARSARI NO. 2,0
SDN 141 LOKAJAYA KOTA BANDUNG,-6.9056,107.6807,JL. A.H. NASUTION KM. 9 NO. 7,227807788
SDN 138 GEGERKALONG GIRANG KOTA BANDUNG,-6.8608,107.5866,JL. GEGER ARUM NO. 11B,2014737
SDN 137 CIJEROKASO KOTA BANDUNG,-6.8711,107.5809,JL. SARIJADI RAYA NO.73,222021923
SDN 135 TURANGGA KOTA BANDUNG,-6.9292,107.6348,JL. SALAK NO. 3,227305341
SDN 136 SUKAWARNA KOTA BANDUNG,-6.8822,107.5784,JL. SARIWANGI NO. 1,0
SDN 133 JALAN ANYAR KOTA BANDUNG,-6.9027,107.6528,JL. PADASUKA NO. 99/209 C,227210760
SDN 134 PANORAMA KOTA BANDUNG,-6.8699,107.6011,JL. HEGARMANAH NO. 152,2282602605
SDN 131 CIJAWURA KOTA BANDUNG,-6.9645,107.6569,JL. CIJAWURA HILIR NO.384,227514289
SDN 132 CIHAURGEULIS KOTA BANDUNG,-6.8997,107.6293,JL. SURAPATI NO. 155,222532263
SDN 130 SEKELIMUS BATUNUNGGAL KOTA BANDUNG,-6.9494,107.6373,JL. TERS. BUAHBATU GG. ANYELIR,0
SDN 127 SEKELOA KOTA BANDUNG,-6.8877,107.6189,JL. SEKELOA UTARA NO. 30 A,2220461573
SDN 129 RANCASAWO MARGASARI KOTA BANDUNG,-6.9606,107.6594,JL. RANCASAWO NO.50,2287313125
SDN 128 HAURPANCUH KOTA BANDUNG,-6.8927,107.6197,JL. TERUSAN TEUKU UMAR NO. 87,0
SDN 125 TARUNA KARYA KOTA BANDUNG,-6.9219,107.7137,JL. CILENGKRANG II NO.80,0
SDN 126 BABAKAN KOTA BANDUNG,-6.9269,107.5788,JL. AKI PADMA NO. 1,226005122
SDN 124 HANURA KOTA BANDUNG,-6.8994,107.7245,JL. CIWARU,0
SDN 123 BABAKAN PRIANGAN KOTA BANDUNG,-6.9469,107.6134,JL. BABAKAN PRIANGAN NO.29,0
SDN 120 KOTABARU KOTA BANDUNG,-6.9357,107.6093,JL. KOTA BARU III NO.13,0
SDN 119 CIJAGRA KOTA BANDUNG,-6.9446,107.6276,JL. SITU LEMBANG NO. 1,227319490
SDN 121 CARINGIN HOLIS KOTA BANDUNG,-6.9389,107.5685,JL. HOLIS NO. 424,2220567675
SDN 122 CIJAWURA KOTA BANDUNG,-6.9604,107.663,JL. CIJAWURA,227503953
SDN 118 TANJUNG KOTA BANDUNG,-6.9299,107.5889,JL. BABAKAN TAROGONG NO. 193,226024361
SDN 117 BATUNUNGGAL KOTA BANDUNG,-6.9527,107.6361,JL. ARHANUDRI NO. 12 B,2287307879
SDN 115 TURANGGA KOTA BANDUNG,-6.9315,107.6352,JL. TURANGGA NO. 27,227319616
SDN 116 CICAHEUM KOTA BANDUNG,-6.9027,107.6572,JL. ANTAPANI NO. 44,227236026
SDN 112 PAMOYANAN KOTA BANDUNG,-6.9528,107.6119,JL. MOCH. TOHA BELAKANG NO. 325,0
SDN 114 BOJONGKONENG CIBEUNYING KOTA BANDUNG,-6.89293,107.6448891,JL. BOJONGKONENG NO.38,22220546048
SDN 111 PINDAD KOTA BANDUNG,-6.9359,107.6465,JL. PAPANGGUNGAN NO.1,22731514706
SDN 110 PASIRKALIKI KOMARABUDI KOTA BANDUNG,-6.8908,107.5619,JL. GUNUNG BATU NO.30A,226613553
SDN 108 CIUMBULEUIT KOTA BANDUNG,-6.8741,107.6032,JL. BUKIT INDAH NO.12,82065106
SDN 113 BANJARSARI KOTA BANDUNG,-6.91343,107.61077,JL. MERDEKA NO. 22,4231594
SDN 109 CENTEH KOTA BANDUNG,-6.9199,107.6261,JL. CENTEH NO. 5,88806380400
SDN 107 PALEDANG KOTA BANDUNG,-6.9093,107.7094,JL. NAGROG III NO. 8,227831951
SDN 105 SUKARELA KOTA BANDUNG,-6.9262,107.7049,JL. PASANGGRAHAN IX,227816661
SDN 104 LANGENSARI SENANGGALIH KOTA BANDUNG,-6.89247,107.6256336,JL. KP. PASIRKALIKI BARAT,0
SDN 106 AJITUNGGAL CIJAMBE KOTA BANDUNG,-6.909,107.6928,"JL. TERUSAN SUKUP 
  NO. 5",227838096
SDN 103 COBLONG KOTA BANDUNG,-6.878,107.6171,JL. IR. H. JUANDA NO. 338,222535776
SDN 102 CIKUDAYASA KOTA BANDUNG,-6.91997,107.7253539,JL. CIKUDA,0
SDN 093 TUNAS HARAPAN CIJERAH KOTA BANDUNG,-6.9215,107.5695,JL. CIJERAH NO. 116,226073035
SDN 092 CIBADAK ANDIR KOTA BANDUNG,-6.9214,107.5945,JL. CIBADAK NO.193,226079773
SDN 089 BABAKAN CIPARAY KOTA BANDUNG,-6.9311,107.5875,JL. CARINGIN NO. 150,225431502
SDN 090 CIBIRU KOTA BANDUNG,-6.9343,107.7204,"JL. A.H. NASUTION KM. 14,5 CIBIRU",227830508
SDN 088 EMBONG KOTA BANDUNG,-6.9216,107.6132,JL. EMBONG NO.6,0
SDN 091 CIBEUREUM KOTA BANDUNG,-6.9005,107.566,JL. ASRAMA KIPAL NO. 56,2220565150
SDN 086 CIMINCRANG KOTA BANDUNG,-6.946,107.7048,JL. CILAMETA NO.1,2263724314
SDN 087 RANCABOLANG KOTA BANDUNG,-6.9501,107.6622,JL. RANCABOLANG INDAH NO.1,227514602
SDN 084 CIKADUT KOTA BANDUNG,-6.9027,107.6645,JL. JAMARAS 4 NO.101,2263731979
SDN 085 CIUMBULEUIT KOTA BANDUNG,-6.8633,107.6057,JL. BUKIT RAYA NO. 173,0
SDN 081 KEBON GEDANG KRIDAWINAYA KOTA BANDUNG,-6.9317,107.6394,JL. GUMURUH BELAKANG NO.37,2273514651
SDN 083 BABAKAN SURABAYA KOTA BANDUNG,-6.9199,107.6445,JL. H. IBRAHIM ADJIE NO. 159,227231541
SDN 082 MUARARAJEUN KOTA BANDUNG,-6.9024,107.6316,JL. MUARARAJEUN NO.26,0
SDN 080 BOJONG INDAH CIBUNTU KOTA BANDUNG,-6.9278,107.5809,JL. KAWAT NO. 1,20562854
SDN 079 KOPO PAJAGALAN KOTA BANDUNG,-6.9271,107.6013,JL. PASIRKOJA NO. 37,225222339
SDN 076 SUKAJADI KOTA BANDUNG,-6.8899,107.5971,JL. SUKAJADI NO. 138,64404578
SDN 078 SINDANGSARI ANTAPANI KOTA BANDUNG,-6.9062,107.6647,JL. SINDANGSARI 1,87722273706
SDN 072 SUKASARI KOTA BANDUNG,-6.8819,107.5786,JL. SARIWANGI NO. 1,0
SDN 077 SEJAHTERA KOTA BANDUNG,-6.89304,107.6010519,JL. SEJAHTERA NO. 12,64404377
SDN 073 PAJAGALAN KOTA BANDUNG,-6.9241,107.6007,JL. PAJAGALAN NO. 43,224265847
SDN 074 AYUDIA KOTA BANDUNG,-6.9088,107.589,JL. AYUDIA NO. 25,226029887
SDN 075 JATAYU KOTA BANDUNG,-6.9097,107.5836,JL. KOMUD SUPADIO NO.39A,2220569798
SDN 070 PASIRLUYU KOTA BANDUNG,-6.9397,107.6187,JL. PASIRLUYU NO.164/205A,0
SDN 067 NILEM KOTA BANDUNG,-6.936,107.6203,JL. NILEM NO.10,0
SDN 071 SUKAGALIH KOTA BANDUNG,-6.8927,107.5923,JL. SUKAGALIH NO.108,2042127
SDN 068 SINDANGLAYA KOTA BANDUNG,-6.9051,107.6806,JL. A.H. NASUTION KM.9 NO.15,2287883826
SDN 069 CIPAMOKOLAN DERWATI KOTA BANDUNG,-6.9651,107.683,JL. DERWATI NO. 40,22787309090
SDN 065 CIHAMPELAS KOTA BANDUNG,-6.8871,107.6041,JL. CIHAMPELAS NO. 280,222043935
SDN 066 HALIMUN KOTA BANDUNG,-6.9273,107.6249,JL. HALIMUN NO. 46,227333727
SDN 061 CIJERAH KOTA BANDUNG,-6.9217,107.5692,JL. CIJERAH NO. 122,226021985
SDN 062 CIUJUNG KOTA BANDUNG,-6.90704,107.629567,JL. LAPANGAN SUPRATMAN NO. 7,227274217
SDN 064 PADASUKA KOTA BANDUNG,-6.899,107.6608,JL. PADASUKA NO.90,81221027004
SDN 063 KEBON GEDANG KOTA BANDUNG,-6.928,107.6413,JL. KEBON GEDANG NO.82,81394024928
SDN 058 BABAKAN CIPARAY KOTA BANDUNG,-6.9484,107.5844,JL. CARINGIN GG. PORIB 3,0
SDN 059 CIRANGRANG KOTA BANDUNG,-6.9548,107.5827,"JL. K.H. WAHID HASYIM KOPO KM 5,5",2254433580
SDN 060 RAYA BARAT KOTA BANDUNG,-6.9186,107.5833,JL. JENDRAL SUDIRMAN NO. 587,2263001282
SDN 057 BINAHARAPAN KOTA BANDUNG,-6.9161,107.687,JL. GOLF SELATAN I NO.26,2287881269
SDN 055 JATIHANDAP KOTA BANDUNG,-6.8996,107.6576,JL. JATIHANDAP NO. 50,227211803
SDN 056 GARUDA DADALI KOTA BANDUNG,-6.9129,107.5773,JL. DADALI NO. 5,226071998
SDN 054 TIKUKUR KOTA BANDUNG,-6.8972,107.6217,JL. TITIMPLIK NO. 1,222504130
SDN 053 CISITU KOTA BANDUNG,-6.882,107.6094,JL. SANGKURIANG NO. 87,222513181
SDN 051 PASIRKALIKI KOTA BANDUNG,-6.9017,107.5967,JL. PASIRKALIKI BELAKANG NO.179,85294883002
SDN 052 CISARANTEN WETAN GEDEBAGE KOTA BANDUNG,-6.9408,107.6916,JL. RAYA GEDEBAGE NO. 17,2287885143
SDN 049 DURMAN KOTA BANDUNG,-6.9182,107.5999,JL. DURMAN NO. 30,4263818
SDN 048 SIRNAMANAH KOTA BANDUNG,-6.8883,107.5979,JL. SIRNAMANAH NO. 4,2264401171
SDN 046 SINDANGLAYA KOTA BANDUNG,-6.9037,107.6806,JL. ARCAMANIK NO. 28,227831419
SDN 047 BALONGGEDE KOTA BANDUNG,-6.9246,107.6075,JL. BALONGGEDE NO. 49,81220089933
SDN 050 CIBIRU KOTA BANDUNG,-6.9342,107.7214,"JL. A.H. NASUTION KM.14,5 CIBIRU",227814658
SDN 045 PASIRKALIKI KOTA BANDUNG,-6.8955,107.5611,JL. KARYA I NO. 18,226039134
SDN 041 CIBUNTU WARUNG MUNCANG KOTA BANDUNG,-6.9229,107.5739,JL. HOLIS - KPAD,226003560
SDN 042 GAMBIR KOTA BANDUNG,-6.9429,107.6412,JL. GAMBIR NO. 25,85900071587
SDN 040 PASAWAHAN KOTA BANDUNG,-6.9596,107.6133,JL. MOCHAMAD TOHA NO. 383,225224809
SDN 043 CIMUNCANG KOTA BANDUNG,-6.903,107.6481,JL. BABAKAN HAJI TAMIM NO.33,0
SDN 044 CICADAS AWIGOMBONG KOTA BANDUNG,-6.9077,107.6403,JL. ASEP BERLIAN NO.33,227217671
SDN 039 TEGALEGA KOTA BANDUNG,-6.9381,107.6032,JL. PELINDUNG HEWAN NO. 43,0
SDN 038 KIARACONDONG KOTA BANDUNG,-6.9334,107.643,JL. IBRAHIM ADJIE NO. 355,2273516118
SDN 034 PATRAKOMALA KOTA BANDUNG,-6.912,107.6214,JL. PATRAKOMALA NO.63,0
SDN 037 SABANG KOTA BANDUNG,-6.9082,107.620893,JL. SABANG NO. 2,227208209
SDN 035 SOKA KOTA BANDUNG,-6.9155,107.6289,JL. SOKA NO. 34,227202333
SDN 033 ASMI KOTA BANDUNG,-6.9295,107.608,JL. ASMI NO. 2,0
SDN 032 TILIL KOTA BANDUNG,-6.8982,107.6232,JL. PUYUH NO. 2,222532245
SDN 031 PELESIRAN KOTA BANDUNG,-6.8958,107.6075,JL. PELESIRAN NO. 36,2282520467
SDN 030 CIRATEUN KOTA BANDUNG,-6.8466,107.6014,JL. DR. SETIABUDHI KM.10 NO.5,222020367
SDN 036 UJUNGBERUNG KOTA BANDUNG,-6.9129,107.702,JL. CIGENDING NO. 3,8112261733
SDN 028 GUMURUH KOTA BANDUNG,-6.93,107.6372,JL. CIBANGKONG NO. 13,82127346565
SDN 029 CILENGKRANG KOTA BANDUNG,-6.9136,107.7197,JL. CILENGKRANG I NO.134,2287885183
SDN 027 CICADAS KOTA BANDUNG,-6.906,107.6436,JL. CIKUTRA NO.15,0
SDN 022 CICADAS KOTA BANDUNG,-6.9055,107.6441,JL. CIKUTRA NO. 58,0
SDN 026 BOJONGLOA KOTA BANDUNG,-6.9507,107.594,JL. CIBADUYUT RAYA NO.142/199C,0
SDN 024 COBLONG KOTA BANDUNG,-6.8795,107.6166,JL. IR. H. JUANDA NO. 304,0
SDN 025 CIKUTRA KOTA BANDUNG,-6.8934,107.6372,JL. CIKUTRA NO.326,0
SDN 021 CIPOREAT KOTA BANDUNG,-6.9174,107.7062,JL. A.H. NASUTION NO. 29,7831464
SDN 020 LENGKONG BESAR KOTA BANDUNG,-6.936,107.62,JL. LENGKONG BESAR NO.139,0
SDN 018 SUKAGALIH KOTA BANDUNG,-6.8961,107.6022,JL. SUKAGALIH NO. 69,222043130
SDN 017 SEKEJATI KOTA BANDUNG,-6.9405,107.653,JL. CIDURIAN UTARA NO.18,8.95339E+11
SDN 016 DR. CIPTO PAJAJARAN KOTA BANDUNG,-6.9067,107.5999,JL. PAJAJARAN NO.58 / DR. CIPTO NO.4,224265015
SDN 019 PABAKI KOTA BANDUNG,-6.92748,107.5959857,JL. PABAKI NO. 33,226074847
SDN 003 PAGARSIH KOTA BANDUNG,-6.9231,107.5944,JL. PAGARSIH NO. 77,226021395
SDN 015 KRESNA KOTA BANDUNG,-6.9098,107.5928,JL. KRESNA NO. 47,226010996
SDN 004 CISARANTEN KULON KOTA BANDUNG,-6.9248,107.6834,JL. CISARANTEN KULON NO.129,2287884871
SDN 002 KARANGMULYA KOTA BANDUNG,-6.9125,107.5804,"JL. RAJAWALI SAKTI NO.
  226",226039074
SDN 014 CIGONDEWAH KOTA BANDUNG,-6.9345,107.5635,JL. CIGONDEWAH KALER NO. 15,2220567506
SDN 005 BABAKAN CIPARAY KOTA BANDUNG,-6.948,107.5876,JL. KOPO NO. 440,2254418885
SDN 001 MERDEKA KOTA BANDUNG,-6.9156,107.61,JL. MERDEKA NO. 9,224231251
SDN 006 BUAHBATU KOTA BANDUNG,-6.9517,107.6409,JL. H. IBRAHIM ADJIE NO. 45,227563975
SDN 013 PASIRKALIKI KOTA BANDUNG,-6.9079,107.5978,JALAN HOS COKROAMINOTO NO. 110,224204556
SDN 012 BABAKAN CIPARAY KOTA BANDUNG,-6.9453,107.5834,JL. CARINGIN NO.106,82130168612
SDN 010 CIDADAP KOTA BANDUNG,-6.8645,107.5945,JL. DR. SETIABUDHI NO. 234,22082005741
SDN 011 CIBUNTU KOTA BANDUNG,-6.9192,107.5762,JL. HOLIS NO.31,6044334
SDN 009 CIKADUT KOTA BANDUNG,-6.9038,107.6657,JL. A.H. NASUTION KM.7 NO. 1,2263735415
SDN 008 MOHAMAD TOHA KOTA BANDUNG,-6.9299,107.6067,JL. MOHAMAD TOHA NO. 22,85861815888
SDN 007 CIPAGANTI KOTA BANDUNG,-6.8948,107.6029,JL. SASTRA NO. 11,222043369
SDN 023 PAJAGALAN KOTA BANDUNG,-6.926,107.6005,JL. PAJAGALAN NO. 58,81573129051
SDN 100 CIPEDES KOTA BANDUNG,-6.8694,107.5877,JL. GEGERKALONG HILIR NO. 79,2011271
SDN 095 BABAKANJATI KOTA BANDUNG,-6.9482,107.6506,JL. CIJAWURA GIRANG V,2287500415
SDN 101 SUKAKARYA KOTA BANDUNG,-6.9072,107.6754,JL. SAHARDJO,2263729775
SDN 201 SUKALUYU KOTA BANDUNG,-6.8953,107.6319,JL. RERENG ADUMANIS NO.2A,222512610
SDN 099 BABAKAN TAROGONG KOTA BANDUNG,-6.9385,107.5937,JL. K.H. WAHID HASYIM NO. 256,226029365
SDN 098 CIROYOM KOTA BANDUNG,-6.9157,107.5877,JL. RAJAWALI TIMUR GG.TARUNA NO. 33/26 A,82316119777
SDN 097 CIRATEUN KULON KOTA BANDUNG,-6.8437,107.5977,"JL. DR. SETIABUDI KM. 10,7",222003214
SDN 096 SARIJADI SELATAN KOTA BANDUNG,-6.8836,107.5734,"JL. SARIMADU BAWAH, SARIJADI BLOK 26",222020774
SDN 200 LEUWIPANJANG KOTA BANDUNG,-6.944,107.5995,JL. MUARASARI RAYA NO. 49,225229188
SDN 094 PARAKANWAAS KOTA BANDUNG,-6.9531,107.6268,JL. WAAS II NO. 94B,82126292649
SDN 199 SAYURAN KOTA BANDUNG,-6.9234,107.5739,KP. SAYURAN NO. 74,226003887
SDN 198 MEKARJAYA KOTA BANDUNG,-6.9223,107.6802,JL. CISARANTEN BARU N0. 21,7814496
SDN 197 KARANG TARUNA KARANGSARI KOTA BANDUNG,-6.9123,107.5796,JL. HALTEU UTARA NO. 149,0
SDN 196 SUKARASA KOTA BANDUNG,-6.86564,107.5879333,JL. PAK GATOT V KPAD,222010421
SDN 195 ISOLA KOTA BANDUNG,-6.8639,107.5922,JL. GEGERKALONG GIRANG NO.12,222017869
SDN 194 SUKAJADI KOTA BANDUNG,-6.8833,107.5946,JL. KARANG TINEUNG NO. 5A,222060300
SDN 257 PELITA KOTA BANDUNG,-6.9439,107.632472,JL. RAJAMANTRI KIDUL NO. 4,0
SDN 273 GEMPOL SARI KOTA BANDUNG,-6.9349,107.5533,KOMPLEK BUMI ASRI E-40,0
SD ANGKASA 1,-6.9056,107.5861,JL. PAJAJARAN NO. 150,2220569901
SD ANDIR MUKTI,-6.9136,107.5706,JL. JEND. SUDIRMAN BLK 799,2220594906
SD ALFA CENTAURI,-6.9276,107.6231,JL. TERATE NO. 10,227310894
SD AL-HUNAFA,0,0,JL. NEGLA SENANG I,818242528
SD ALAM BANDUNG,-6.8665,107.6174,JL. CIKALAPA II NO. 4 KP. TANGGULAN DAGO POJOK,2220458742
SD AL-IHSAN ISLAMIC SCHOOL,-6.93376,107.679076,JL. CISARANTEN BARU I NO. 11,81320975696
SD AL-IRHAAM GLOBAL ISLAMIC SCHOOL,-6.9067,107.669913,JL. A.H. NASUTION NO. 133,2263761735
SD AL-QURAN,-6.89976,107.67531,JL. A.H. NASUTION NO. 185,2287789504
SD LABORATORIUM PERCONTOHAN UPI,-6.86169,107.5914717,JL. SENJAYA GURU NO.04,0
SD LINGGAWASTU,-6.9022,107.6059,JL. LINGGAWASTU NO. 8 A,0
SD KUNTUM CEMERLANG,-6.8624,107.6029,JL. CIPAKU INDAH 11 NO.2,2005668
SD KRISTEN TRIMULIA,-6.8953,107.5899,JL. KEBONJATI 145,226030547
SD KRISTEN YAHYA,-6.9044,107.6172,JL. PROGO NO. 4,224234747
SD KRISTEN TRIMULIA HITS,-6.8953,107.5899,JL. DR. DJUNJUNAN NO. 105,2286061577
SD KRISTEN PELITA,-6.9329,107.5717,JL. HOLIS NO. 300,226023009
SD KRISTEN KALAM KUDUS,-6.9323,107.6086,JL. IBU INGGIT GARNASIH NO. 108 .,225200573
SD SANTO YUSUP,-6.9149,107.6111,JL. JAWA NO. 2 - 4,224202336
SD SANTO YUSUP I,-6.9014,107.6441,JL. CIKUTRA NO 7,7231759
SD SANTO ALOYSIUS TR,-6.9133,107.6127,JL. TRUNOJOYO NO. 3,224235536
SD YPI,-6.9016,107.5956,JL. MUHAMMAD NO. 17 BANDUNG,0
SD YPU,-6.9241,107.629,JL. CUKANG JATI NO. 5,82316988254
SD YWKA REL HOMY SCHOOL,-6.9126,107.577,JL. RAJAWALI I NO. 5,6032573
SD YOS SUDARSO,-6.9296,107.6072,JL. MOHAMAD TOHA NO. 19,225212151
SD YKPPK,-6.9058,107.6051,JL. CIHAMPELAS BLK NO. 14,8956488895
SD YAYASAN BERIBU,-6.9235,107.6422,JL. B K R NO. 1,7308323
SD YAYASAN ATIKAN SUNDA,-6.901,107.6472,JL. PHH. MUSTOFA NO. 115,2220541426
SD UNGGULAN AL-IZZAH BANDUNG,0,0,JL. CIGENDING NO. 10,81324977714
SD YAMI,-6.9509,107.609,JL.KARASAK BARU NO.16 BANDUNG,225222362
SD YAKESWA,-6.9026,107.6039,JL. DR. HATTA 54/29 B,224241463
SD WINDU PUTRA,-6.9073,107.5713,JL. BABAKAN CIBEREUM NO.142,81395471008
SD UCHUWWATUL ISLAM,-6.89704,107.5963263,JL. PASIRKALIKI GG. H. ENTO,222018699
SD TRIKARSA,-6.9191,107.644,JL. SAMSI NO. 123/125 A,81223138200
SD TIARA BUNDA,-6.9525,107.6343,JL. BATUNUNGGAL INDAH I 74-76,227510654
SD TULUS KARTIKA,-6.9487,107.6623,JL. RANCABOLANG NO. 140,2287529201
SD TUNAS UNGGUL,-6.8944,107.6787,JL. PASIR IMPUN NO. 94,87789420
SD TERPADU KRIDA NUSANTARA,-6.9237,107.721,JL. DESA CIPADUNG,227830509
SD TEMASEK INDEPENDENT SCHOOL,-6.86505,107.590841,JL. SINDANG SIRNA NO. 8,222031381
SD TERANG NUSANTARA,-6.9225,107.5857,JL. JAMIKA NO. 88,226072222
SD SURYANI DWI MARGA,-6.9233,107.5806,JL. TERUSAN SURYANI NO.16/A - 191/C,6120828
SD SWADAYA 1,-6.9223,107.5888,JL. PAGARSIH NO. 181 E,226075279
SD SURUUR,-6.873,107.5995,JL. HEGARMANAH TENGAH NO. 1A,222037080
SD TARUNA BAKTI,-6.9063,107.6184,JL. LL. RE. MARTADINATA NO. 52,224261571
SD SEQUOIA NASIONAL PLUS,-6.90883,107.605955,JL. ACEH NO. 6,2287804850
SD SANTO ALOYSIUS SUKASARI,-6.8762,107.6043,JL. SUKAJADI 223,222038785
SD SEJATI,-6.8985,107.643,JL. CIKUTRA SUKASARI II NO.20,87823210987
SD SEMI PALAR,-6.89483,107.595397,JL. SUKAMULYA NO.77-79,2270173412
SD SANTO ALOYSIUS BANDUNG KIDUL,-6.9499,107.632,JL. BATUNUNGGAL INDAH II/30,227511670
SD SANTO AGUSTINUS,-6.9139,107.6329,JL. AHMAD YANI NO 273,227217631
SD SANTA MELANIA,-6.9008,107.6238,JL. MELANIA NO. 1-3,227204816
SD SANTA URSULA,-6.913,107.6331,JL. BENGAWAN NO.2,7201774
SD SALUYU,-6.9313,107.5879,KP. SITUGUNTING NO. 309/194 A,81221996405
SD SANTA ANGELA,-6.9125,107.6109,JL. MERDEKA NO. 24,224214736
SD REHOBOTH,-6.9252,107.606,JL. RD. DEWI SARTIKA NO. 36-38,4234384
SD SAINS AL BIRUNI,-6.938,107.7129,JL. RAYA PANYILEUKAN NO. 11,7807681
SD SALMAN AL FARISI,-6.8829,107.6222,JL. TUBAGUS ISMAIL VIII NO.42A,222515961
SD RANCAKASUMBA,-6.9341,107.6802,JL. SUMBERSARI NO. 104,0
SD RABBANI,-6.93182,107.6723432,JALAN JATI,20507186
SD PLUS AL FATWA,-6.9506,107.6134,JL. PLN CIGERELENG NO. 21,2242821035
SD PLUS BAITURRAHMAN,-6.9087,107.7066,JL. PROF. KH. M. SYADELI HASAN NO. 44 NAGROG II,81310008856
SD PROF. DR. MOESTOPO,-6.8845,107.617,"JL. TUBAGUS ISMAIL III 
  NO. 3",222501456
SD PRIANGAN ISTIQAMAH,-6.90676,107.628363,JL. BAROS NO.1,227275494
SD RAJAWALI,-6.9131,107.5837,JL. ANDIR NO 117A/78 BANDUNG,82115111670
SD PRASISTHA,-6.9178,107.5857,JL. ANDIR RI WINATA NO. 15,226040430
SD PLUS AL GHIFARI,-6.934,107.6794,JL. CISARANTEN KULON NO. 140,227806223
SD PELITA NUSANTARA,-6.8671,107.596,JL. SUKA ASIH 61 A SETIABUDHI,2220389334
SD PELITA JASA,-6.9115,107.5867,JL. KOMUD. SUPADIO GG. HANURA NO.13,81214505099
SD PASUNDAN 3,-6.9274,107.5849,JL. BABAKAN CIPARAY NO.112/194 A,0
SD PERTIWI,-6.8976,107.6071,JL. KEBON BIBIT NO. 16,222512048
SD PELITA,-6.9087,107.6351,JL. CITAMIANG NO. 43,0
SD PASCAL MONTESSORI,-6.9028,107.5974,JL. GUNTUR NO. 14,81464400901
SD PARDOMUAN,-6.9108,107.6185,JL. LOMBOK NO. 7,0
SD PANGKALAN,-6.952,107.578,JL. CIBOLERANG NO. 02,0
SD PASUNDAN 2,-6.9275,107.5854,JL. BABAKAN CIPARAY NO. 112 / 194 A,6026149
SD PELITA BANGSA,-6.948,107.6047,JL. SOEKARNO HATTA NO. 391,225201214
SD PANDU,-6.9052,107.5932,JL. PANDU NO. 6,226021743
SD NUGRAHA,-6.9512,107.6112,JL. PLN DALAM NO. 4,88885318
SD PELITA FAJAR,-6.919,107.5877,JL. JENDRAL SUDIRMAN 467,226001456
SD MUTIARA,-6.9075,107.5779,JL. MALEBER UTARA NO.37,226010563
SD MUTIARA BUNDA,-6.9103,107.6708,JL. ARCAMANIK ENDAH NO.3,227216578
SD MUHAMMADIYAH 8,-6.9158,107.7044,JL. A. H. NASUTION 168 BANDUNG,7806023
SD MUHAMMADIYAH 6,-6.8631,107.6209,JL. IR.H. JUANDA KP. BENGKOK,0
SD MUHAMMADIYAH 7,-6.9177,107.6553,JL. KADIPATEN RAYA NO 4-6,227214139
SD MUHAMMADIYAH 5,-6.94,107.5957,JL. LEUWIPANJANG NO. 24,225233404
SD MUHAMMADIYAH 4,-6.8914,107.5928,JL. SUKAGALIH GG. H. GOJALI NO. 134,222036179
SD MUHAMMADIYAH 2,-6.9273,107.6481,"JL. KEBON JAYANTI GG.
  PENSIUN KIARACONDONG",227333051
SD MUHAMMADIYAH 3,-6.9023,107.653,JL. PHH MUSTOPA,20526830
SD MUHAMMADIYAH 1,-6.9328,107.6235,JL. BANTENG DALAM NO. 6,73512531
SD MIFTAHUL IMAN,-6.8546,107.5936,JL SETIABUDHI 179/171 A,222010399
SD MANAARATUL IMAN HIIS,0,0,JL. DEPOK RAYA NO. 2A,0
SD MATHLAUL KHOERIYAH,-6.903,107.6067,JL. TAMANSARI BAWAH NO. 60,4217645
SD MALEBER UTARA,-6.9071,107.5775,JL. MALEBER UTARA NO.5,0
SD MALEBER SELATAN,-6.9109,107.5712,JL. RAJAWALI GG. LATIFAH,82128284174
SD MARIA BINTANG LAUT,-6.917,107.5922,JL. KEBONJATI NO.209 BANDUNG,226019388
SD MALEBER BARAT,-6.9106,107.5765,JL. MALEBER BARAT GG. WIBAWA III NO. 7,82126906480
SD LPPN,-6.9158,107.5855,JL. RAJAWALI TIMUR NO. 76,0
SD KRISTEN DIAN EMAS,-6.9383,107.6043,JL. MUARA BARAT NO.2,5228858
SD KRISTEN HIDUP BARU,-6.8658,107.606,JL. CIUMBULEUIT NO.160,222031739
SD KRISTEN BPPK,-6.9071,107.5941,JL. PAJAJARAN NO. 91,226006191
SD KRISTEN GAMALIEL,-6.9206,107.6048,JL. JENDRAL SUDIRMAN NO. 205-207,226003553
SD KRISTEN BPK PENABUR PASIRKALIKI 164,-6.9024,107.5977,JL. HOS. COKROAMINOTO NO.164,0
SD KRISTEN BAPTIS,-6.9041,107.6065,JL. WASTUKENCANA NO. 40,224263854
SD KRISTEN BPK PENABUR SINGGASANA,-6.957,107.6146,JL. INDRA PRAHASTA TIMUR NO.2 BANDUNG,225436322
SD KRISTEN BPK PENABUR TAMAN HOLIS INDAH,-6.9463,107.5696,KOMP. TAMAN HOLIS INDAH BLOK A,226003615
SD KRISTEN 6 BPK PENABUR,-6.9171,107.5779,JL. JEND. SUDIRMAN 638,226012483
SD KRISTEN 5 BPK PENABUR,-6.9257,107.621,JL. GUNTUR 34,7319910
SD KRISTEN 2 BINA BAKTI,-6.9097,107.601,JL. BIMA NO. 9,226034388
SD KRISTEN 1 BINA BAKTI,-6.9086,107.5991,JL. BIMA NO. 9,226015168
SD KEMALA BHAYANGKARI 1,-6.932,107.622,JL. PALASARI NO.46,2273511513
SD KRISTEN 1 BPK PENABUR,-6.9196,107.5952,JL. JEND.SUDIRMAN 246,6000136
SD KARTIKA XIX - 1,-6.9127,107.6185,JL. BANGKA NO.3,82249566638
SD KASIH BANGSA,-6.9469,107.5605,TAMAN HOLIS INDAH BLOK G,20585430
SD KARAKTER AZ-ZAHRA,-6.8902,107.6605,JL. PASIRLAYUNG ASRI NO. 15,87241567
SD JEMBAR,-6.9235,107.6441,JL. JATINEGARA NO. 1,85759068801
SD KARTIKA X-1,-6.9277,107.6357,JL. JENDERAL GATOT SUBROTO N0. 160,227314739
SD JUARA,-6.9397,107.7119,JL. TERS. PANYILEUKAN RT.04/13,8112312210
SD ITQAN ISLAMIC SCHOOL,-6.8932,107.6572,"JALAN PADASUKA NO. 160 KEC. CIBEUNYING KIDUL, KOTA BANDUNG
  40192",85793837300
SD KEMAH INDONESIA,-6.9251,107.5941,JL. PAGARSIH GG. ONONG NO.183/89,2286060862
SD IT AL-FAJAR,-6.9669,107.642,JL. BUANA SARI IV NO. 18-21,227511870
SD IT INSAN CERMAT,-6.9097,107.7283,JL. KP. CIGAGAK WETAN NO. 65,2263700863
SD IT AL-HIDAYAH LOGAM,-6.9572,107.644,JL. LOGAM NO. 12,2287507287
SD ISLAM TERPADU AMANAH UMMAH,0,0,JL. CICUKANG NO. 54,0
SD ISLAM TERPADU LUQMANUL HAKIM,-6.9324,107.6759,JL. CINGISED KOMP. PEMDA KAV. D13-D15,2287821297
SD IT AL FITRAH,-6.94484,107.670154,JL. MERKURI TIMUR NO. 1,227567439
SD ISLAM NURUL AMANAH,-6.9371,107.6822,JL. SUMBERSARI NO. 101,0
SD ISTIQAMAH,-6.9047,107.6212,JL. TAMAN CITARUM,224209634
SD ISLAM TERPADU AL IRSYAD,-6.8927,107.641,JL. AL-IRSYAD CIKUTRA RT. 09 RW. 02 KOTA BANDUNG 40124,227271966
SD ISLAM AL-MUIZZ,-6.9474,107.6897,JL. GEDEBAGE NO. 97,0
SD ISLAM AL AZHAR 62 SUMMARECON BANDUNG,0,0,"JL. EDELWEIS NO.001, SUMMARECON BANDUNG",0
SD ISLAM MUTIARA HATI,-6.9205,107.6656,JL. TERUSAN CIKAJANG RAYA,227273245
SD ISLAM CENDEKIA MUDA,-6.9213,107.6752,JL. PURI AYU PRATAMA NO. 17,227102888
SD INTELIGENSIA,-6.92115,107.7092604,JL. A.H NASUTION NO. 242,81223344511
SD IRK,-6.926,107.6167,JL. KARAPITAN 1 NO. 2,224230597
SD INTAN AL-SALI,-6.90702,107.725641,JL. PASANGGRAHAN INDAH NO. 15,2263744941
SD ISLAM AL AZHAR 30,-6.8763,107.5745,JL. TIRTASARI III NO. 1,222015451
SD INDUSTRI,-6.9126,107.5948,JL. INDUSTRI DALAM NO. 2,226120020
SD IGNATIUS SLAMET RIYADI,-6.9255,107.6318,JL. GATOT SUBROTO 221 BANDUNG,227330049
SD IGNATIUS SLAMET RIYADI 2,-6.9373,107.6438,JL. KEBON KANGKUNG X,227305824
SD IBNU TAIMIYAH,-6.8919,107.5927,JL. SUKAGALIH GG. H. GOJALI 02/07,2039087
SD HAS DARUL ILMI,-6.93746,107.6594044,JL. CIDURIAN UTARA NO. 179,227335785
SD GRACIA 2,-6.9281,107.5949,JL. PAGARSIH NO. 256,226017100
SD HARAPAN KASIH,-6.95423,107.602365,JL. MEKAR KENCANA NO. 2A KOMPLEK MEKAR WANGI,2287787262
SD GANESHA,-6.9359,107.6066,JL. MUHAMAD TOHA NO. 84,5206994
SD GIKI,-6.881,107.5967,JL. KARANGSARI NO. 29,222042029
SD DWISAKTI,-6.9102,107.5774,JL. LAKSMUD. NURTANIO NO.58,226011301
SD EDU GLOBAL,-6.90388,107.612557,JL. CITARUM NO. 35,20523705
SD GAGAS CERIA,-6.9206,107.6248,JL. MALABAR NO. 61,7303086
SD DWI AMANAT,-6.9223,107.5877,JL. PAGARSIH NO. 205,6021207
SD EL FITRA,-6.9248,107.665,JL. CIBODAS RAYA NO. 49,2287831182
SD DIAN KENCANA,-6.9379,107.6087,JL. BKR NO. 167,5227047
SD DEWI SARTIKA,-6.9255,107.6042,JL. KAUTAMAAN ISTRI NO.12,224214290
SD DAARUL HIKMAH BANDUNG,-6.9159,107.6569,JL. CIKAMPEK RAYA NO. 17,8122023600
SD DARUL HIKAM INTEGRATED SCHOOL,-6.9055,107.6306,JL. BRIGJEN KATAMSO NO. 07,2220531676
SD CITRA WINAYA,-6.8918,107.5912,JL. CIPEDES NO. 8,0
SD DARUL HIKAM,-6.87889,107.6162759,JL. IR. H. JUANDA 285,222516705
SD CITRA CEMARA,-6.9192,107.5736,JL. SOEKARNO HATTA NO. 22,226123475
SD CIPTA KARYA,-6.9216,107.6364,JL. JEMBATAN OPAT CIBANGKONG LOR NO. 34 BANDUNG,81222009993
SD CEMARA,-6.8853,107.5989,JL. CEMARA SELATAN NO. 358 / 181,81387114374
SD CIPAERA,-6.9205,107.6241,JL. CIPAERA SELATAN NO. 145/33,87825463616
SD CERDAS MUTHAHHARI,-6.9213,107.6717,JL. LAYAR NO. 17,2287241063
SD CAHAYA NUSANTARA,-6.9295,107.5682,KOMP. TAMAN BURUNG B 02 GEMPOL SARI,226076904
SD CERDAS MULIA EKSELENSIA,-6.95638,107.6778652,JL. RAHAYU RAYA II BLOK RANCACILI,2287528060
SD BUDI ISTRI,-6.9296,107.6196,JL. SANCANG NO. 4,227312428
SD BUDI SASTRA,-6.9543,107.6002,JL. WARNA CINTA NO. 98,0
SD BUDI ASIH,-6.9519,107.6466,JL. CIPAGALO GIRANG,227531013
SD CAHAYA PELITA,-6.9275,107.5854,JL. BABAKAN CIPARAY NO. 251/194 A,2286061384
SD BPMD TARUNA,-6.9153,107.5773,JL. HASAN ALI NO. 64 A/76,6044336
SD BODHI SINAR TERANG,-6.91243,107.583537,JL. JEND. SUDIRMAN NO. 478 - 480,6125669
SD BPI,-6.9269,107.624,JL. HALIMUN NO. 40,227301460
SD BINEKAS,-6.90364,107.658246,BUAH BATU REGENCY G7-7,81395221590
SD BINAR INDONESIA,-6.9521,107.6618,JL. RANCABOLANG NO. 241,2287310227
SD BINTANG MADANI,-6.9036,107.6807,JL. TERUSAN PESANTREN NO. 102,227211124
SD BINTANG MULIA,-6.9536,107.6021,JL. MEKAR KENCANA NO.1,225233890
SD BINA TALENTA,-6.9399,107.6125,JL. KEMBAR BARU UTARA NO.4 BANDUNG,225208123
SD BIANGLALA,-6.8756,107.5957,JL. SARI ENDAH 19 A GEGERKALONG HILIR,222008676
SD BANDUNG RAYA,-6.9226,107.5691,JL. CIJERAH NO. 151,81322450839
SD BALA KESELAMATAN,-6.9222,107.6042,JL. GARDUJATI NO. 89,226013297
SD BANDUNG ISLAMIC SCHOOL,-6.93495,107.62337,JL. VAN DEVENTER NO.12,0
SD BAITUL HIKMAH,-6.9212,107.565,JL. MEKAR INDAH NO. 2B,20563364
SD AZ-ZAKIYAH,-6.9449,107.6495,JL. CIJAWURA GIRANG IV NO.2,227503784
SD ATTAZHIMIYAH,-6.9448,107.5655,BLOK PESANTREN RT.01 RW.04,0
SD ASY-SYIFA 2,-6.9274,107.6627,JL. RANDUSARI V,7276439
SD ASY-SYIFA 1,-6.9511,107.667,JALAN SATURNUS TIMUR NO. 94,227564156
SD ASHFIYA,-6.9452,107.6822,JL. RIUNG MUNGPULUNG I,85316335505
SD ASSALAAM,-6.9257,107.6076,JL. SASAKGANTUNG NO. 1-3,224201338
SD ANGKASA 3,-6.899,107.5865,JL. ZUHRI CIK DERI,226078931
SD ARRAFI,-6.942,107.6457,JL. SEKEJATI III NO.20,227311009
SD AR-RAHMAN DARUL ILMI,-6.8934,107.615543,JL. IR. H. JUANDA BLK NO. 423,0
SD AL-AMIN,-6.8811,107.6162,JL. BANGBAYANG NO. 15/157 C,8814537157
SD AL KENZIE,-6.9594,107.6575017,JL. KP. MARGAASIH - CIJAWURA,228724825
SD AL- HIDAYAH,-6.8727,107.6084,JL. RANCABULAN NO. 7 RANCABENTANG,8976632920
SD AL HUSAINIYYAH,-6.8784,107.6063,JL. BUKIT JARIAN NO.29/165 D,0
SD AL IKHLAS,-6.8849,107.5941,JLN. KARANG TINEUNG DALAM NO. 84,2282602705
SD AL HIDAYAH,-6.9295,107.5852,JL. BABAKAN CIPARAY NO. 147,6125992
SD AL FATAH,-6.9437,107.5894,JL. KOPO GG. SUKALEUEUR,81222795110
SD AL FATAH AL HASAN,-6.893,107.5611,JL. GUNUNG BATU NO. 31,82121499400
SD AL FALAH,-6.8726,107.6256,JL. CISITU BARU NO.52,20468502
SD AL BAROKAH,-6.9277,107.5787,JL. AKI PADMA NO. 23,6121235
SD ADZKIA,-6.8674,107.602,JL. PANUMBANG JAYA DALAM NO. 38F,222041514
SD ADVENT NARIPAN,-6.9186,107.6123,JL.NARIPAN NO.91,224234027
SD ADVENT II BANDUNG,-6.8832,107.6024,JL. SETIABUDHI NO 1 BANDUNG,222043220
SD ABU AZIS,-6.90648,107.5734359,JL. JAMARAS IV NO. 11B,227275652
SD AL BASYARIYAH,-6.9494,107.5906,JL. CIBADUYUT LAMA KOMPLEK SAUYUNAN,2285447672
SD ADVENT CIMINDI,-6.9013,107.5639,JL. RAYA CIMINDI NO. 74,226010612
SD 1 KRISTEN PAULUS,-6.9036,107.5996,JL. DR. RAJIMAN NO. 11,4237131
SD 3 KRISTEN PAULUS,-6.911,107.6179,JL. LOMBOK NO. 7,224200244
SD AL AZHAR 36,-6.9274,107.6239,JL. PALASARI NOMOR 09,82115200077
SDN 272 SUKASARI KOTA BANDUNG,-6.88816,107.582331,JL. SUKAKARYA NO. 19,222012989
SDN 274 CEMPAKA ARUM KOTA BANDUNG,-6.9576,107.7078,JL. UMAR BIN KHOTOB,227831910
SDN 271 PANGHEGAR KOTA BANDUNG,-6.9298,107.698,JL. PAMEKAR BARAT NO. 5,0
SDN 269 GRIYA BUMI ANTAPANI KOTA BANDUNG,-6.918,107.6655,JL. BANJARSARI IV NO. 1,0
SDN 270 GENTRA MASEKDAS KOTA BANDUNG,-6.9364,107.5872,JL. SUKAMULYA NO. 29,2287786621
SDN 268 PANYILEUKAN KOTA BANDUNG,-6.9456,107.7143,KOMP. BUMI PANYILEUKAN G.15 NO. 23 RT. 01 RW. 07,2287882549
SDN 267 GRIYA BUMI ANTAPANI KOTA BANDUNG,-6.9195,107.6558,JL. KADIPATEN 14 NO. 2,0
SDN 266 MENGGER KOTA BANDUNG,-6.9497,107.621,JL. TERUSAN SUKAATI NO. 21,2273590207
SDN 265 BANDUNGKULON KOTA BANDUNG,-6.9216,107.5925,JL. CIBADAK GG. IBU AISAH NO.16/9A,0
SDN 264 GRIYA BUMI ANTAPANI KOTA BANDUNG,-6.9145,107.6597,JL. PLERED 9 NO. 25,2220524222
SDN 262 PANYILEUKAN KOTA BANDUNG,-6.942,107.7165,KOMP. BUMI PANYILEUKAN F.1,2287820537
SDN 260 GRIYA BUMI ANTAPANI KOTA BANDUNG,-6.9132,107.6679,JL. TANJUNGSARI VI NO. 40,227210232
SDN 259 GRIYA BUMI ANTAPANI KOTA BANDUNG,-6.9153,107.6652,JL. CIBATU VI NO. 1 ANTAPANI,227215682
SDN 263 RANCALOA KOTA BANDUNG,-6.9467,107.6762,JL. CIPAMOKOLAN NO. 62,227513422
SDN 261 MARGAHAYU RAYA KOTA BANDUNG,-6.9456,107.6581,JL. JUPITER NO.92A,227535321
SDN 256 CIGONDEWAH HILIR KOTA BANDUNG,-6.9455,107.5659,JL. CIGONDEWAH RAHAYU RT. 02/05,2220560028
SDN 258 SUKARELA KOTA BANDUNG,-6.923,107.7009,JL. PANYAWANGAN NO. 7,227816153
SDN 254 GRIYA BUMI ANTAPANI KOTA BANDUNG,-6.913,107.6538,JL. SUBANG V NO. 5,227215348
SDN 255 GRIYA BUMI ANTAPANI KOTA BANDUNG,-6.9196,107.658,JL. CICALENGKA RAYA NO. 1,7214138
SDN 253 PANGGUNGSARI KOTA BANDUNG,-6.9089,107.7022,JL. TERITORIAL NO.112,0
SDN 252 SETIABUDI KOTA BANDUNG,-6.88,107.5789,JL. SARIRASA BLOK IV SARIJADI,222013447
SDN 251 JAMIKA KOTA BANDUNG,-6.9232,107.5873,JL. PAGARSIH GG. PA OYON,6001802
SDN 250 JAKAPURWA KOTA BANDUNG,-6.9615,107.6496,JL. JAKAMULYA NO.16,227500525
SDN 249 ASTANAANYAR KOTA BANDUNG,-6.9324,107.6005,JL. LIOGENTENG NO. 27,225228386
SDN 248 SINDANGSARI KOTA BANDUNG,-6.9268,107.6647,JL. CIBODAS RAYA,82115365997
SDN 247 SUKAPURA KOTA BANDUNG,-6.9218,107.7149,JL. MANGLAYANG I NO.1 KECAMATAN CIBIRU,227832748
SDN 246 MARGACINTA KOTA BANDUNG,-6.9551,107.6421,JL. MARGA INDAH I MARGACINTA,227538126
SDN 244 GURUMINDA KOTA BANDUNG,-6.93368,107.6779344,JL. INDRA JAYA NO. 7,2270779428
SDN 245 SUMBERSARI INDAH KOTA BANDUNG,-6.9373,107.5727,JL. SUMBER MAKMUR NO. 1,226044201
SDN 242 MARGASARI KOTA BANDUNG,-6.9568,107.669,JL. RANCASAWO KOMPLEK PINDAD,0
SDN 243 CICABE KOTA BANDUNG,-6.9007,107.6602,JL. H. ABDUL HAMID NO. 66,227236166
SDN 241 LEUWIANYAR KOTA BANDUNG,-6.9424,107.5944,JL. LEUWIANYAR,0
SDN 239 CIGONDEWAH KOTA BANDUNG,-6.9382,107.5573,JL. BATURENGAT CIGONDEWAH,89655145131
SDN 240 CIJERAH INDAH KOTA BANDUNG,-6.9228,107.5659,JL. MEKAR HURIP NO.18,2220567659
SDN 238 CIGONDEWAH KOTA BANDUNG,-6.9358,107.5611,JL. CIGONDEWAH KALER BLOK JAMBANGAN,226004067
SDN 237 KOPO ELOK KOTA BANDUNG,-6.9573,107.5827,JL. BUANA NO. 8,0
SDN 236 BABAKAN CIPARAY KOTA BANDUNG,-6.9458,107.5789,JL. CARINGIN GG. LUMBUNG III NO. 50,2254423473
SDN 235 LENGKONG KECIL KOTA BANDUNG,-6.92315,107.6153619,JL. LENGKONG KECIL NO. 55,224213041
SDN 233 CIBADUYUT KOTA BANDUNG,-6.9512,107.5941,JL. CIBADUYUT RAYA BLOK PASANTREN NO.45,0
SDN 234 SALUYU KOTA BANDUNG,-6.8976,107.6489,JL. CIMUNCANG DALAM NO.52,227208556
SDN 232 BLOK SAWAH KOTA BANDUNG,-6.9368,107.5591,KP. BLOK SAWAH,0
SDN 231 SUKAASIH KOTA BANDUNG,-6.9008,107.6857,JL. SUKA ASIH ATAS IV BANDUNG,227816875
SDN 229 CIBADUYUT KOTA BANDUNG,-6.9543,107.5873,JL. PRAMBANAN BLOK O NO. 4,225421655
SDN 228 CANGKUANG KOTA BANDUNG,-6.9592,107.5898,JL. CIBADUYUT RAYA GG. TVRI 5,0
SDN 226 ARCAMANIK ENDAH KOTA BANDUNG,-6.9149,107.6785,JL. OLAH RAGA NO. 5,7217230
SDN 230 MARGAHAYU RAYA KOTA BANDUNG,-6.955,107.6635,JL. PLUTO UTARA BLOK G NO.73,227530140
SDN 225 MEKARGALIH KOTA BANDUNG,-6.9081,107.7148,JL. SEKEMALA NO. 73,87821426676
SDN 227 MARGAHAYU UTARA KOTA BANDUNG,-6.95042,107.573243,JL. CIBOLERANG NO. 185,5423824
SDN 224 CIJAMBE KOTA BANDUNG,-6.9095,107.6925,JL. SUKUP BARU NO. 18,227837926
SDN 223 BHAKTI WINAYA KOTA BANDUNG,-6.9413,107.6211,JL. PASIRJAYA VI NO. 1,225229664
SDN 220 GUMURUH KOTA BANDUNG,-6.9352,107.6354,JL. TAURUS NO.60,0
SDN 219 BABAKANJATI KOTA BANDUNG,-6.9418,107.6405,JL. H. BASUKI NO.159,82126403995
SDN 222 PASIRPOGOR KOTA BANDUNG,-6.9616,107.6628,JL. PASIR SUCI NO.8,228759342
SDN 221 BABAKAN SENTRAL KOTA BANDUNG,-6.9296,107.65,JL. TERUSAN PSM NO.2,2287340371
SDN 218 SARIJADI KOTA BANDUNG,-6.8766,107.5769,KOMP. SARIJADI BLOK 8 NO.11,2282001311
SDN 217 SARIJADI KOTA BANDUNG,-6.8782,107.5801,KOMP. PERUM SARIJADI BLOK 4 NO. 100,2282025141
SDN 215 RANCASAGATAN KOTA BANDUNG,-6.9516,107.6993,JL. RANCASAGATAN 1,0
SDN 216 SONDARIAH KOTA BANDUNG,-6.9649,107.7054,JL. RANCANUMPANG,85871087141
SDN 214 PERUMNAS CIJERAH KOTA BANDUNG,-6.9277,107.5654,JL. CIJERAH NO. 232,226022677
SDN 211 BABAKAN PRIANGAN KOTA BANDUNG,-6.9456,107.6128,JL. SRIWIJAYA,225222353
SDN 212 HARAPAN KOTA BANDUNG,-6.8653,107.5884,JL. PAK GATOT VI KPAD,222004661
SDN 213 BABAKAN CIPARAY KOTA BANDUNG,-6.9401,107.5765,JL. CARINGIN CIKUNGKURAK RT.03/06,2220563701
SDN 207 CIBOGO KOTA BANDUNG,-6.8856,107.5792,JL. CIBOGO NO. 78,8.95379E+11
SDN 210 BABAKAN SINYAR KOTA BANDUNG,-6.9282,107.6525,JL. TERUSAN SUKAPURA NO 71,227334268
SDN 206 PUTRACO INDAH KOTA BANDUNG,-6.9419,107.6323,JL. RAJAMANTRI KALER NO. 25,227302178
SDN 209 ANTAPANI KOTA BANDUNG,-6.9105,107.658,JL. ANTAPANI NO. 1,7215025
SDN 208 LUGINASARI SUKAGALIH KOTA BANDUNG,-6.8912,107.5951,JL. SUKAGALIH KOMPLEK POLRI,222030044
SDN 204 CIDADAP KOTA BANDUNG,-6.8634,107.5992,JL. CIPAKU INDAH 2 NO. 13,222001100
SDN 202 SURYALAYA KOTA BANDUNG,-6.9445,107.6248,JL. SURYA INDAH NO.81,2287352335
SDN 205 NEGLASARI KOTA BANDUNG,-6.8906,107.6237,JL. RAYA SADANG SARI NO. 1,0
SDN 203 KACAPIRING KOTA BANDUNG,-6.9234,107.6363,JL. SUKABUMI DALAM NO. 3,0
SDN 192 CIBURUY KOTA BANDUNG,-6.9561,107.6145,JL. CIBURUY KAV. 59,0
SDN 193 CARINGIN KOTA BANDUNG,-6.8896,107.5859,JL. SUKAMULYA NO.46,0
SDN 189 NEGLASARI KOTA BANDUNG,-6.88846,107.6253265,JL. RAYA SADANG SERANG,222535704
SDN 187 LANUMA HUSEIN KOTA BANDUNG,-6.899,107.5864,JL. L.M.U SUPARMIN NO.1 RT 02 RW 02,2220562651
SDN 191 BABAKAN SURABAYA KOTA BANDUNG,-6.9189,107.6448,JL. IBRAHIM ADJIE BELAKANG NO.147,227231655
SDN 190 CISARANTEN KIDUL KOTA BANDUNG,-6.9445,107.6852,JL. RIUNG BAKTI 1,0
SDN 186 CIPADUNG KOTA BANDUNG,-6.9316,107.7138,"JL. A.H. NASUTION NO.71 KM.13,5 CIBIRU",227814156
SDN 188 BANDUNG BARU KOTA BANDUNG,-6.8639,107.6071,JL. BUKIT RAYA SELATAN NO.298,0
SDN 185 CIHAURGEULIS KOTA BANDUNG,-6.9,107.6294,JL. SURAPATI NO. 82,2270778575
SDN 183 SAYURAN KOTA BANDUNG,-6.9233,107.5735,JL. SINDANGSARI KP. SAYURAN NO. 36,2270766373
SDN 184 BUAHBATU KOTA BANDUNG,-6.951,107.6408,JL. IBRAHIM ADJIE NO.65,227512567
SDN 181 SUKAMISKIN KOTA BANDUNG,-6.9108,107.6791,JL. TERUSAN PESANTREN NO 86,85974771133
SDN 179 SARIJADI KOTA BANDUNG,-6.88073,107.5749309,JL. SARIMANIS BLOK 17,222002135
SDN 182 PERUMNAS CIJERAH KOTA BANDUNG,-6.9368,107.5613,JL. CIJERAH BARAT NO. 04,2220561355
SDN 177 CIPEDES KOTA BANDUNG,-6.8692,107.5878,JL. SETRASARI TENGAH NO.15,222012267
SDN 180 PRAKARSA NUGRAHA KOTA BANDUNG,-6.92968,107.6681246,JL. PARAKAN SAAT NO. 45,227335197
SDN 178 GEGERKALONG KPAD KOTA BANDUNG,-6.8665,107.5818,JL. MANUNGGAL KPAD,222002945
SDN 176 CILANDAK KOTA BANDUNG,-6.8756,107.5805,JL. SARIJADI BLOK I,2282027171
SDN 175 TANJAKAN KOTA BANDUNG,-6.891,107.6632,JL. JATIHANDAP NO. 64,2287772110
SDN 173 NEGLASARI KOTA BANDUNG,-6.8915,107.6238,"JL. KP. PASIRKALIKI BARAT, RT 04/15",2220454628
SDN 171 LANUMA HUSEIN KOTA BANDUNG,-6.8938,107.5835,JL. SUKAWARNA NO. 3,226020574
SDN 174 PASIR IMPUN KOTA BANDUNG,-6.8983,107.6738,JL. PASIR IMPUN NO. 23,227216482
SDN 170 DIAN KOTA BANDUNG,-6.8988,107.5889,JL. BUDI NO. 26,226630036
SDN 172 ANDIR KIDUL KOTA BANDUNG,-6.9139,107.6955,JL. A.H NASUTION NO. 38 A,227832462
SDN 168 CIPADUNG KOTA BANDUNG,-6.9247,107.7161,JL. EMBAH JAKSA NO. 145 B,227815028
SDN 166 CIATEUL KOTA BANDUNG,-6.9318,107.6118,JL. IBU INGGIT GARNASIH NO.159,225211958
SDN 169 PELITA KOTA BANDUNG,-6.9227,107.7199,JL. DESA CIPADUNG CIBIRU,2263700432
SDN 167 MENGGER GIRANG KOTA BANDUNG,-6.9519,107.6167,JL. MENGGER GIRANG III NO. 4,2242821008
SDN 165 JATIHANDAP KOTA BANDUNG,-6.8983,107.6569,JL. JATIHANDAP GG. MASJID,227235514
SDN 163 BUAHBATU BARU KOTA BANDUNG,-6.9469,107.6325,JL. BUAHBATU NO. 273,81320575563
SDN 161 SUKAPURA KOTA BANDUNG,-6.9301,107.6493,JL. TERUSAN PSM NO.1,227333050
SDN 162 WARUNGJAMBU KIARACONDONG KOTA BANDUNG,-6.9296,107.6456,JL. WARUNG JAMBU NO.28,0
SDN 164 KARANGPAWULANG KOTA BANDUNG,-6.9391,107.6285,JALAN KARAWITAN NO. 81,87352601
SDN 157 SUKARAJA KOTA BANDUNG,-6.9007,107.5894,JL. TERUSAN PASTEUR NO.38,2117446997
SDN 160 SUKALAKSANA KOTA BANDUNG,-6.9105,107.6474,JL. SUKAKARYA NO.109 CICAHEUM,227216834
SDN 159 SEKEJATI KOTA BANDUNG,-6.9405,107.6535,JL. CIDURIAN UTARA NO.22,0
SDN 156 PASIRKALIKI KOTA BANDUNG,-6.893,107.5646,JL. BABAKAN CIANJUR NO. 81,226027515
SDN 153 TARUNA KARYA KOTA BANDUNG,-6.9188,107.716,JL. GALUMPIT NO.2,81220888375
SDN 158 BABAKAN SARI BABAKAN SURABAYA KOTA BANDUNG,-6.9216,107.6462,JL. BABAKAN SARI I NO.173,81294812887
SDN 155 GUNUNG RAHAYU KOTA BANDUNG,-6.8905,107.5695,JL. MENTOR NO.67 KELURAHAN SUKARAJA KECAMATAN CICENDO,226027644
SDN 154 CITEPUS KOTA BANDUNG,-6.9022,107.5887,JL. ASTANA EYANG,226006312
SDN 152 CIGAGAK KOTA BANDUNG,-6.908,107.7246,JL. CILENGKRANG I NO.153,81220886679
SDN 151 SUKASENANG KOTA BANDUNG,-6.8983,107.6362,JL. P.H.H. MUSTOFA NO. 46,227203489
SDN 150 GATOT SUBROTO KOTA BANDUNG,-6.9031,107.6365,JL. YUDHAWASTU PRAMUKA IV,70723079
SDN 149 CIGADUNG KOTA BANDUNG,-6.8786,107.6255,JL. RANCA KENDAL NO.99,0
SDN 146 GUMURUH KOTA BANDUNG,-6.9305,107.6389,JL. GUMURUH NO.138,227320490
SDN 147 CITARIP BARAT KOTA BANDUNG,-6.9391,107.5852,JL. MADESA NO.24 RT.01/12,0
SDN 148 CIBADUYUT KOTA BANDUNG,-6.9558,107.5912,JL. CIBADUYUT RAYA GG. MA MAJA NO. 50,225426700
SDN 143 KOPO KOTA BANDUNG,-6.9316,107.6024,JL. IBU INGGIT GARNASIH NO.74/21,0
SDN 145 BINONG JATI KOTA BANDUNG,-6.9353,107.6393,JL. BINONGJATI NO. 20,227330319
SDN 144 SITUGUNTING KOTA BANDUNG,-6.9324,107.5842,JL. H. ZAKARIA NO. 56,8987849884
SDN 142 DWIKORA KOTA BANDUNG,-6.9439,107.6029,JL. INHOFTANK NO.16,225232080
SDN 139 SUKARASA KOTA BANDUNG,-6.8685,107.5864,JL. GEGERKALONG HILIR NO. 82,20244928
SDN 140 ARCAMANIK KOTA BANDUNG,-6.9098,107.6771,JL. MEKARSARI NO. 2,0
SDN 141 LOKAJAYA KOTA BANDUNG,-6.9056,107.6807,JL. A.H. NASUTION KM. 9 NO. 7,227807788
SDN 138 GEGERKALONG GIRANG KOTA BANDUNG,-6.8608,107.5866,JL. GEGER ARUM NO. 11B,2014737
SDN 137 CIJEROKASO KOTA BANDUNG,-6.8711,107.5809,JL. SARIJADI RAYA NO.73,222021923
SDN 135 TURANGGA KOTA BANDUNG,-6.9292,107.6348,JL. SALAK NO. 3,227305341
SDN 136 SUKAWARNA KOTA BANDUNG,-6.8822,107.5784,JL. SARIWANGI NO. 1,0
SDN 133 JALAN ANYAR KOTA BANDUNG,-6.9027,107.6528,JL. PADASUKA NO. 99/209 C,227210760
SDN 134 PANORAMA KOTA BANDUNG,-6.8699,107.6011,JL. HEGARMANAH NO. 152,2282602605
SDN 131 CIJAWURA KOTA BANDUNG,-6.9645,107.6569,JL. CIJAWURA HILIR NO.384,227514289
SDN 132 CIHAURGEULIS KOTA BANDUNG,-6.8997,107.6293,JL. SURAPATI NO. 155,222532263
SDN 130 SEKELIMUS BATUNUNGGAL KOTA BANDUNG,-6.9494,107.6373,JL. TERS. BUAHBATU GG. ANYELIR,0
SDN 127 SEKELOA KOTA BANDUNG,-6.8877,107.6189,JL. SEKELOA UTARA NO. 30 A,2220461573
SDN 129 RANCASAWO MARGASARI KOTA BANDUNG,-6.9606,107.6594,JL. RANCASAWO NO.50,2287313125
SDN 128 HAURPANCUH KOTA BANDUNG,-6.8927,107.6197,JL. TERUSAN TEUKU UMAR NO. 87,0
SDN 125 TARUNA KARYA KOTA BANDUNG,-6.9219,107.7137,JL. CILENGKRANG II NO.80,0
SDN 126 BABAKAN KOTA BANDUNG,-6.9269,107.5788,JL. AKI PADMA NO. 1,226005122
SDN 124 HANURA KOTA BANDUNG,-6.8994,107.7245,JL. CIWARU,0
SDN 123 BABAKAN PRIANGAN KOTA BANDUNG,-6.9469,107.6134,JL. BABAKAN PRIANGAN NO.29,0
SDN 120 KOTABARU KOTA BANDUNG,-6.9357,107.6093,JL. KOTA BARU III NO.13,0
SDN 119 CIJAGRA KOTA BANDUNG,-6.9446,107.6276,JL. SITU LEMBANG NO. 1,227319490
SDN 121 CARINGIN HOLIS KOTA BANDUNG,-6.9389,107.5685,JL. HOLIS NO. 424,2220567675
SDN 122 CIJAWURA KOTA BANDUNG,-6.9604,107.663,JL. CIJAWURA,227503953
SDN 118 TANJUNG KOTA BANDUNG,-6.9299,107.5889,JL. BABAKAN TAROGONG NO. 193,226024361
SDN 117 BATUNUNGGAL KOTA BANDUNG,-6.9527,107.6361,JL. ARHANUDRI NO. 12 B,2287307879
SDN 115 TURANGGA KOTA BANDUNG,-6.9315,107.6352,JL. TURANGGA NO. 27,227319616
SDN 116 CICAHEUM KOTA BANDUNG,-6.9027,107.6572,JL. ANTAPANI NO. 44,227236026
SDN 112 PAMOYANAN KOTA BANDUNG,-6.9528,107.6119,JL. MOCH. TOHA BELAKANG NO. 325,0
SDN 114 BOJONGKONENG CIBEUNYING KOTA BANDUNG,-6.89293,107.6448891,JL. BOJONGKONENG NO.38,22220546048
SDN 111 PINDAD KOTA BANDUNG,-6.9359,107.6465,JL. PAPANGGUNGAN NO.1,22731514706
SDN 110 PASIRKALIKI KOMARABUDI KOTA BANDUNG,-6.8908,107.5619,JL. GUNUNG BATU NO.30A,226613553
SDN 108 CIUMBULEUIT KOTA BANDUNG,-6.8741,107.6032,JL. BUKIT INDAH NO.12,82065106
SDN 113 BANJARSARI KOTA BANDUNG,-6.91343,107.61077,JL. MERDEKA NO. 22,4231594
SDN 109 CENTEH KOTA BANDUNG,-6.9199,107.6261,JL. CENTEH NO. 5,88806380400
SDN 107 PALEDANG KOTA BANDUNG,-6.9093,107.7094,JL. NAGROG III NO. 8,227831951
SDN 105 SUKARELA KOTA BANDUNG,-6.9262,107.7049,JL. PASANGGRAHAN IX,227816661
SDN 104 LANGENSARI SENANGGALIH KOTA BANDUNG,-6.89247,107.6256336,JL. KP. PASIRKALIKI BARAT,0
SDN 106 AJITUNGGAL CIJAMBE KOTA BANDUNG,-6.909,107.6928,"JL. TERUSAN SUKUP 
  NO. 5",227838096
SDN 103 COBLONG KOTA BANDUNG,-6.878,107.6171,JL. IR. H. JUANDA NO. 338,222535776
SDN 102 CIKUDAYASA KOTA BANDUNG,-6.91997,107.7253539,JL. CIKUDA,0
SDN 093 TUNAS HARAPAN CIJERAH KOTA BANDUNG,-6.9215,107.5695,JL. CIJERAH NO. 116,226073035
SDN 092 CIBADAK ANDIR KOTA BANDUNG,-6.9214,107.5945,JL. CIBADAK NO.193,226079773
SDN 089 BABAKAN CIPARAY KOTA BANDUNG,-6.9311,107.5875,JL. CARINGIN NO. 150,225431502
SDN 090 CIBIRU KOTA BANDUNG,-6.9343,107.7204,"JL. A.H. NASUTION KM. 14,5 CIBIRU",227830508
SDN 088 EMBONG KOTA BANDUNG,-6.9216,107.6132,JL. EMBONG NO.6,0
SDN 091 CIBEUREUM KOTA BANDUNG,-6.9005,107.566,JL. ASRAMA KIPAL NO. 56,2220565150
SDN 086 CIMINCRANG KOTA BANDUNG,-6.946,107.7048,JL. CILAMETA NO.1,2263724314
SDN 087 RANCABOLANG KOTA BANDUNG,-6.9501,107.6622,JL. RANCABOLANG INDAH NO.1,227514602
SDN 084 CIKADUT KOTA BANDUNG,-6.9027,107.6645,JL. JAMARAS 4 NO.101,2263731979
SDN 085 CIUMBULEUIT KOTA BANDUNG,-6.8633,107.6057,JL. BUKIT RAYA NO. 173,0
SDN 081 KEBON GEDANG KRIDAWINAYA KOTA BANDUNG,-6.9317,107.6394,JL. GUMURUH BELAKANG NO.37,2273514651
SDN 083 BABAKAN SURABAYA KOTA BANDUNG,-6.9199,107.6445,JL. H. IBRAHIM ADJIE NO. 159,227231541
SDN 082 MUARARAJEUN KOTA BANDUNG,-6.9024,107.6316,JL. MUARARAJEUN NO.26,0
SDN 080 BOJONG INDAH CIBUNTU KOTA BANDUNG,-6.9278,107.5809,JL. KAWAT NO. 1,20562854
SDN 079 KOPO PAJAGALAN KOTA BANDUNG,-6.9271,107.6013,JL. PASIRKOJA NO. 37,225222339
SDN 076 SUKAJADI KOTA BANDUNG,-6.8899,107.5971,JL. SUKAJADI NO. 138,64404578
SDN 078 SINDANGSARI ANTAPANI KOTA BANDUNG,-6.9062,107.6647,JL. SINDANGSARI 1,87722273706
SDN 072 SUKASARI KOTA BANDUNG,-6.8819,107.5786,JL. SARIWANGI NO. 1,0
SDN 077 SEJAHTERA KOTA BANDUNG,-6.89304,107.6010519,JL. SEJAHTERA NO. 12,64404377
SDN 073 PAJAGALAN KOTA BANDUNG,-6.9241,107.6007,JL. PAJAGALAN NO. 43,224265847
SDN 074 AYUDIA KOTA BANDUNG,-6.9088,107.589,JL. AYUDIA NO. 25,226029887
SDN 075 JATAYU KOTA BANDUNG,-6.9097,107.5836,JL. KOMUD SUPADIO NO.39A,2220569798
SDN 070 PASIRLUYU KOTA BANDUNG,-6.9397,107.6187,JL. PASIRLUYU NO.164/205A,0
SDN 067 NILEM KOTA BANDUNG,-6.936,107.6203,JL. NILEM NO.10,0
SDN 071 SUKAGALIH KOTA BANDUNG,-6.8927,107.5923,JL. SUKAGALIH NO.108,2042127
SDN 068 SINDANGLAYA KOTA BANDUNG,-6.9051,107.6806,JL. A.H. NASUTION KM.9 NO.15,2287883826
SDN 069 CIPAMOKOLAN DERWATI KOTA BANDUNG,-6.9651,107.683,JL. DERWATI NO. 40,22787309090
SDN 065 CIHAMPELAS KOTA BANDUNG,-6.8871,107.6041,JL. CIHAMPELAS NO. 280,222043935
SDN 066 HALIMUN KOTA BANDUNG,-6.9273,107.6249,JL. HALIMUN NO. 46,227333727
SDN 061 CIJERAH KOTA BANDUNG,-6.9217,107.5692,JL. CIJERAH NO. 122,226021985
SDN 062 CIUJUNG KOTA BANDUNG,-6.90704,107.629567,JL. LAPANGAN SUPRATMAN NO. 7,227274217
SDN 064 PADASUKA KOTA BANDUNG,-6.899,107.6608,JL. PADASUKA NO.90,81221027004
SDN 063 KEBON GEDANG KOTA BANDUNG,-6.928,107.6413,JL. KEBON GEDANG NO.82,81394024928
SDN 058 BABAKAN CIPARAY KOTA BANDUNG,-6.9484,107.5844,JL. CARINGIN GG. PORIB 3,0
SDN 059 CIRANGRANG KOTA BANDUNG,-6.9548,107.5827,"JL. K.H. WAHID HASYIM KOPO KM 5,5",2254433580
SDN 060 RAYA BARAT KOTA BANDUNG,-6.9186,107.5833,JL. JENDRAL SUDIRMAN NO. 587,2263001282
SDN 057 BINAHARAPAN KOTA BANDUNG,-6.9161,107.687,JL. GOLF SELATAN I NO.26,2287881269
SDN 055 JATIHANDAP KOTA BANDUNG,-6.8996,107.6576,JL. JATIHANDAP NO. 50,227211803
SDN 056 GARUDA DADALI KOTA BANDUNG,-6.9129,107.5773,JL. DADALI NO. 5,226071998
SDN 054 TIKUKUR KOTA BANDUNG,-6.8972,107.6217,JL. TITIMPLIK NO. 1,222504130
SDN 053 CISITU KOTA BANDUNG,-6.882,107.6094,JL. SANGKURIANG NO. 87,222513181
SDN 051 PASIRKALIKI KOTA BANDUNG,-6.9017,107.5967,JL. PASIRKALIKI BELAKANG NO.179,85294883002
SDN 052 CISARANTEN WETAN GEDEBAGE KOTA BANDUNG,-6.9408,107.6916,JL. RAYA GEDEBAGE NO. 17,2287885143
SDN 049 DURMAN KOTA BANDUNG,-6.9182,107.5999,JL. DURMAN NO. 30,4263818
SDN 048 SIRNAMANAH KOTA BANDUNG,-6.8883,107.5979,JL. SIRNAMANAH NO. 4,2264401171
SDN 046 SINDANGLAYA KOTA BANDUNG,-6.9037,107.6806,JL. ARCAMANIK NO. 28,227831419
SDN 047 BALONGGEDE KOTA BANDUNG,-6.9246,107.6075,JL. BALONGGEDE NO. 49,81220089933
SDN 050 CIBIRU KOTA BANDUNG,-6.9342,107.7214,"JL. A.H. NASUTION KM.14,5 CIBIRU",227814658
SDN 045 PASIRKALIKI KOTA BANDUNG,-6.8955,107.5611,JL. KARYA I NO. 18,226039134
SDN 041 CIBUNTU WARUNG MUNCANG KOTA BANDUNG,-6.9229,107.5739,JL. HOLIS - KPAD,226003560
SDN 042 GAMBIR KOTA BANDUNG,-6.9429,107.6412,JL. GAMBIR NO. 25,85900071587
SDN 040 PASAWAHAN KOTA BANDUNG,-6.9596,107.6133,JL. MOCHAMAD TOHA NO. 383,225224809
SDN 043 CIMUNCANG KOTA BANDUNG,-6.903,107.6481,JL. BABAKAN HAJI TAMIM NO.33,0
SDN 044 CICADAS AWIGOMBONG KOTA BANDUNG,-6.9077,107.6403,JL. ASEP BERLIAN NO.33,227217671
SDN 039 TEGALEGA KOTA BANDUNG,-6.9381,107.6032,JL. PELINDUNG HEWAN NO. 43,0
SDN 038 KIARACONDONG KOTA BANDUNG,-6.9334,107.643,JL. IBRAHIM ADJIE NO. 355,2273516118
SDN 034 PATRAKOMALA KOTA BANDUNG,-6.912,107.6214,JL. PATRAKOMALA NO.63,0
SDN 037 SABANG KOTA BANDUNG,-6.9082,107.620893,JL. SABANG NO. 2,227208209
SDN 035 SOKA KOTA BANDUNG,-6.9155,107.6289,JL. SOKA NO. 34,227202333
SDN 033 ASMI KOTA BANDUNG,-6.9295,107.608,JL. ASMI NO. 2,0
SDN 032 TILIL KOTA BANDUNG,-6.8982,107.6232,JL. PUYUH NO. 2,222532245
SDN 031 PELESIRAN KOTA BANDUNG,-6.8958,107.6075,JL. PELESIRAN NO. 36,2282520467
SDN 030 CIRATEUN KOTA BANDUNG,-6.8466,107.6014,JL. DR. SETIABUDHI KM.10 NO.5,222020367
SDN 036 UJUNGBERUNG KOTA BANDUNG,-6.9129,107.702,JL. CIGENDING NO. 3,8112261733
SDN 028 GUMURUH KOTA BANDUNG,-6.93,107.6372,JL. CIBANGKONG NO. 13,82127346565
SDN 029 CILENGKRANG KOTA BANDUNG,-6.9136,107.7197,JL. CILENGKRANG I NO.134,2287885183
SDN 027 CICADAS KOTA BANDUNG,-6.906,107.6436,JL. CIKUTRA NO.15,0
SDN 022 CICADAS KOTA BANDUNG,-6.9055,107.6441,JL. CIKUTRA NO. 58,0
SDN 026 BOJONGLOA KOTA BANDUNG,-6.9507,107.594,JL. CIBADUYUT RAYA NO.142/199C,0
SDN 024 COBLONG KOTA BANDUNG,-6.8795,107.6166,JL. IR. H. JUANDA NO. 304,0
SDN 025 CIKUTRA KOTA BANDUNG,-6.8934,107.6372,JL. CIKUTRA NO.326,0
SDN 021 CIPOREAT KOTA BANDUNG,-6.9174,107.7062,JL. A.H. NASUTION NO. 29,7831464
SDN 020 LENGKONG BESAR KOTA BANDUNG,-6.936,107.62,JL. LENGKONG BESAR NO.139,0
SDN 018 SUKAGALIH KOTA BANDUNG,-6.8961,107.6022,JL. SUKAGALIH NO. 69,222043130
SDN 017 SEKEJATI KOTA BANDUNG,-6.9405,107.653,JL. CIDURIAN UTARA NO.18,8.95339E+11
SDN 016 DR. CIPTO PAJAJARAN KOTA BANDUNG,-6.9067,107.5999,JL. PAJAJARAN NO.58 / DR. CIPTO NO.4,224265015
SDN 019 PABAKI KOTA BANDUNG,-6.92748,107.5959857,JL. PABAKI NO. 33,226074847
SD UNGGULAN AL-IZZAH BANDUNG,0,0,JL. CIGENDING NO. 10,81324977714
SD YAMI,-6.9509,107.609,JL.KARASAK BARU NO.16 BANDUNG,225222362
SD YAKESWA,-6.9026,107.6039,JL. DR. HATTA 54/29 B,224241463
SD WINDU PUTRA,-6.9073,107.5713,JL. BABAKAN CIBEREUM NO.142,81395471008
SD UCHUWWATUL ISLAM,-6.89704,107.5963263,JL. PASIRKALIKI GG. H. ENTO,222018699
SD TRIKARSA,-6.9191,107.644,JL. SAMSI NO. 123/125 A,81223138200
SD TIARA BUNDA,-6.9525,107.6343,JL. BATUNUNGGAL INDAH I 74-76,227510654
SD TULUS KARTIKA,-6.9487,107.6623,JL. RANCABOLANG NO. 140,2287529201
SD TUNAS UNGGUL,-6.8944,107.6787,JL. PASIR IMPUN NO. 94,87789420
SD TERPADU KRIDA NUSANTARA,-6.9237,107.721,JL. DESA CIPADUNG,227830509
SD TEMASEK INDEPENDENT SCHOOL,-6.86505,107.590841,JL. SINDANG SIRNA NO. 8,222031381
SD TERANG NUSANTARA,-6.9225,107.5857,JL. JAMIKA NO. 88,226072222
SD SURYANI DWI MARGA,-6.9233,107.5806,JL. TERUSAN SURYANI NO.16/A - 191/C,6120828
SD SWADAYA 1,-6.9223,107.5888,JL. PAGARSIH NO. 181 E,226075279
SD SURUUR,-6.873,107.5995,JL. HEGARMANAH TENGAH NO. 1A,222037080
SD TARUNA BAKTI,-6.9063,107.6184,JL. LL. RE. MARTADINATA NO. 52,224261571
SD SEQUOIA NASIONAL PLUS,-6.90883,107.605955,JL. ACEH NO. 6,2287804850
SD SANTO ALOYSIUS SUKASARI,-6.8762,107.6043,JL. SUKAJADI 223,222038785
SD SEJATI,-6.8985,107.643,JL. CIKUTRA SUKASARI II NO.20,87823210987
SD SEMI PALAR,-6.89483,107.595397,JL. SUKAMULYA NO.77-79,2270173412
SD SANTO ALOYSIUS BANDUNG KIDUL,-6.9499,107.632,JL. BATUNUNGGAL INDAH II/30,227511670
SD SANTO AGUSTINUS,-6.9139,107.6329,JL. AHMAD YANI NO 273,227217631
SD SANTA MELANIA,-6.9008,107.6238,JL. MELANIA NO. 1-3,227204816
SD SANTA URSULA,-6.913,107.6331,JL. BENGAWAN NO.2,7201774
SD SALUYU,-6.9313,107.5879,KP. SITUGUNTING NO. 309/194 A,81221996405
SD SANTA ANGELA,-6.9125,107.6109,JL. MERDEKA NO. 24,224214736
SD REHOBOTH,-6.9252,107.606,JL. RD. DEWI SARTIKA NO. 36-38,4234384
SD SAINS AL BIRUNI,-6.938,107.7129,JL. RAYA PANYILEUKAN NO. 11,7807681
SD SALMAN AL FARISI,-6.8829,107.6222,JL. TUBAGUS ISMAIL VIII NO.42A,222515961
SD RANCAKASUMBA,-6.9341,107.6802,JL. SUMBERSARI NO. 104,0
SD RABBANI,-6.93182,107.6723432,JALAN JATI,20507186
SD PLUS AL FATWA,-6.9506,107.6134,JL. PLN CIGERELENG NO. 21,2242821035
SD PLUS BAITURRAHMAN,-6.9087,107.7066,JL. PROF. KH. M. SYADELI HASAN NO. 44 NAGROG II,81310008856
SD PROF. DR. MOESTOPO,-6.8845,107.617,"JL. TUBAGUS ISMAIL III 
  NO. 3",222501456
SD PRIANGAN ISTIQAMAH,-6.90676,107.628363,JL. BAROS NO.1,227275494
SD RAJAWALI,-6.9131,107.5837,JL. ANDIR NO 117A/78 BANDUNG,82115111670
SD PRASISTHA,-6.9178,107.5857,JL. ANDIR RI WINATA NO. 15,226040430
SD PLUS AL GHIFARI,-6.934,107.6794,JL. CISARANTEN KULON NO. 140,227806223
SD PELITA NUSANTARA,-6.8671,107.596,JL. SUKA ASIH 61 A SETIABUDHI,2220389334
SD PELITA JASA,-6.9115,107.5867,JL. KOMUD. SUPADIO GG. HANURA NO.13,81214505099
SD PASUNDAN 3,-6.9274,107.5849,JL. BABAKAN CIPARAY NO.112/194 A,0
SD PERTIWI,-6.8976,107.6071,JL. KEBON BIBIT NO. 16,222512048
SD PELITA,-6.9087,107.6351,JL. CITAMIANG NO. 43,0
SD PASCAL MONTESSORI,-6.9028,107.5974,JL. GUNTUR NO. 14,81464400901
SD PARDOMUAN,-6.9108,107.6185,JL. LOMBOK NO. 7,0
SD PANGKALAN,-6.952,107.578,JL. CIBOLERANG NO. 02,0
SD PASUNDAN 2,-6.9275,107.5854,JL. BABAKAN CIPARAY NO. 112 / 194 A,6026149
SD PELITA BANGSA,-6.948,107.6047,JL. SOEKARNO HATTA NO. 391,225201214
SD PANDU,-6.9052,107.5932,JL. PANDU NO. 6,226021743
SD NUGRAHA,-6.9512,107.6112,JL. PLN DALAM NO. 4,88885318
SD PELITA FAJAR,-6.919,107.5877,JL. JENDRAL SUDIRMAN 467,226001456
SD MUTIARA,-6.9075,107.5779,JL. MALEBER UTARA NO.37,226010563
SD MUTIARA BUNDA,-6.9103,107.6708,JL. ARCAMANIK ENDAH NO.3,227216578
SD MUHAMMADIYAH 8,-6.9158,107.7044,JL. A. H. NASUTION 168 BANDUNG,7806023
SD MUHAMMADIYAH 6,-6.8631,107.6209,JL. IR.H. JUANDA KP. BENGKOK,0
SD MUHAMMADIYAH 7,-6.9177,107.6553,JL. KADIPATEN RAYA NO 4-6,227214139
SD MUHAMMADIYAH 5,-6.94,107.5957,JL. LEUWIPANJANG NO. 24,225233404
SD MUHAMMADIYAH 4,-6.8914,107.5928,JL. SUKAGALIH GG. H. GOJALI NO. 134,222036179
SD MUHAMMADIYAH 2,-6.9273,107.6481,"JL. KEBON JAYANTI GG.
  PENSIUN KIARACONDONG",227333051
SD MUHAMMADIYAH 3,-6.9023,107.653,JL. PHH MUSTOPA,20526830
SD MUHAMMADIYAH 1,-6.9328,107.6235,JL. BANTENG DALAM NO. 6,73512531
SD MIFTAHUL IMAN,-6.8546,107.5936,JL SETIABUDHI 179/171 A,222010399
SD MANAARATUL IMAN HIIS,0,0,JL. DEPOK RAYA NO. 2A,0
SD MATHLAUL KHOERIYAH,-6.903,107.6067,JL. TAMANSARI BAWAH NO. 60,4217645
SD MALEBER UTARA,-6.9071,107.5775,JL. MALEBER UTARA NO.5,0
SD MALEBER SELATAN,-6.9109,107.5712,JL. RAJAWALI GG. LATIFAH,82128284174
SD MARIA BINTANG LAUT,-6.917,107.5922,JL. KEBONJATI NO.209 BANDUNG,226019388
SD MALEBER BARAT,-6.9106,107.5765,JL. MALEBER BARAT GG. WIBAWA III NO. 7,82126906480
SD LPPN,-6.9158,107.5855,JL. RAJAWALI TIMUR NO. 76,0
SD KRISTEN DIAN EMAS,-6.9383,107.6043,JL. MUARA BARAT NO.2,5228858
SD KRISTEN HIDUP BARU,-6.8658,107.606,JL. CIUMBULEUIT NO.160,222031739
SD KRISTEN BPPK,-6.9071,107.5941,JL. PAJAJARAN NO. 91,226006191
SD KRISTEN GAMALIEL,-6.9206,107.6048,JL. JENDRAL SUDIRMAN NO. 205-207,226003553
SD KRISTEN BPK PENABUR PASIRKALIKI 164,-6.9024,107.5977,JL. HOS. COKROAMINOTO NO.164,0
SD KRISTEN BAPTIS,-6.9041,107.6065,JL. WASTUKENCANA NO. 40,224263854
SD KRISTEN BPK PENABUR SINGGASANA,-6.957,107.6146,JL. INDRA PRAHASTA TIMUR NO.2 BANDUNG,225436322
SD KRISTEN BPK PENABUR TAMAN HOLIS INDAH,-6.9463,107.5696,KOMP. TAMAN HOLIS INDAH BLOK A,226003615
SD KRISTEN 6 BPK PENABUR,-6.9171,107.5779,JL. JEND. SUDIRMAN 638,226012483
SD KRISTEN 5 BPK PENABUR,-6.9257,107.621,JL. GUNTUR 34,7319910
SD KRISTEN 2 BINA BAKTI,-6.9097,107.601,JL. BIMA NO. 9,226034388
SD KRISTEN 1 BINA BAKTI,-6.9086,107.5991,JL. BIMA NO. 9,226015168
SD KEMALA BHAYANGKARI 1,-6.932,107.622,JL. PALASARI NO.46,2273511513
SD KRISTEN 1 BPK PENABUR,-6.9196,107.5952,JL. JEND.SUDIRMAN 246,6000136
SD KARTIKA XIX - 1,-6.9127,107.6185,JL. BANGKA NO.3,82249566638
SD KASIH BANGSA,-6.9469,107.5605,TAMAN HOLIS INDAH BLOK G,20585430
SD KARAKTER AZ-ZAHRA,-6.8902,107.6605,JL. PASIRLAYUNG ASRI NO. 15,87241567
SD JEMBAR,-6.9235,107.6441,JL. JATINEGARA NO. 1,85759068801
SD KARTIKA X-1,-6.9277,107.6357,JL. JENDERAL GATOT SUBROTO N0. 160,227314739
SD JUARA,-6.9397,107.7119,JL. TERS. PANYILEUKAN RT.04/13,8112312210
SD ITQAN ISLAMIC SCHOOL,-6.8932,107.6572,"JALAN PADASUKA NO. 160 KEC. CIBEUNYING KIDUL, KOTA BANDUNG
  40192",85793837300
SD KEMAH INDONESIA,-6.9251,107.5941,JL. PAGARSIH GG. ONONG NO.183/89,2286060862
SD IT AL-FAJAR,-6.9669,107.642,JL. BUANA SARI IV NO. 18-21,227511870
SD IT INSAN CERMAT,-6.9097,107.7283,JL. KP. CIGAGAK WETAN NO. 65,2263700863
SD IT AL-HIDAYAH LOGAM,-6.9572,107.644,JL. LOGAM NO. 12,2287507287
SD ISLAM TERPADU AMANAH UMMAH,0,0,JL. CICUKANG NO. 54,0
SD ISLAM TERPADU LUQMANUL HAKIM,-6.9324,107.6759,JL. CINGISED KOMP. PEMDA KAV. D13-D15,2287821297
SD IT AL FITRAH,-6.94484,107.670154,JL. MERKURI TIMUR NO. 1,227567439
SD ISLAM NURUL AMANAH,-6.9371,107.6822,JL. SUMBERSARI NO. 101,0
SD ISTIQAMAH,-6.9047,107.6212,JL. TAMAN CITARUM,224209634
SD ISLAM TERPADU AL IRSYAD,-6.8927,107.641,JL. AL-IRSYAD CIKUTRA RT. 09 RW. 02 KOTA BANDUNG 40124,227271966
SD ISLAM AL-MUIZZ,-6.9474,107.6897,JL. GEDEBAGE NO. 97,0
SD ISLAM AL AZHAR 62 SUMMARECON BANDUNG,0,0,"JL. EDELWEIS NO.001, SUMMARECON BANDUNG",0
SD ISLAM MUTIARA HATI,-6.9205,107.6656,JL. TERUSAN CIKAJANG RAYA,227273245
SD ISLAM CENDEKIA MUDA,-6.9213,107.6752,JL. PURI AYU PRATAMA NO. 17,227102888
SD INTELIGENSIA,-6.92115,107.7092604,JL. A.H NASUTION NO. 242,81223344511
SD IRK,-6.926,107.6167,JL. KARAPITAN 1 NO. 2,224230597
SD INTAN AL-SALI,-6.90702,107.725641,JL. PASANGGRAHAN INDAH NO. 15,2263744941
SD ISLAM AL AZHAR 30,-6.8763,107.5745,JL. TIRTASARI III NO. 1,222015451
SD INDUSTRI,-6.9126,107.5948,JL. INDUSTRI DALAM NO. 2,226120020
SD IGNATIUS SLAMET RIYADI,-6.9255,107.6318,JL. GATOT SUBROTO 221 BANDUNG,227330049
SD IGNATIUS SLAMET RIYADI 2,-6.9373,107.6438,JL. KEBON KANGKUNG X,227305824
SD IBNU TAIMIYAH,-6.8919,107.5927,JL. SUKAGALIH GG. H. GOJALI 02/07,2039087
SD HAS DARUL ILMI,-6.93746,107.6594044,JL. CIDURIAN UTARA NO. 179,227335785
SD GRACIA 2,-6.9281,107.5949,JL. PAGARSIH NO. 256,226017100
SD HARAPAN KASIH,-6.95423,107.602365,JL. MEKAR KENCANA NO. 2A KOMPLEK MEKAR WANGI,2287787262
SD GANESHA,-6.9359,107.6066,JL. MUHAMAD TOHA NO. 84,5206994
SD GIKI,-6.881,107.5967,JL. KARANGSARI NO. 29,222042029
SD DWISAKTI,-6.9102,107.5774,JL. LAKSMUD. NURTANIO NO.58,226011301
SD EDU GLOBAL,-6.90388,107.612557,JL. CITARUM NO. 35,20523705
SD GAGAS CERIA,-6.9206,107.6248,JL. MALABAR NO. 61,7303086
SD DWI AMANAT,-6.9223,107.5877,JL. PAGARSIH NO. 205,6021207
SD EL FITRA,-6.9248,107.665,JL. CIBODAS RAYA NO. 49,2287831182
SD DIAN KENCANA,-6.9379,107.6087,JL. BKR NO. 167,5227047
SD DEWI SARTIKA,-6.9255,107.6042,JL. KAUTAMAAN ISTRI NO.12,224214290
SD DAARUL HIKMAH BANDUNG,-6.9159,107.6569,JL. CIKAMPEK RAYA NO. 17,8122023600
SD DARUL HIKAM INTEGRATED SCHOOL,-6.9055,107.6306,JL. BRIGJEN KATAMSO NO. 07,2220531676
SD CITRA WINAYA,-6.8918,107.5912,JL. CIPEDES NO. 8,0
SD DARUL HIKAM,-6.87889,107.6162759,JL. IR. H. JUANDA 285,222516705
SD CITRA CEMARA,-6.9192,107.5736,JL. SOEKARNO HATTA NO. 22,226123475
SD CIPTA KARYA,-6.9216,107.6364,JL. JEMBATAN OPAT CIBANGKONG LOR NO. 34 BANDUNG,81222009993
SD CEMARA,-6.8853,107.5989,JL. CEMARA SELATAN NO. 358 / 181,81387114374
SD CIPAERA,-6.9205,107.6241,JL. CIPAERA SELATAN NO. 145/33,87825463616
SD CERDAS MUTHAHHARI,-6.9213,107.6717,JL. LAYAR NO. 17,2287241063
SD CAHAYA NUSANTARA,-6.9295,107.5682,KOMP. TAMAN BURUNG B 02 GEMPOL SARI,226076904
SD CERDAS MULIA EKSELENSIA,-6.95638,107.6778652,JL. RAHAYU RAYA II BLOK RANCACILI,2287528060
SD BUDI ISTRI,-6.9296,107.6196,JL. SANCANG NO. 4,227312428
SD BUDI SASTRA,-6.9543,107.6002,JL. WARNA CINTA NO. 98,0
SD BUDI ASIH,-6.9519,107.6466,JL. CIPAGALO GIRANG,227531013
SD CAHAYA PELITA,-6.9275,107.5854,JL. BABAKAN CIPARAY NO. 251/194 A,2286061384
SD BPMD TARUNA,-6.9153,107.5773,JL. HASAN ALI NO. 64 A/76,6044336
SD BODHI SINAR TERANG,-6.91243,107.583537,JL. JEND. SUDIRMAN NO. 478 - 480,6125669
SD BPI,-6.9269,107.624,JL. HALIMUN NO. 40,227301460
SD BINEKAS,-6.90364,107.658246,BUAH BATU REGENCY G7-7,81395221590
SD BINAR INDONESIA,-6.9521,107.6618,JL. RANCABOLANG NO. 241,2287310227
SD BINTANG MADANI,-6.9036,107.6807,JL. TERUSAN PESANTREN NO. 102,227211124
SD BINTANG MULIA,-6.9536,107.6021,JL. MEKAR KENCANA NO.1,225233890
SD BINA TALENTA,-6.9399,107.6125,JL. KEMBAR BARU UTARA NO.4 BANDUNG,225208123
SD BIANGLALA,-6.8756,107.5957,JL. SARI ENDAH 19 A GEGERKALONG HILIR,222008676
SD BANDUNG RAYA,-6.9226,107.5691,JL. CIJERAH NO. 151,81322450839
SD BALA KESELAMATAN,-6.9222,107.6042,JL. GARDUJATI NO. 89,226013297
SD BANDUNG ISLAMIC SCHOOL,-6.93495,107.62337,JL. VAN DEVENTER NO.12,0
SD BAITUL HIKMAH,-6.9212,107.565,JL. MEKAR INDAH NO. 2B,20563364
SD AZ-ZAKIYAH,-6.9449,107.6495,JL. CIJAWURA GIRANG IV NO.2,227503784
SD ATTAZHIMIYAH,-6.9448,107.5655,BLOK PESANTREN RT.01 RW.04,0
SD ASY-SYIFA 2,-6.9274,107.6627,JL. RANDUSARI V,7276439
SD ASY-SYIFA 1,-6.9511,107.667,JALAN SATURNUS TIMUR NO. 94,227564156
SD ASHFIYA,-6.9452,107.6822,JL. RIUNG MUNGPULUNG I,85316335505
SD ASSALAAM,-6.9257,107.6076,JL. SASAKGANTUNG NO. 1-3,224201338
SD ANGKASA 3,-6.899,107.5865,JL. ZUHRI CIK DERI,226078931
SD ARRAFI,-6.942,107.6457,JL. SEKEJATI III NO.20,227311009
SD AR-RAHMAN DARUL ILMI,-6.8934,107.615543,JL. IR. H. JUANDA BLK NO. 423,0
SD AL-AMIN,-6.8811,107.6162,JL. BANGBAYANG NO. 15/157 C,8814537157
SD AL KENZIE,-6.9594,107.6575017,JL. KP. MARGAASIH - CIJAWURA,228724825
SD AL- HIDAYAH,-6.8727,107.6084,JL. RANCABULAN NO. 7 RANCABENTANG,8976632920
SD AL HUSAINIYYAH,-6.8784,107.6063,JL. BUKIT JARIAN NO.29/165 D,0
SD AL IKHLAS,-6.8849,107.5941,JLN. KARANG TINEUNG DALAM NO. 84,2282602705
SD AL HIDAYAH,-6.9295,107.5852,JL. BABAKAN CIPARAY NO. 147,6125992
SD AL FATAH,-6.9437,107.5894,JL. KOPO GG. SUKALEUEUR,81222795110
SD AL FATAH AL HASAN,-6.893,107.5611,JL. GUNUNG BATU NO. 31,82121499400
SD AL FALAH,-6.8726,107.6256,JL. CISITU BARU NO.52,20468502
SD AL BAROKAH,-6.9277,107.5787,JL. AKI PADMA NO. 23,6121235
SD ADZKIA,-6.8674,107.602,JL. PANUMBANG JAYA DALAM NO. 38F,222041514
SD ADVENT NARIPAN,-6.9186,107.6123,JL.NARIPAN NO.91,224234027
SD ADVENT II BANDUNG,-6.8832,107.6024,JL. SETIABUDHI NO 1 BANDUNG,222043220
SD ABU AZIS,-6.90648,107.5734359,JL. JAMARAS IV NO. 11B,227275652
SD AL BASYARIYAH,-6.9494,107.5906,JL. CIBADUYUT LAMA KOMPLEK SAUYUNAN,2285447672
SD ADVENT CIMINDI,-6.9013,107.5639,JL. RAYA CIMINDI NO. 74,226010612
SD 1 KRISTEN PAULUS,-6.9036,107.5996,JL. DR. RAJIMAN NO. 11,4237131
SD 3 KRISTEN PAULUS,-6.911,107.6179,JL. LOMBOK NO. 7,224200244
SD AL AZHAR 36,-6.9274,107.6239,JL. PALASARI NOMOR 09,82115200077
SDN 272 SUKASARI KOTA BANDUNG,-6.88816,107.582331,JL. SUKAKARYA NO. 19,222012989
SDN 274 CEMPAKA ARUM KOTA BANDUNG,-6.9576,107.7078,JL. UMAR BIN KHOTOB,227831910
SDN 271 PANGHEGAR KOTA BANDUNG,-6.9298,107.698,JL. PAMEKAR BARAT NO. 5,0
SDN 269 GRIYA BUMI ANTAPANI KOTA BANDUNG,-6.918,107.6655,JL. BANJARSARI IV NO. 1,0
SDN 270 GENTRA MASEKDAS KOTA BANDUNG,-6.9364,107.5872,JL. SUKAMULYA NO. 29,2287786621
SDN 268 PANYILEUKAN KOTA BANDUNG,-6.9456,107.7143,KOMP. BUMI PANYILEUKAN G.15 NO. 23 RT. 01 RW. 07,2287882549
SDN 267 GRIYA BUMI ANTAPANI KOTA BANDUNG,-6.9195,107.6558,JL. KADIPATEN 14 NO. 2,0
SDN 266 MENGGER KOTA BANDUNG,-6.9497,107.621,JL. TERUSAN SUKAATI NO. 21,2273590207
SDN 265 BANDUNGKULON KOTA BANDUNG,-6.9216,107.5925,JL. CIBADAK GG. IBU AISAH NO.16/9A,0
SDN 264 GRIYA BUMI ANTAPANI KOTA BANDUNG,-6.9145,107.6597,JL. PLERED 9 NO. 25,2220524222
SDN 262 PANYILEUKAN KOTA BANDUNG,-6.942,107.7165,KOMP. BUMI PANYILEUKAN F.1,2287820537
SDN 260 GRIYA BUMI ANTAPANI KOTA BANDUNG,-6.9132,107.6679,JL. TANJUNGSARI VI NO. 40,227210232
SDN 259 GRIYA BUMI ANTAPANI KOTA BANDUNG,-6.9153,107.6652,JL. CIBATU VI NO. 1 ANTAPANI,227215682
SDN 263 RANCALOA KOTA BANDUNG,-6.9467,107.6762,JL. CIPAMOKOLAN NO. 62,227513422
SDN 261 MARGAHAYU RAYA KOTA BANDUNG,-6.9456,107.6581,JL. JUPITER NO.92A,227535321
SDN 256 CIGONDEWAH HILIR KOTA BANDUNG,-6.9455,107.5659,JL. CIGONDEWAH RAHAYU RT. 02/05,2220560028
SDN 258 SUKARELA KOTA BANDUNG,-6.923,107.7009,JL. PANYAWANGAN NO. 7,227816153
SDN 254 GRIYA BUMI ANTAPANI KOTA BANDUNG,-6.913,107.6538,JL. SUBANG V NO. 5,227215348
SDN 255 GRIYA BUMI ANTAPANI KOTA BANDUNG,-6.9196,107.658,JL. CICALENGKA RAYA NO. 1,7214138
SDN 253 PANGGUNGSARI KOTA BANDUNG,-6.9089,107.7022,JL. TERITORIAL NO.112,0
SDN 252 SETIABUDI KOTA BANDUNG,-6.88,107.5789,JL. SARIRASA BLOK IV SARIJADI,222013447
SDN 251 JAMIKA KOTA BANDUNG,-6.9232,107.5873,JL. PAGARSIH GG. PA OYON,6001802
SDN 250 JAKAPURWA KOTA BANDUNG,-6.9615,107.6496,JL. JAKAMULYA NO.16,227500525
SDN 249 ASTANAANYAR KOTA BANDUNG,-6.9324,107.6005,JL. LIOGENTENG NO. 27,225228386
SDN 248 SINDANGSARI KOTA BANDUNG,-6.9268,107.6647,JL. CIBODAS RAYA,82115365997
SDN 247 SUKAPURA KOTA BANDUNG,-6.9218,107.7149,JL. MANGLAYANG I NO.1 KECAMATAN CIBIRU,227832748
SDN 246 MARGACINTA KOTA BANDUNG,-6.9551,107.6421,JL. MARGA INDAH I MARGACINTA,227538126
SDN 244 GURUMINDA KOTA BANDUNG,-6.93368,107.6779344,JL. INDRA JAYA NO. 7,2270779428
SDN 245 SUMBERSARI INDAH KOTA BANDUNG,-6.9373,107.5727,JL. SUMBER MAKMUR NO. 1,226044201
SDN 242 MARGASARI KOTA BANDUNG,-6.9568,107.669,JL. RANCASAWO KOMPLEK PINDAD,0
SDN 243 CICABE KOTA BANDUNG,-6.9007,107.6602,JL. H. ABDUL HAMID NO. 66,227236166
SDN 241 LEUWIANYAR KOTA BANDUNG,-6.9424,107.5944,JL. LEUWIANYAR,0
SDN 239 CIGONDEWAH KOTA BANDUNG,-6.9382,107.5573,JL. BATURENGAT CIGONDEWAH,89655145131
SDN 240 CIJERAH INDAH KOTA BANDUNG,-6.9228,107.5659,JL. MEKAR HURIP NO.18,2220567659
SDN 238 CIGONDEWAH KOTA BANDUNG,-6.9358,107.5611,JL. CIGONDEWAH KALER BLOK JAMBANGAN,226004067
SDN 237 KOPO ELOK KOTA BANDUNG,-6.9573,107.5827,JL. BUANA NO. 8,0
SDN 236 BABAKAN CIPARAY KOTA BANDUNG,-6.9458,107.5789,JL. CARINGIN GG. LUMBUNG III NO. 50,2254423473
SDN 235 LENGKONG KECIL KOTA BANDUNG,-6.92315,107.6153619,JL. LENGKONG KECIL NO. 55,224213041
SDN 233 CIBADUYUT KOTA BANDUNG,-6.9512,107.5941,JL. CIBADUYUT RAYA BLOK PASANTREN NO.45,0
SDN 234 SALUYU KOTA BANDUNG,-6.8976,107.6489,JL. CIMUNCANG DALAM NO.52,227208556
SDN 232 BLOK SAWAH KOTA BANDUNG,-6.9368,107.5591,KP. BLOK SAWAH,0
SDN 231 SUKAASIH KOTA BANDUNG,-6.9008,107.6857,JL. SUKA ASIH ATAS IV BANDUNG,227816875
SDN 229 CIBADUYUT KOTA BANDUNG,-6.9543,107.5873,JL. PRAMBANAN BLOK O NO. 4,225421655
SDN 228 CANGKUANG KOTA BANDUNG,-6.9592,107.5898,JL. CIBADUYUT RAYA GG. TVRI 5,0
SDN 226 ARCAMANIK ENDAH KOTA BANDUNG,-6.9149,107.6785,JL. OLAH RAGA NO. 5,7217230
SDN 230 MARGAHAYU RAYA KOTA BANDUNG,-6.955,107.6635,JL. PLUTO UTARA BLOK G NO.73,227530140
SDN 225 MEKARGALIH KOTA BANDUNG,-6.9081,107.7148,JL. SEKEMALA NO. 73,87821426676
SDN 227 MARGAHAYU UTARA KOTA BANDUNG,-6.95042,107.573243,JL. CIBOLERANG NO. 185,5423824
SDN 224 CIJAMBE KOTA BANDUNG,-6.9095,107.6925,JL. SUKUP BARU NO. 18,227837926
SDN 223 BHAKTI WINAYA KOTA BANDUNG,-6.9413,107.6211,JL. PASIRJAYA VI NO. 1,225229664
SDN 220 GUMURUH KOTA BANDUNG,-6.9352,107.6354,JL. TAURUS NO.60,0
SDN 219 BABAKANJATI KOTA BANDUNG,-6.9418,107.6405,JL. H. BASUKI NO.159,82126403995
SDN 222 PASIRPOGOR KOTA BANDUNG,-6.9616,107.6628,JL. PASIR SUCI NO.8,228759342
SDN 221 BABAKAN SENTRAL KOTA BANDUNG,-6.9296,107.65,JL. TERUSAN PSM NO.2,2287340371
SDN 218 SARIJADI KOTA BANDUNG,-6.8766,107.5769,KOMP. SARIJADI BLOK 8 NO.11,2282001311
SDN 217 SARIJADI KOTA BANDUNG,-6.8782,107.5801,KOMP. PERUM SARIJADI BLOK 4 NO. 100,2282025141
SDN 215 RANCASAGATAN KOTA BANDUNG,-6.9516,107.6993,JL. RANCASAGATAN 1,0
SDN 216 SONDARIAH KOTA BANDUNG,-6.9649,107.7054,JL. RANCANUMPANG,85871087141
SDN 214 PERUMNAS CIJERAH KOTA BANDUNG,-6.9277,107.5654,JL. CIJERAH NO. 232,226022677
SDN 211 BABAKAN PRIANGAN KOTA BANDUNG,-6.9456,107.6128,JL. SRIWIJAYA,225222353
SDN 212 HARAPAN KOTA BANDUNG,-6.8653,107.5884,JL. PAK GATOT VI KPAD,222004661
SDN 213 BABAKAN CIPARAY KOTA BANDUNG,-6.9401,107.5765,JL. CARINGIN CIKUNGKURAK RT.03/06,2220563701
SDN 207 CIBOGO KOTA BANDUNG,-6.8856,107.5792,JL. CIBOGO NO. 78,8.95379E+11
SDN 210 BABAKAN SINYAR KOTA BANDUNG,-6.9282,107.6525,JL. TERUSAN SUKAPURA NO 71,227334268
SDN 206 PUTRACO INDAH KOTA BANDUNG,-6.9419,107.6323,JL. RAJAMANTRI KALER NO. 25,227302178
SDN 209 ANTAPANI KOTA BANDUNG,-6.9105,107.658,JL. ANTAPANI NO. 1,7215025
SDN 208 LUGINASARI SUKAGALIH KOTA BANDUNG,-6.8912,107.5951,JL. SUKAGALIH KOMPLEK POLRI,222030044
SDN 204 CIDADAP KOTA BANDUNG,-6.8634,107.5992,JL. CIPAKU INDAH 2 NO. 13,222001100
SDN 202 SURYALAYA KOTA BANDUNG,-6.9445,107.6248,JL. SURYA INDAH NO.81,2287352335
SDN 205 NEGLASARI KOTA BANDUNG,-6.8906,107.6237,JL. RAYA SADANG SARI NO. 1,0
SDN 203 KACAPIRING KOTA BANDUNG,-6.9234,107.6363,JL. SUKABUMI DALAM NO. 3,0
SDN 192 CIBURUY KOTA BANDUNG,-6.9561,107.6145,JL. CIBURUY KAV. 59,0
SDN 193 CARINGIN KOTA BANDUNG,-6.8896,107.5859,JL. SUKAMULYA NO.46,0
SDN 189 NEGLASARI KOTA BANDUNG,-6.88846,107.6253265,JL. RAYA SADANG SERANG,222535704
SDN 187 LANUMA HUSEIN KOTA BANDUNG,-6.899,107.5864,JL. L.M.U SUPARMIN NO.1 RT 02 RW 02,2220562651
SDN 191 BABAKAN SURABAYA KOTA BANDUNG,-6.9189,107.6448,JL. IBRAHIM ADJIE BELAKANG NO.147,227231655
SDN 190 CISARANTEN KIDUL KOTA BANDUNG,-6.9445,107.6852,JL. RIUNG BAKTI 1,0
SDN 186 CIPADUNG KOTA BANDUNG,-6.9316,107.7138,"JL. A.H. NASUTION NO.71 KM.13,5 CIBIRU",227814156
SDN 188 BANDUNG BARU KOTA BANDUNG,-6.8639,107.6071,JL. BUKIT RAYA SELATAN NO.298,0
SDN 185 CIHAURGEULIS KOTA BANDUNG,-6.9,107.6294,JL. SURAPATI NO. 82,2270778575
SDN 183 SAYURAN KOTA BANDUNG,-6.9233,107.5735,JL. SINDANGSARI KP. SAYURAN NO. 36,2270766373
SDN 184 BUAHBATU KOTA BANDUNG,-6.951,107.6408,JL. IBRAHIM ADJIE NO.65,227512567
SDN 181 SUKAMISKIN KOTA BANDUNG,-6.9108,107.6791,JL. TERUSAN PESANTREN NO 86,85974771133
SDN 179 SARIJADI KOTA BANDUNG,-6.88073,107.5749309,JL. SARIMANIS BLOK 17,222002135
SDN 182 PERUMNAS CIJERAH KOTA BANDUNG,-6.9368,107.5613,JL. CIJERAH BARAT NO. 04,2220561355
SDN 177 CIPEDES KOTA BANDUNG,-6.8692,107.5878,JL. SETRASARI TENGAH NO.15,222012267
SDN 180 PRAKARSA NUGRAHA KOTA BANDUNG,-6.92968,107.6681246,JL. PARAKAN SAAT NO. 45,227335197
SDN 178 GEGERKALONG KPAD KOTA BANDUNG,-6.8665,107.5818,JL. MANUNGGAL KPAD,222002945
SDN 176 CILANDAK KOTA BANDUNG,-6.8756,107.5805,JL. SARIJADI BLOK I,2282027171
SDN 175 TANJAKAN KOTA BANDUNG,-6.891,107.6632,JL. JATIHANDAP NO. 64,2287772110
SDN 173 NEGLASARI KOTA BANDUNG,-6.8915,107.6238,"JL. KP. PASIRKALIKI BARAT, RT 04/15",2220454628
SDN 171 LANUMA HUSEIN KOTA BANDUNG,-6.8938,107.5835,JL. SUKAWARNA NO. 3,226020574
SDN 174 PASIR IMPUN KOTA BANDUNG,-6.8983,107.6738,JL. PASIR IMPUN NO. 23,227216482
SDN 170 DIAN KOTA BANDUNG,-6.8988,107.5889,JL. BUDI NO. 26,226630036
SDN 172 ANDIR KIDUL KOTA BANDUNG,-6.9139,107.6955,JL. A.H NASUTION NO. 38 A,227832462
SDN 168 CIPADUNG KOTA BANDUNG,-6.9247,107.7161,JL. EMBAH JAKSA NO. 145 B,227815028
SDN 166 CIATEUL KOTA BANDUNG,-6.9318,107.6118,JL. IBU INGGIT GARNASIH NO.159,225211958
SDN 169 PELITA KOTA BANDUNG,-6.9227,107.7199,JL. DESA CIPADUNG CIBIRU,2263700432
SDN 167 MENGGER GIRANG KOTA BANDUNG,-6.9519,107.6167,JL. MENGGER GIRANG III NO. 4,2242821008
SDN 165 JATIHANDAP KOTA BANDUNG,-6.8983,107.6569,JL. JATIHANDAP GG. MASJID,227235514
SDN 163 BUAHBATU BARU KOTA BANDUNG,-6.9469,107.6325,JL. BUAHBATU NO. 273,81320575563
SDN 161 SUKAPURA KOTA BANDUNG,-6.9301,107.6493,JL. TERUSAN PSM NO.1,227333050
SDN 162 WARUNGJAMBU KIARACONDONG KOTA BANDUNG,-6.9296,107.6456,JL. WARUNG JAMBU NO.28,0
SDN 164 KARANGPAWULANG KOTA BANDUNG,-6.9391,107.6285,JALAN KARAWITAN NO. 81,87352601
SDN 157 SUKARAJA KOTA BANDUNG,-6.9007,107.5894,JL. TERUSAN PASTEUR NO.38,2117446997
SDN 160 SUKALAKSANA KOTA BANDUNG,-6.9105,107.6474,JL. SUKAKARYA NO.109 CICAHEUM,227216834
SDN 159 SEKEJATI KOTA BANDUNG,-6.9405,107.6535,JL. CIDURIAN UTARA NO.22,0
SDN 156 PASIRKALIKI KOTA BANDUNG,-6.893,107.5646,JL. BABAKAN CIANJUR NO. 81,226027515
SDN 153 TARUNA KARYA KOTA BANDUNG,-6.9188,107.716,JL. GALUMPIT NO.2,81220888375
SDN 158 BABAKAN SARI BABAKAN SURABAYA KOTA BANDUNG,-6.9216,107.6462,JL. BABAKAN SARI I NO.173,81294812887
SDN 155 GUNUNG RAHAYU KOTA BANDUNG,-6.8905,107.5695,JL. MENTOR NO.67 KELURAHAN SUKARAJA KECAMATAN CICENDO,226027644
SDN 154 CITEPUS KOTA BANDUNG,-6.9022,107.5887,JL. ASTANA EYANG,226006312
SDN 152 CIGAGAK KOTA BANDUNG,-6.908,107.7246,JL. CILENGKRANG I NO.153,81220886679
SDN 151 SUKASENANG KOTA BANDUNG,-6.8983,107.6362,JL. P.H.H. MUSTOFA NO. 46,227203489
SDN 150 GATOT SUBROTO KOTA BANDUNG,-6.9031,107.6365,JL. YUDHAWASTU PRAMUKA IV,70723079
SDN 149 CIGADUNG KOTA BANDUNG,-6.8786,107.6255,JL. RANCA KENDAL NO.99,0
SDN 146 GUMURUH KOTA BANDUNG,-6.9305,107.6389,JL. GUMURUH NO.138,227320490
SDN 147 CITARIP BARAT KOTA BANDUNG,-6.9391,107.5852,JL. MADESA NO.24 RT.01/12,0
SDN 148 CIBADUYUT KOTA BANDUNG,-6.9558,107.5912,JL. CIBADUYUT RAYA GG. MA MAJA NO. 50,225426700
SDN 143 KOPO KOTA BANDUNG,-6.9316,107.6024,JL. IBU INGGIT GARNASIH NO.74/21,0
SDN 145 BINONG JATI KOTA BANDUNG,-6.9353,107.6393,JL. BINONGJATI NO. 20,227330319
SDN 144 SITUGUNTING KOTA BANDUNG,-6.9324,107.5842,JL. H. ZAKARIA NO. 56,8987849884
SDN 142 DWIKORA KOTA BANDUNG,-6.9439,107.6029,JL. INHOFTANK NO.16,225232080
SDN 139 SUKARASA KOTA BANDUNG,-6.8685,107.5864,JL. GEGERKALONG HILIR NO. 82,20244928
SDN 140 ARCAMANIK KOTA BANDUNG,-6.9098,107.6771,JL. MEKARSARI NO. 2,0
SDN 141 LOKAJAYA KOTA BANDUNG,-6.9056,107.6807,JL. A.H. NASUTION KM. 9 NO. 7,227807788
SDN 138 GEGERKALONG GIRANG KOTA BANDUNG,-6.8608,107.5866,JL. GEGER ARUM NO. 11B,2014737
SDN 137 CIJEROKASO KOTA BANDUNG,-6.8711,107.5809,JL. SARIJADI RAYA NO.73,222021923
SDN 135 TURANGGA KOTA BANDUNG,-6.9292,107.6348,JL. SALAK NO. 3,227305341
SDN 136 SUKAWARNA KOTA BANDUNG,-6.8822,107.5784,JL. SARIWANGI NO. 1,0
SDN 133 JALAN ANYAR KOTA BANDUNG,-6.9027,107.6528,JL. PADASUKA NO. 99/209 C,227210760
SDN 134 PANORAMA KOTA BANDUNG,-6.8699,107.6011,JL. HEGARMANAH NO. 152,2282602605
SDN 131 CIJAWURA KOTA BANDUNG,-6.9645,107.6569,JL. CIJAWURA HILIR NO.384,227514289
SDN 132 CIHAURGEULIS KOTA BANDUNG,-6.8997,107.6293,JL. SURAPATI NO. 155,222532263
SDN 130 SEKELIMUS BATUNUNGGAL KOTA BANDUNG,-6.9494,107.6373,JL. TERS. BUAHBATU GG. ANYELIR,0
SDN 127 SEKELOA KOTA BANDUNG,-6.8877,107.6189,JL. SEKELOA UTARA NO. 30 A,2220461573
SDN 129 RANCASAWO MARGASARI KOTA BANDUNG,-6.9606,107.6594,JL. RANCASAWO NO.50,2287313125
SDN 128 HAURPANCUH KOTA BANDUNG,-6.8927,107.6197,JL. TERUSAN TEUKU UMAR NO. 87,0
SDN 125 TARUNA KARYA KOTA BANDUNG,-6.9219,107.7137,JL. CILENGKRANG II NO.80,0
SDN 126 BABAKAN KOTA BANDUNG,-6.9269,107.5788,JL. AKI PADMA NO. 1,226005122
SDN 124 HANURA KOTA BANDUNG,-6.8994,107.7245,JL. CIWARU,0
SDN 123 BABAKAN PRIANGAN KOTA BANDUNG,-6.9469,107.6134,JL. BABAKAN PRIANGAN NO.29,0
SDN 120 KOTABARU KOTA BANDUNG,-6.9357,107.6093,JL. KOTA BARU III NO.13,0
SDN 119 CIJAGRA KOTA BANDUNG,-6.9446,107.6276,JL. SITU LEMBANG NO. 1,227319490
SDN 121 CARINGIN HOLIS KOTA BANDUNG,-6.9389,107.5685,JL. HOLIS NO. 424,2220567675
SDN 122 CIJAWURA KOTA BANDUNG,-6.9604,107.663,JL. CIJAWURA,227503953
SDN 118 TANJUNG KOTA BANDUNG,-6.9299,107.5889,JL. BABAKAN TAROGONG NO. 193,226024361
SDN 117 BATUNUNGGAL KOTA BANDUNG,-6.9527,107.6361,JL. ARHANUDRI NO. 12 B,2287307879
SDN 115 TURANGGA KOTA BANDUNG,-6.9315,107.6352,JL. TURANGGA NO. 27,227319616
SDN 116 CICAHEUM KOTA BANDUNG,-6.9027,107.6572,JL. ANTAPANI NO. 44,227236026
SDN 112 PAMOYANAN KOTA BANDUNG,-6.9528,107.6119,JL. MOCH. TOHA BELAKANG NO. 325,0
SDN 114 BOJONGKONENG CIBEUNYING KOTA BANDUNG,-6.89293,107.6448891,JL. BOJONGKONENG NO.38,22220546048
SDN 111 PINDAD KOTA BANDUNG,-6.9359,107.6465,JL. PAPANGGUNGAN NO.1,22731514706
SDN 110 PASIRKALIKI KOMARABUDI KOTA BANDUNG,-6.8908,107.5619,JL. GUNUNG BATU NO.30A,226613553
SDN 108 CIUMBULEUIT KOTA BANDUNG,-6.8741,107.6032,JL. BUKIT INDAH NO.12,82065106
SDN 113 BANJARSARI KOTA BANDUNG,-6.91343,107.61077,JL. MERDEKA NO. 22,4231594
SDN 109 CENTEH KOTA BANDUNG,-6.9199,107.6261,JL. CENTEH NO. 5,88806380400
SDN 107 PALEDANG KOTA BANDUNG,-6.9093,107.7094,JL. NAGROG III NO. 8,227831951
SDN 105 SUKARELA KOTA BANDUNG,-6.9262,107.7049,JL. PASANGGRAHAN IX,227816661
SDN 104 LANGENSARI SENANGGALIH KOTA BANDUNG,-6.89247,107.6256336,JL. KP. PASIRKALIKI BARAT,0
SDN 106 AJITUNGGAL CIJAMBE KOTA BANDUNG,-6.909,107.6928,"JL. TERUSAN SUKUP 
  NO. 5",227838096
SDN 103 COBLONG KOTA BANDUNG,-6.878,107.6171,JL. IR. H. JUANDA NO. 338,222535776
SDN 102 CIKUDAYASA KOTA BANDUNG,-6.91997,107.7253539,JL. CIKUDA,0
SDN 093 TUNAS HARAPAN CIJERAH KOTA BANDUNG,-6.9215,107.5695,JL. CIJERAH NO. 116,226073035
SDN 092 CIBADAK ANDIR KOTA BANDUNG,-6.9214,107.5945,JL. CIBADAK NO.193,226079773
SDN 089 BABAKAN CIPARAY KOTA BANDUNG,-6.9311,107.5875,JL. CARINGIN NO. 150,225431502
SDN 090 CIBIRU KOTA BANDUNG,-6.9343,107.7204,"JL. A.H. NASUTION KM. 14,5 CIBIRU",227830508
SDN 088 EMBONG KOTA BANDUNG,-6.9216,107.6132,JL. EMBONG NO.6,0
SDN 091 CIBEUREUM KOTA BANDUNG,-6.9005,107.566,JL. ASRAMA KIPAL NO. 56,2220565150
SDN 086 CIMINCRANG KOTA BANDUNG,-6.946,107.7048,JL. CILAMETA NO.1,2263724314
SDN 087 RANCABOLANG KOTA BANDUNG,-6.9501,107.6622,JL. RANCABOLANG INDAH NO.1,227514602
SDN 084 CIKADUT KOTA BANDUNG,-6.9027,107.6645,JL. JAMARAS 4 NO.101,2263731979
SDN 085 CIUMBULEUIT KOTA BANDUNG,-6.8633,107.6057,JL. BUKIT RAYA NO. 173,0
SDN 081 KEBON GEDANG KRIDAWINAYA KOTA BANDUNG,-6.9317,107.6394,JL. GUMURUH BELAKANG NO.37,2273514651
SDN 083 BABAKAN SURABAYA KOTA BANDUNG,-6.9199,107.6445,JL. H. IBRAHIM ADJIE NO. 159,227231541
SDN 082 MUARARAJEUN KOTA BANDUNG,-6.9024,107.6316,JL. MUARARAJEUN NO.26,0
SDN 080 BOJONG INDAH CIBUNTU KOTA BANDUNG,-6.9278,107.5809,JL. KAWAT NO. 1,20562854
SDN 079 KOPO PAJAGALAN KOTA BANDUNG,-6.9271,107.6013,JL. PASIRKOJA NO. 37,225222339
SDN 076 SUKAJADI KOTA BANDUNG,-6.8899,107.5971,JL. SUKAJADI NO. 138,64404578
SDN 078 SINDANGSARI ANTAPANI KOTA BANDUNG,-6.9062,107.6647,JL. SINDANGSARI 1,87722273706
SDN 072 SUKASARI KOTA BANDUNG,-6.8819,107.5786,JL. SARIWANGI NO. 1,0
SDN 077 SEJAHTERA KOTA BANDUNG,-6.89304,107.6010519,JL. SEJAHTERA NO. 12,64404377
SDN 073 PAJAGALAN KOTA BANDUNG,-6.9241,107.6007,JL. PAJAGALAN NO. 43,224265847
SDN 074 AYUDIA KOTA BANDUNG,-6.9088,107.589,JL. AYUDIA NO. 25,226029887
SDN 075 JATAYU KOTA BANDUNG,-6.9097,107.5836,JL. KOMUD SUPADIO NO.39A,2220569798
SDN 070 PASIRLUYU KOTA BANDUNG,-6.9397,107.6187,JL. PASIRLUYU NO.164/205A,0
SDN 067 NILEM KOTA BANDUNG,-6.936,107.6203,JL. NILEM NO.10,0
SDN 071 SUKAGALIH KOTA BANDUNG,-6.8927,107.5923,JL. SUKAGALIH NO.108,2042127
SDN 068 SINDANGLAYA KOTA BANDUNG,-6.9051,107.6806,JL. A.H. NASUTION KM.9 NO.15,2287883826
SDN 069 CIPAMOKOLAN DERWATI KOTA BANDUNG,-6.9651,107.683,JL. DERWATI NO. 40,22787309090
SDN 065 CIHAMPELAS KOTA BANDUNG,-6.8871,107.6041,JL. CIHAMPELAS NO. 280,222043935
SDN 066 HALIMUN KOTA BANDUNG,-6.9273,107.6249,JL. HALIMUN NO. 46,227333727
SDN 061 CIJERAH KOTA BANDUNG,-6.9217,107.5692,JL. CIJERAH NO. 122,226021985
SDN 062 CIUJUNG KOTA BANDUNG,-6.90704,107.629567,JL. LAPANGAN SUPRATMAN NO. 7,227274217
SDN 064 PADASUKA KOTA BANDUNG,-6.899,107.6608,JL. PADASUKA NO.90,81221027004
SDN 063 KEBON GEDANG KOTA BANDUNG,-6.928,107.6413,JL. KEBON GEDANG NO.82,81394024928
SDN 058 BABAKAN CIPARAY KOTA BANDUNG,-6.9484,107.5844,JL. CARINGIN GG. PORIB 3,0
SDN 059 CIRANGRANG KOTA BANDUNG,-6.9548,107.5827,"JL. K.H. WAHID HASYIM KOPO KM 5,5",2254433580
SDN 060 RAYA BARAT KOTA BANDUNG,-6.9186,107.5833,JL. JENDRAL SUDIRMAN NO. 587,2263001282
SDN 057 BINAHARAPAN KOTA BANDUNG,-6.9161,107.687,JL. GOLF SELATAN I NO.26,2287881269
SDN 055 JATIHANDAP KOTA BANDUNG,-6.8996,107.6576,JL. JATIHANDAP NO. 50,227211803
SDN 056 GARUDA DADALI KOTA BANDUNG,-6.9129,107.5773,JL. DADALI NO. 5,226071998
SDN 054 TIKUKUR KOTA BANDUNG,-6.8972,107.6217,JL. TITIMPLIK NO. 1,222504130
SDN 053 CISITU KOTA BANDUNG,-6.882,107.6094,JL. SANGKURIANG NO. 87,222513181
SDN 051 PASIRKALIKI KOTA BANDUNG,-6.9017,107.5967,JL. PASIRKALIKI BELAKANG NO.179,85294883002
SDN 052 CISARANTEN WETAN GEDEBAGE KOTA BANDUNG,-6.9408,107.6916,JL. RAYA GEDEBAGE NO. 17,2287885143
SDN 049 DURMAN KOTA BANDUNG,-6.9182,107.5999,JL. DURMAN NO. 30,4263818
SDN 048 SIRNAMANAH KOTA BANDUNG,-6.8883,107.5979,JL. SIRNAMANAH NO. 4,2264401171
SDN 046 SINDANGLAYA KOTA BANDUNG,-6.9037,107.6806,JL. ARCAMANIK NO. 28,227831419
SDN 047 BALONGGEDE KOTA BANDUNG,-6.9246,107.6075,JL. BALONGGEDE NO. 49,81220089933
SDN 050 CIBIRU KOTA BANDUNG,-6.9342,107.7214,"JL. A.H. NASUTION KM.14,5 CIBIRU",227814658
SDN 045 PASIRKALIKI KOTA BANDUNG,-6.8955,107.5611,JL. KARYA I NO. 18,226039134
SDN 041 CIBUNTU WARUNG MUNCANG KOTA BANDUNG,-6.9229,107.5739,JL. HOLIS - KPAD,226003560
SDN 042 GAMBIR KOTA BANDUNG,-6.9429,107.6412,JL. GAMBIR NO. 25,85900071587
SDN 040 PASAWAHAN KOTA BANDUNG,-6.9596,107.6133,JL. MOCHAMAD TOHA NO. 383,225224809
SDN 043 CIMUNCANG KOTA BANDUNG,-6.903,107.6481,JL. BABAKAN HAJI TAMIM NO.33,0
SDN 044 CICADAS AWIGOMBONG KOTA BANDUNG,-6.9077,107.6403,JL. ASEP BERLIAN NO.33,227217671
SDN 039 TEGALEGA KOTA BANDUNG,-6.9381,107.6032,JL. PELINDUNG HEWAN NO. 43,0
SDN 038 KIARACONDONG KOTA BANDUNG,-6.9334,107.643,JL. IBRAHIM ADJIE NO. 355,2273516118
SDN 034 PATRAKOMALA KOTA BANDUNG,-6.912,107.6214,JL. PATRAKOMALA NO.63,0
SDN 037 SABANG KOTA BANDUNG,-6.9082,107.620893,JL. SABANG NO. 2,227208209
SDN 035 SOKA KOTA BANDUNG,-6.9155,107.6289,JL. SOKA NO. 34,227202333
SDN 033 ASMI KOTA BANDUNG,-6.9295,107.608,JL. ASMI NO. 2,0
SDN 032 TILIL KOTA BANDUNG,-6.8982,107.6232,JL. PUYUH NO. 2,222532245
SDN 031 PELESIRAN KOTA BANDUNG,-6.8958,107.6075,JL. PELESIRAN NO. 36,2282520467
SDN 030 CIRATEUN KOTA BANDUNG,-6.8466,107.6014,JL. DR. SETIABUDHI KM.10 NO.5,222020367
SDN 036 UJUNGBERUNG KOTA BANDUNG,-6.9129,107.702,JL. CIGENDING NO. 3,8112261733
SDN 028 GUMURUH KOTA BANDUNG,-6.93,107.6372,JL. CIBANGKONG NO. 13,82127346565
SDN 029 CILENGKRANG KOTA BANDUNG,-6.9136,107.7197,JL. CILENGKRANG I NO.134,2287885183
SDN 027 CICADAS KOTA BANDUNG,-6.906,107.6436,JL. CIKUTRA NO.15,0
SDN 022 CICADAS KOTA BANDUNG,-6.9055,107.6441,JL. CIKUTRA NO. 58,0
SDN 026 BOJONGLOA KOTA BANDUNG,-6.9507,107.594,JL. CIBADUYUT RAYA NO.142/199C,0
SDN 024 COBLONG KOTA BANDUNG,-6.8795,107.6166,JL. IR. H. JUANDA NO. 304,0
SDN 025 CIKUTRA KOTA BANDUNG,-6.8934,107.6372,JL. CIKUTRA NO.326,0
SDN 021 CIPOREAT KOTA BANDUNG,-6.9174,107.7062,JL. A.H. NASUTION NO. 29,7831464
SDN 020 LENGKONG BESAR KOTA BANDUNG,-6.936,107.62,JL. LENGKONG BESAR NO.139,0
SDN 018 SUKAGALIH KOTA BANDUNG,-6.8961,107.6022,JL. SUKAGALIH NO. 69,222043130
SDN 017 SEKEJATI KOTA BANDUNG,-6.9405,107.653,JL. CIDURIAN UTARA NO.18,8.95339E+11
SDN 016 DR. CIPTO PAJAJARAN KOTA BANDUNG,-6.9067,107.5999,JL. PAJAJARAN NO.58 / DR. CIPTO NO.4,224265015
SDN 019 PABAKI KOTA BANDUNG,-6.92748,107.5959857,JL. PABAKI NO. 33,226074847
